Copyright 1986-2020 Xilinx, Inc. All Rights Reserved.
--------------------------------------------------------------------------------------------------------------------------------------------------------------------------------------------------------------------------------
| Tool Version : Vivado v.2020.1 (win64) Build 2902540 Wed May 27 19:54:49 MDT 2020
| Date         : Sat Jun 20 04:16:18 2026
| Host         : LAPTOP-SQ1PBBIP running 64-bit major release  (build 9200)
| Command      : report_timing_summary -delay_type min_max -report_unconstrained -check_timing_verbose -max_paths 10 -input_pins -file D:/FPGA_ViT_MLP256_Build/zynq_vit_qkv_system/reports_mlp256_u16_rev25/timing_summary.rpt
| Design       : design_1_wrapper
| Device       : 7z020-clg400
| Speed File   : -1  PRODUCTION 1.12 2019-11-22
--------------------------------------------------------------------------------------------------------------------------------------------------------------------------------------------------------------------------------

Timing Summary Report

------------------------------------------------------------------------------------------------
| Timer Settings
| --------------
------------------------------------------------------------------------------------------------

  Enable Multi Corner Analysis               :  Yes
  Enable Pessimism Removal                   :  Yes
  Pessimism Removal Resolution               :  Nearest Common Node
  Enable Input Delay Default Clock           :  No
  Enable Preset / Clear Arcs                 :  No
  Disable Flight Delays                      :  No
  Ignore I/O Paths                           :  No
  Timing Early Launch at Borrowing Latches   :  No
  Borrow Time for Max Delay Exceptions       :  Yes
  Merge Timing Exceptions                    :  Yes

  Corner  Analyze    Analyze    
  Name    Max Paths  Min Paths  
  ------  ---------  ---------  
  Slow    Yes        Yes        
  Fast    Yes        Yes        



check_timing report

Table of Contents
-----------------
1. checking no_clock (0)
2. checking constant_clock (0)
3. checking pulse_width_clock (0)
4. checking unconstrained_internal_endpoints (0)
5. checking no_input_delay (0)
6. checking no_output_delay (0)
7. checking multiple_clock (0)
8. checking generated_clocks (0)
9. checking loops (0)
10. checking partial_input_delay (0)
11. checking partial_output_delay (0)
12. checking latch_loops (0)

1. checking no_clock (0)
------------------------
 There are 0 register/latch pins with no clock.


2. checking constant_clock (0)
------------------------------
 There are 0 register/latch pins with constant_clock.


3. checking pulse_width_clock (0)
---------------------------------
 There are 0 register/latch pins which need pulse_width check


4. checking unconstrained_internal_endpoints (0)
------------------------------------------------
 There are 0 pins that are not constrained for maximum delay.

 There are 0 pins that are not constrained for maximum delay due to constant clock.


5. checking no_input_delay (0)
------------------------------
 There are 0 input ports with no input delay specified.

 There are 0 input ports with no input delay but user has a false path constraint.


6. checking no_output_delay (0)
-------------------------------
 There are 0 ports with no output delay specified.

 There are 0 ports with no output delay but user has a false path constraint

 There are 0 ports with no output delay but with a timing clock defined on it or propagating through it


7. checking multiple_clock (0)
------------------------------
 There are 0 register/latch pins with multiple clocks.


8. checking generated_clocks (0)
--------------------------------
 There are 0 generated clocks that are not connected to a clock source.


9. checking loops (0)
---------------------
 There are 0 combinational loops in the design.


10. checking partial_input_delay (0)
------------------------------------
 There are 0 input ports with partial input delay specified.


11. checking partial_output_delay (0)
-------------------------------------
 There are 0 ports with partial output delay specified.


12. checking latch_loops (0)
----------------------------
 There are 0 combinational latch loops in the design through latch input



------------------------------------------------------------------------------------------------
| Design Timing Summary
| ---------------------
------------------------------------------------------------------------------------------------

    WNS(ns)      TNS(ns)  TNS Failing Endpoints  TNS Total Endpoints      WHS(ns)      THS(ns)  THS Failing Endpoints  THS Total Endpoints     WPWS(ns)     TPWS(ns)  TPWS Failing Endpoints  TPWS Total Endpoints  
    -------      -------  ---------------------  -------------------      -------      -------  ---------------------  -------------------     --------     --------  ----------------------  --------------------  
      2.458        0.000                      0                81988        0.013        0.000                      0                81988        6.750        0.000                       0                 37945  


All user specified timing constraints are met.


------------------------------------------------------------------------------------------------
| Clock Summary
| -------------
------------------------------------------------------------------------------------------------

Clock       Waveform(ns)       Period(ns)      Frequency(MHz)
-----       ------------       ----------      --------------
clk_fpga_0  {0.000 8.000}      16.000          62.500          


------------------------------------------------------------------------------------------------
| Intra Clock Table
| -----------------
------------------------------------------------------------------------------------------------

Clock             WNS(ns)      TNS(ns)  TNS Failing Endpoints  TNS Total Endpoints      WHS(ns)      THS(ns)  THS Failing Endpoints  THS Total Endpoints     WPWS(ns)     TPWS(ns)  TPWS Failing Endpoints  TPWS Total Endpoints  
-----             -------      -------  ---------------------  -------------------      -------      -------  ---------------------  -------------------     --------     --------  ----------------------  --------------------  
clk_fpga_0          2.458        0.000                      0                81892        0.013        0.000                      0                81892        6.750        0.000                       0                 37945  


------------------------------------------------------------------------------------------------
| Inter Clock Table
| -----------------
------------------------------------------------------------------------------------------------

From Clock    To Clock          WNS(ns)      TNS(ns)  TNS Failing Endpoints  TNS Total Endpoints      WHS(ns)      THS(ns)  THS Failing Endpoints  THS Total Endpoints  
----------    --------          -------      -------  ---------------------  -------------------      -------      -------  ---------------------  -------------------  


------------------------------------------------------------------------------------------------
| Other Path Groups Table
| -----------------------
------------------------------------------------------------------------------------------------

Path Group         From Clock         To Clock               WNS(ns)      TNS(ns)  TNS Failing Endpoints  TNS Total Endpoints      WHS(ns)      THS(ns)  THS Failing Endpoints  THS Total Endpoints  
----------         ----------         --------               -------      -------  ---------------------  -------------------      -------      -------  ---------------------  -------------------  
**async_default**  clk_fpga_0         clk_fpga_0              12.523        0.000                      0                   96        0.568        0.000                      0                   96  


------------------------------------------------------------------------------------------------
| User Ignored Path Table
| -----------------------
------------------------------------------------------------------------------------------------

Path Group    From Clock    To Clock    
----------    ----------    --------    
(none)                      clk_fpga_0    
(none)        clk_fpga_0    clk_fpga_0    


------------------------------------------------------------------------------------------------
| Unconstrained Path Table
| ------------------------
------------------------------------------------------------------------------------------------

Path Group    From Clock    To Clock    
----------    ----------    --------    
(none)                      clk_fpga_0    


------------------------------------------------------------------------------------------------
| Timing Details
| --------------
------------------------------------------------------------------------------------------------


---------------------------------------------------------------------------------------------------
From Clock:  clk_fpga_0
  To Clock:  clk_fpga_0

Setup :            0  Failing Endpoints,  Worst Slack        2.458ns,  Total Violation        0.000ns
Hold  :            0  Failing Endpoints,  Worst Slack        0.013ns,  Total Violation        0.000ns
PW    :            0  Failing Endpoints,  Worst Slack        6.750ns,  Total Violation        0.000ns
---------------------------------------------------------------------------------------------------


Max Delay Paths
--------------------------------------------------------------------------------------
Slack (MET) :             2.458ns  (required time - arrival time)
  Source:                 design_1_i/vit_tlayer_fused_0/inst/fmul_32ns_32ns_32_3_max_dsp_1_U97/din0_buf1_reg[19]/C
                            (rising edge-triggered cell FDRE clocked by clk_fpga_0  {rise@0.000ns fall@8.000ns period=16.000ns})
  Destination:            design_1_i/vit_tlayer_fused_0/inst/fmul_32ns_32ns_32_3_max_dsp_1_U97/vit_transformer_layer_fused_ap_fmul_1_max_dsp_32_u/U0/i_synth/MULT.OP/i_non_prim.OP/RESULT_REG.NORMAL.mant_op_reg[0]/R
                            (rising edge-triggered cell FDRE clocked by clk_fpga_0  {rise@0.000ns fall@8.000ns period=16.000ns})
  Path Group:             clk_fpga_0
  Path Type:              Setup (Max at Slow Process Corner)
  Requirement:            16.000ns  (clk_fpga_0 rise@16.000ns - clk_fpga_0 rise@0.000ns)
  Data Path Delay:        12.560ns  (logic 6.520ns (51.912%)  route 6.040ns (48.088%))
  Logic Levels:           5  (DSP48E1=2 LUT2=1 LUT4=1 LUT6=1)
  Clock Path Skew:        -0.216ns (DCD - SCD + CPR)
    Destination Clock Delay (DCD):    2.674ns = ( 18.674 - 16.000 ) 
    Source Clock Delay      (SCD):    3.005ns
    Clock Pessimism Removal (CPR):    0.115ns
  Clock Uncertainty:      0.243ns  ((TSJ^2 + TIJ^2)^1/2 + DJ) / 2 + PE
    Total System Jitter     (TSJ):    0.071ns
    Total Input Jitter      (TIJ):    0.480ns
    Discrete Jitter          (DJ):    0.000ns
    Phase Error              (PE):    0.000ns

    Location             Delay type                Incr(ns)  Path(ns)    Netlist Resource(s)
  -------------------------------------------------------------------    -------------------
                         (clock clk_fpga_0 rise edge)
                                                      0.000     0.000 r  
    PS7_X0Y0             PS7                          0.000     0.000 r  design_1_i/processing_system7_0/inst/PS7_i/FCLKCLK[0]
                         net (fo=1, routed)           1.193     1.193    design_1_i/processing_system7_0/inst/FCLK_CLK_unbuffered[0]
    BUFGCTRL_X0Y16                                                    r  design_1_i/processing_system7_0/inst/buffer_fclk_clk_0.FCLK_CLK_0_BUFG/I
    BUFGCTRL_X0Y16       BUFG (Prop_bufg_I_O)         0.101     1.294 r  design_1_i/processing_system7_0/inst/buffer_fclk_clk_0.FCLK_CLK_0_BUFG/O
                         net (fo=38067, routed)       1.711     3.005    design_1_i/vit_tlayer_fused_0/inst/fmul_32ns_32ns_32_3_max_dsp_1_U97/ap_clk
    SLICE_X61Y61         FDRE                                         r  design_1_i/vit_tlayer_fused_0/inst/fmul_32ns_32ns_32_3_max_dsp_1_U97/din0_buf1_reg[19]/C
  -------------------------------------------------------------------    -------------------
    SLICE_X61Y61         FDRE (Prop_fdre_C_Q)         0.419     3.424 r  design_1_i/vit_tlayer_fused_0/inst/fmul_32ns_32ns_32_3_max_dsp_1_U97/din0_buf1_reg[19]/Q
                         net (fo=2, routed)           1.788     5.212    design_1_i/vit_tlayer_fused_0/inst/fmul_32ns_32ns_32_3_max_dsp_1_U97/vit_transformer_layer_fused_ap_fmul_1_max_dsp_32_u/U0/i_synth/MULT.OP/i_non_prim.MULT/DSP48E1_SPD_SGL_VARIANT.FIX_MULT/DSP1/s_axis_a_tdata[19]
    DSP48_X2Y17                                                       r  design_1_i/vit_tlayer_fused_0/inst/fmul_32ns_32ns_32_3_max_dsp_1_U97/vit_transformer_layer_fused_ap_fmul_1_max_dsp_32_u/U0/i_synth/MULT.OP/i_non_prim.MULT/DSP48E1_SPD_SGL_VARIANT.FIX_MULT/DSP1/i_no_versal_es1_workaround.DSP/A[19]
    DSP48_X2Y17          DSP48E1 (Prop_dsp48e1_A[19]_PCOUT[47])
                                                      4.211     9.423 r  design_1_i/vit_tlayer_fused_0/inst/fmul_32ns_32ns_32_3_max_dsp_1_U97/vit_transformer_layer_fused_ap_fmul_1_max_dsp_32_u/U0/i_synth/MULT.OP/i_non_prim.MULT/DSP48E1_SPD_SGL_VARIANT.FIX_MULT/DSP1/i_no_versal_es1_workaround.DSP/PCOUT[47]
                         net (fo=1, routed)           0.002     9.425    design_1_i/vit_tlayer_fused_0/inst/fmul_32ns_32ns_32_3_max_dsp_1_U97/vit_transformer_layer_fused_ap_fmul_1_max_dsp_32_u/U0/i_synth/MULT.OP/i_non_prim.MULT/DSP48E1_SPD_SGL_VARIANT.FIX_MULT/DSP2/PCOUT[47]
    DSP48_X2Y18                                                       r  design_1_i/vit_tlayer_fused_0/inst/fmul_32ns_32ns_32_3_max_dsp_1_U97/vit_transformer_layer_fused_ap_fmul_1_max_dsp_32_u/U0/i_synth/MULT.OP/i_non_prim.MULT/DSP48E1_SPD_SGL_VARIANT.FIX_MULT/DSP2/i_no_versal_es1_workaround.DSP/PCIN[47]
    DSP48_X2Y18          DSP48E1 (Prop_dsp48e1_PCIN[47]_P[30])
                                                      1.518    10.943 r  design_1_i/vit_tlayer_fused_0/inst/fmul_32ns_32ns_32_3_max_dsp_1_U97/vit_transformer_layer_fused_ap_fmul_1_max_dsp_32_u/U0/i_synth/MULT.OP/i_non_prim.MULT/DSP48E1_SPD_SGL_VARIANT.FIX_MULT/DSP2/i_no_versal_es1_workaround.DSP/P[30]
                         net (fo=30, routed)          1.610    12.553    design_1_i/vit_tlayer_fused_0/inst/fmul_32ns_32ns_32_3_max_dsp_1_U97/vit_transformer_layer_fused_ap_fmul_1_max_dsp_32_u/U0/i_synth/MULT.OP/i_non_prim.EXP/EXP_ADD.C_CHAIN/RESULT[0]
    SLICE_X57Y54                                                      r  design_1_i/vit_tlayer_fused_0/inst/fmul_32ns_32ns_32_3_max_dsp_1_U97/vit_transformer_layer_fused_ap_fmul_1_max_dsp_32_u/U0/i_synth/MULT.OP/i_non_prim.EXP/EXP_ADD.C_CHAIN/RESULT_REG.NORMAL.exp_op[7]_i_10/I1
    SLICE_X57Y54         LUT4 (Prop_lut4_I1_O)        0.124    12.677 r  design_1_i/vit_tlayer_fused_0/inst/fmul_32ns_32ns_32_3_max_dsp_1_U97/vit_transformer_layer_fused_ap_fmul_1_max_dsp_32_u/U0/i_synth/MULT.OP/i_non_prim.EXP/EXP_ADD.C_CHAIN/RESULT_REG.NORMAL.exp_op[7]_i_10/O
                         net (fo=2, routed)           0.441    13.118    design_1_i/vit_tlayer_fused_0/inst/fmul_32ns_32ns_32_3_max_dsp_1_U97/vit_transformer_layer_fused_ap_fmul_1_max_dsp_32_u/U0/i_synth/MULT.OP/i_non_prim.EXP/EXP_ADD.C_CHAIN/state_int_up1__0
    SLICE_X56Y54                                                      r  design_1_i/vit_tlayer_fused_0/inst/fmul_32ns_32ns_32_3_max_dsp_1_U97/vit_transformer_layer_fused_ap_fmul_1_max_dsp_32_u/U0/i_synth/MULT.OP/i_non_prim.EXP/EXP_ADD.C_CHAIN/RESULT_REG.NORMAL.exp_op[7]_i_3/I1
    SLICE_X56Y54         LUT6 (Prop_lut6_I1_O)        0.124    13.242 r  design_1_i/vit_tlayer_fused_0/inst/fmul_32ns_32ns_32_3_max_dsp_1_U97/vit_transformer_layer_fused_ap_fmul_1_max_dsp_32_u/U0/i_synth/MULT.OP/i_non_prim.EXP/EXP_ADD.C_CHAIN/RESULT_REG.NORMAL.exp_op[7]_i_3/O
                         net (fo=11, routed)          0.832    14.074    design_1_i/vit_tlayer_fused_0/inst/fmul_32ns_32ns_32_3_max_dsp_1_U97/vit_transformer_layer_fused_ap_fmul_1_max_dsp_32_u/U0/i_synth/MULT.OP/i_non_prim.EXP/EXP_ADD.C_CHAIN/i_no_versal_es1_workaround.DSP_0
    SLICE_X56Y53                                                      r  design_1_i/vit_tlayer_fused_0/inst/fmul_32ns_32ns_32_3_max_dsp_1_U97/vit_transformer_layer_fused_ap_fmul_1_max_dsp_32_u/U0/i_synth/MULT.OP/i_non_prim.EXP/EXP_ADD.C_CHAIN/RESULT_REG.NORMAL.mant_op[21]_i_1/I0
    SLICE_X56Y53         LUT2 (Prop_lut2_I0_O)        0.124    14.198 r  design_1_i/vit_tlayer_fused_0/inst/fmul_32ns_32ns_32_3_max_dsp_1_U97/vit_transformer_layer_fused_ap_fmul_1_max_dsp_32_u/U0/i_synth/MULT.OP/i_non_prim.EXP/EXP_ADD.C_CHAIN/RESULT_REG.NORMAL.mant_op[21]_i_1/O
                         net (fo=22, routed)          1.367    15.565    design_1_i/vit_tlayer_fused_0/inst/fmul_32ns_32ns_32_3_max_dsp_1_U97/vit_transformer_layer_fused_ap_fmul_1_max_dsp_32_u/U0/i_synth/MULT.OP/i_non_prim.OP/state_op[1]
    SLICE_X36Y46         FDRE                                         r  design_1_i/vit_tlayer_fused_0/inst/fmul_32ns_32ns_32_3_max_dsp_1_U97/vit_transformer_layer_fused_ap_fmul_1_max_dsp_32_u/U0/i_synth/MULT.OP/i_non_prim.OP/RESULT_REG.NORMAL.mant_op_reg[0]/R
  -------------------------------------------------------------------    -------------------

                         (clock clk_fpga_0 rise edge)
                                                     16.000    16.000 r  
    PS7_X0Y0             PS7                          0.000    16.000 r  design_1_i/processing_system7_0/inst/PS7_i/FCLKCLK[0]
                         net (fo=1, routed)           1.088    17.088    design_1_i/processing_system7_0/inst/FCLK_CLK_unbuffered[0]
    BUFGCTRL_X0Y16                                                    r  design_1_i/processing_system7_0/inst/buffer_fclk_clk_0.FCLK_CLK_0_BUFG/I
    BUFGCTRL_X0Y16       BUFG (Prop_bufg_I_O)         0.091    17.179 r  design_1_i/processing_system7_0/inst/buffer_fclk_clk_0.FCLK_CLK_0_BUFG/O
                         net (fo=38067, routed)       1.495    18.674    design_1_i/vit_tlayer_fused_0/inst/fmul_32ns_32ns_32_3_max_dsp_1_U97/vit_transformer_layer_fused_ap_fmul_1_max_dsp_32_u/U0/i_synth/MULT.OP/i_non_prim.OP/aclk
    SLICE_X36Y46         FDRE                                         r  design_1_i/vit_tlayer_fused_0/inst/fmul_32ns_32ns_32_3_max_dsp_1_U97/vit_transformer_layer_fused_ap_fmul_1_max_dsp_32_u/U0/i_synth/MULT.OP/i_non_prim.OP/RESULT_REG.NORMAL.mant_op_reg[0]/C
                         clock pessimism              0.115    18.789    
                         clock uncertainty           -0.243    18.547    
    SLICE_X36Y46         FDRE (Setup_fdre_C_R)       -0.524    18.023    design_1_i/vit_tlayer_fused_0/inst/fmul_32ns_32ns_32_3_max_dsp_1_U97/vit_transformer_layer_fused_ap_fmul_1_max_dsp_32_u/U0/i_synth/MULT.OP/i_non_prim.OP/RESULT_REG.NORMAL.mant_op_reg[0]
  -------------------------------------------------------------------
                         required time                         18.023    
                         arrival time                         -15.565    
  -------------------------------------------------------------------
                         slack                                  2.458    

Slack (MET) :             2.547ns  (required time - arrival time)
  Source:                 design_1_i/vit_tlayer_fused_0/inst/fmul_32ns_32ns_32_3_max_dsp_1_U97/din0_buf1_reg[19]/C
                            (rising edge-triggered cell FDRE clocked by clk_fpga_0  {rise@0.000ns fall@8.000ns period=16.000ns})
  Destination:            design_1_i/vit_tlayer_fused_0/inst/fmul_32ns_32ns_32_3_max_dsp_1_U97/vit_transformer_layer_fused_ap_fmul_1_max_dsp_32_u/U0/i_synth/MULT.OP/i_non_prim.OP/RESULT_REG.NORMAL.mant_op_reg[18]/R
                            (rising edge-triggered cell FDRE clocked by clk_fpga_0  {rise@0.000ns fall@8.000ns period=16.000ns})
  Path Group:             clk_fpga_0
  Path Type:              Setup (Max at Slow Process Corner)
  Requirement:            16.000ns  (clk_fpga_0 rise@16.000ns - clk_fpga_0 rise@0.000ns)
  Data Path Delay:        12.471ns  (logic 6.520ns (52.281%)  route 5.951ns (47.719%))
  Logic Levels:           5  (DSP48E1=2 LUT2=1 LUT4=1 LUT6=1)
  Clock Path Skew:        -0.216ns (DCD - SCD + CPR)
    Destination Clock Delay (DCD):    2.674ns = ( 18.674 - 16.000 ) 
    Source Clock Delay      (SCD):    3.005ns
    Clock Pessimism Removal (CPR):    0.115ns
  Clock Uncertainty:      0.243ns  ((TSJ^2 + TIJ^2)^1/2 + DJ) / 2 + PE
    Total System Jitter     (TSJ):    0.071ns
    Total Input Jitter      (TIJ):    0.480ns
    Discrete Jitter          (DJ):    0.000ns
    Phase Error              (PE):    0.000ns

    Location             Delay type                Incr(ns)  Path(ns)    Netlist Resource(s)
  -------------------------------------------------------------------    -------------------
                         (clock clk_fpga_0 rise edge)
                                                      0.000     0.000 r  
    PS7_X0Y0             PS7                          0.000     0.000 r  design_1_i/processing_system7_0/inst/PS7_i/FCLKCLK[0]
                         net (fo=1, routed)           1.193     1.193    design_1_i/processing_system7_0/inst/FCLK_CLK_unbuffered[0]
    BUFGCTRL_X0Y16                                                    r  design_1_i/processing_system7_0/inst/buffer_fclk_clk_0.FCLK_CLK_0_BUFG/I
    BUFGCTRL_X0Y16       BUFG (Prop_bufg_I_O)         0.101     1.294 r  design_1_i/processing_system7_0/inst/buffer_fclk_clk_0.FCLK_CLK_0_BUFG/O
                         net (fo=38067, routed)       1.711     3.005    design_1_i/vit_tlayer_fused_0/inst/fmul_32ns_32ns_32_3_max_dsp_1_U97/ap_clk
    SLICE_X61Y61         FDRE                                         r  design_1_i/vit_tlayer_fused_0/inst/fmul_32ns_32ns_32_3_max_dsp_1_U97/din0_buf1_reg[19]/C
  -------------------------------------------------------------------    -------------------
    SLICE_X61Y61         FDRE (Prop_fdre_C_Q)         0.419     3.424 r  design_1_i/vit_tlayer_fused_0/inst/fmul_32ns_32ns_32_3_max_dsp_1_U97/din0_buf1_reg[19]/Q
                         net (fo=2, routed)           1.788     5.212    design_1_i/vit_tlayer_fused_0/inst/fmul_32ns_32ns_32_3_max_dsp_1_U97/vit_transformer_layer_fused_ap_fmul_1_max_dsp_32_u/U0/i_synth/MULT.OP/i_non_prim.MULT/DSP48E1_SPD_SGL_VARIANT.FIX_MULT/DSP1/s_axis_a_tdata[19]
    DSP48_X2Y17                                                       r  design_1_i/vit_tlayer_fused_0/inst/fmul_32ns_32ns_32_3_max_dsp_1_U97/vit_transformer_layer_fused_ap_fmul_1_max_dsp_32_u/U0/i_synth/MULT.OP/i_non_prim.MULT/DSP48E1_SPD_SGL_VARIANT.FIX_MULT/DSP1/i_no_versal_es1_workaround.DSP/A[19]
    DSP48_X2Y17          DSP48E1 (Prop_dsp48e1_A[19]_PCOUT[47])
                                                      4.211     9.423 r  design_1_i/vit_tlayer_fused_0/inst/fmul_32ns_32ns_32_3_max_dsp_1_U97/vit_transformer_layer_fused_ap_fmul_1_max_dsp_32_u/U0/i_synth/MULT.OP/i_non_prim.MULT/DSP48E1_SPD_SGL_VARIANT.FIX_MULT/DSP1/i_no_versal_es1_workaround.DSP/PCOUT[47]
                         net (fo=1, routed)           0.002     9.425    design_1_i/vit_tlayer_fused_0/inst/fmul_32ns_32ns_32_3_max_dsp_1_U97/vit_transformer_layer_fused_ap_fmul_1_max_dsp_32_u/U0/i_synth/MULT.OP/i_non_prim.MULT/DSP48E1_SPD_SGL_VARIANT.FIX_MULT/DSP2/PCOUT[47]
    DSP48_X2Y18                                                       r  design_1_i/vit_tlayer_fused_0/inst/fmul_32ns_32ns_32_3_max_dsp_1_U97/vit_transformer_layer_fused_ap_fmul_1_max_dsp_32_u/U0/i_synth/MULT.OP/i_non_prim.MULT/DSP48E1_SPD_SGL_VARIANT.FIX_MULT/DSP2/i_no_versal_es1_workaround.DSP/PCIN[47]
    DSP48_X2Y18          DSP48E1 (Prop_dsp48e1_PCIN[47]_P[30])
                                                      1.518    10.943 r  design_1_i/vit_tlayer_fused_0/inst/fmul_32ns_32ns_32_3_max_dsp_1_U97/vit_transformer_layer_fused_ap_fmul_1_max_dsp_32_u/U0/i_synth/MULT.OP/i_non_prim.MULT/DSP48E1_SPD_SGL_VARIANT.FIX_MULT/DSP2/i_no_versal_es1_workaround.DSP/P[30]
                         net (fo=30, routed)          1.610    12.553    design_1_i/vit_tlayer_fused_0/inst/fmul_32ns_32ns_32_3_max_dsp_1_U97/vit_transformer_layer_fused_ap_fmul_1_max_dsp_32_u/U0/i_synth/MULT.OP/i_non_prim.EXP/EXP_ADD.C_CHAIN/RESULT[0]
    SLICE_X57Y54                                                      r  design_1_i/vit_tlayer_fused_0/inst/fmul_32ns_32ns_32_3_max_dsp_1_U97/vit_transformer_layer_fused_ap_fmul_1_max_dsp_32_u/U0/i_synth/MULT.OP/i_non_prim.EXP/EXP_ADD.C_CHAIN/RESULT_REG.NORMAL.exp_op[7]_i_10/I1
    SLICE_X57Y54         LUT4 (Prop_lut4_I1_O)        0.124    12.677 r  design_1_i/vit_tlayer_fused_0/inst/fmul_32ns_32ns_32_3_max_dsp_1_U97/vit_transformer_layer_fused_ap_fmul_1_max_dsp_32_u/U0/i_synth/MULT.OP/i_non_prim.EXP/EXP_ADD.C_CHAIN/RESULT_REG.NORMAL.exp_op[7]_i_10/O
                         net (fo=2, routed)           0.441    13.118    design_1_i/vit_tlayer_fused_0/inst/fmul_32ns_32ns_32_3_max_dsp_1_U97/vit_transformer_layer_fused_ap_fmul_1_max_dsp_32_u/U0/i_synth/MULT.OP/i_non_prim.EXP/EXP_ADD.C_CHAIN/state_int_up1__0
    SLICE_X56Y54                                                      r  design_1_i/vit_tlayer_fused_0/inst/fmul_32ns_32ns_32_3_max_dsp_1_U97/vit_transformer_layer_fused_ap_fmul_1_max_dsp_32_u/U0/i_synth/MULT.OP/i_non_prim.EXP/EXP_ADD.C_CHAIN/RESULT_REG.NORMAL.exp_op[7]_i_3/I1
    SLICE_X56Y54         LUT6 (Prop_lut6_I1_O)        0.124    13.242 r  design_1_i/vit_tlayer_fused_0/inst/fmul_32ns_32ns_32_3_max_dsp_1_U97/vit_transformer_layer_fused_ap_fmul_1_max_dsp_32_u/U0/i_synth/MULT.OP/i_non_prim.EXP/EXP_ADD.C_CHAIN/RESULT_REG.NORMAL.exp_op[7]_i_3/O
                         net (fo=11, routed)          0.832    14.074    design_1_i/vit_tlayer_fused_0/inst/fmul_32ns_32ns_32_3_max_dsp_1_U97/vit_transformer_layer_fused_ap_fmul_1_max_dsp_32_u/U0/i_synth/MULT.OP/i_non_prim.EXP/EXP_ADD.C_CHAIN/i_no_versal_es1_workaround.DSP_0
    SLICE_X56Y53                                                      r  design_1_i/vit_tlayer_fused_0/inst/fmul_32ns_32ns_32_3_max_dsp_1_U97/vit_transformer_layer_fused_ap_fmul_1_max_dsp_32_u/U0/i_synth/MULT.OP/i_non_prim.EXP/EXP_ADD.C_CHAIN/RESULT_REG.NORMAL.mant_op[21]_i_1/I0
    SLICE_X56Y53         LUT2 (Prop_lut2_I0_O)        0.124    14.198 r  design_1_i/vit_tlayer_fused_0/inst/fmul_32ns_32ns_32_3_max_dsp_1_U97/vit_transformer_layer_fused_ap_fmul_1_max_dsp_32_u/U0/i_synth/MULT.OP/i_non_prim.EXP/EXP_ADD.C_CHAIN/RESULT_REG.NORMAL.mant_op[21]_i_1/O
                         net (fo=22, routed)          1.278    15.476    design_1_i/vit_tlayer_fused_0/inst/fmul_32ns_32ns_32_3_max_dsp_1_U97/vit_transformer_layer_fused_ap_fmul_1_max_dsp_32_u/U0/i_synth/MULT.OP/i_non_prim.OP/state_op[1]
    SLICE_X36Y45         FDRE                                         r  design_1_i/vit_tlayer_fused_0/inst/fmul_32ns_32ns_32_3_max_dsp_1_U97/vit_transformer_layer_fused_ap_fmul_1_max_dsp_32_u/U0/i_synth/MULT.OP/i_non_prim.OP/RESULT_REG.NORMAL.mant_op_reg[18]/R
  -------------------------------------------------------------------    -------------------

                         (clock clk_fpga_0 rise edge)
                                                     16.000    16.000 r  
    PS7_X0Y0             PS7                          0.000    16.000 r  design_1_i/processing_system7_0/inst/PS7_i/FCLKCLK[0]
                         net (fo=1, routed)           1.088    17.088    design_1_i/processing_system7_0/inst/FCLK_CLK_unbuffered[0]
    BUFGCTRL_X0Y16                                                    r  design_1_i/processing_system7_0/inst/buffer_fclk_clk_0.FCLK_CLK_0_BUFG/I
    BUFGCTRL_X0Y16       BUFG (Prop_bufg_I_O)         0.091    17.179 r  design_1_i/processing_system7_0/inst/buffer_fclk_clk_0.FCLK_CLK_0_BUFG/O
                         net (fo=38067, routed)       1.495    18.674    design_1_i/vit_tlayer_fused_0/inst/fmul_32ns_32ns_32_3_max_dsp_1_U97/vit_transformer_layer_fused_ap_fmul_1_max_dsp_32_u/U0/i_synth/MULT.OP/i_non_prim.OP/aclk
    SLICE_X36Y45         FDRE                                         r  design_1_i/vit_tlayer_fused_0/inst/fmul_32ns_32ns_32_3_max_dsp_1_U97/vit_transformer_layer_fused_ap_fmul_1_max_dsp_32_u/U0/i_synth/MULT.OP/i_non_prim.OP/RESULT_REG.NORMAL.mant_op_reg[18]/C
                         clock pessimism              0.115    18.789    
                         clock uncertainty           -0.243    18.547    
    SLICE_X36Y45         FDRE (Setup_fdre_C_R)       -0.524    18.023    design_1_i/vit_tlayer_fused_0/inst/fmul_32ns_32ns_32_3_max_dsp_1_U97/vit_transformer_layer_fused_ap_fmul_1_max_dsp_32_u/U0/i_synth/MULT.OP/i_non_prim.OP/RESULT_REG.NORMAL.mant_op_reg[18]
  -------------------------------------------------------------------
                         required time                         18.023    
                         arrival time                         -15.476    
  -------------------------------------------------------------------
                         slack                                  2.547    

Slack (MET) :             2.547ns  (required time - arrival time)
  Source:                 design_1_i/vit_tlayer_fused_0/inst/fmul_32ns_32ns_32_3_max_dsp_1_U97/din0_buf1_reg[19]/C
                            (rising edge-triggered cell FDRE clocked by clk_fpga_0  {rise@0.000ns fall@8.000ns period=16.000ns})
  Destination:            design_1_i/vit_tlayer_fused_0/inst/fmul_32ns_32ns_32_3_max_dsp_1_U97/vit_transformer_layer_fused_ap_fmul_1_max_dsp_32_u/U0/i_synth/MULT.OP/i_non_prim.OP/RESULT_REG.NORMAL.mant_op_reg[19]/R
                            (rising edge-triggered cell FDRE clocked by clk_fpga_0  {rise@0.000ns fall@8.000ns period=16.000ns})
  Path Group:             clk_fpga_0
  Path Type:              Setup (Max at Slow Process Corner)
  Requirement:            16.000ns  (clk_fpga_0 rise@16.000ns - clk_fpga_0 rise@0.000ns)
  Data Path Delay:        12.471ns  (logic 6.520ns (52.281%)  route 5.951ns (47.719%))
  Logic Levels:           5  (DSP48E1=2 LUT2=1 LUT4=1 LUT6=1)
  Clock Path Skew:        -0.216ns (DCD - SCD + CPR)
    Destination Clock Delay (DCD):    2.674ns = ( 18.674 - 16.000 ) 
    Source Clock Delay      (SCD):    3.005ns
    Clock Pessimism Removal (CPR):    0.115ns
  Clock Uncertainty:      0.243ns  ((TSJ^2 + TIJ^2)^1/2 + DJ) / 2 + PE
    Total System Jitter     (TSJ):    0.071ns
    Total Input Jitter      (TIJ):    0.480ns
    Discrete Jitter          (DJ):    0.000ns
    Phase Error              (PE):    0.000ns

    Location             Delay type                Incr(ns)  Path(ns)    Netlist Resource(s)
  -------------------------------------------------------------------    -------------------
                         (clock clk_fpga_0 rise edge)
                                                      0.000     0.000 r  
    PS7_X0Y0             PS7                          0.000     0.000 r  design_1_i/processing_system7_0/inst/PS7_i/FCLKCLK[0]
                         net (fo=1, routed)           1.193     1.193    design_1_i/processing_system7_0/inst/FCLK_CLK_unbuffered[0]
    BUFGCTRL_X0Y16                                                    r  design_1_i/processing_system7_0/inst/buffer_fclk_clk_0.FCLK_CLK_0_BUFG/I
    BUFGCTRL_X0Y16       BUFG (Prop_bufg_I_O)         0.101     1.294 r  design_1_i/processing_system7_0/inst/buffer_fclk_clk_0.FCLK_CLK_0_BUFG/O
                         net (fo=38067, routed)       1.711     3.005    design_1_i/vit_tlayer_fused_0/inst/fmul_32ns_32ns_32_3_max_dsp_1_U97/ap_clk
    SLICE_X61Y61         FDRE                                         r  design_1_i/vit_tlayer_fused_0/inst/fmul_32ns_32ns_32_3_max_dsp_1_U97/din0_buf1_reg[19]/C
  -------------------------------------------------------------------    -------------------
    SLICE_X61Y61         FDRE (Prop_fdre_C_Q)         0.419     3.424 r  design_1_i/vit_tlayer_fused_0/inst/fmul_32ns_32ns_32_3_max_dsp_1_U97/din0_buf1_reg[19]/Q
                         net (fo=2, routed)           1.788     5.212    design_1_i/vit_tlayer_fused_0/inst/fmul_32ns_32ns_32_3_max_dsp_1_U97/vit_transformer_layer_fused_ap_fmul_1_max_dsp_32_u/U0/i_synth/MULT.OP/i_non_prim.MULT/DSP48E1_SPD_SGL_VARIANT.FIX_MULT/DSP1/s_axis_a_tdata[19]
    DSP48_X2Y17                                                       r  design_1_i/vit_tlayer_fused_0/inst/fmul_32ns_32ns_32_3_max_dsp_1_U97/vit_transformer_layer_fused_ap_fmul_1_max_dsp_32_u/U0/i_synth/MULT.OP/i_non_prim.MULT/DSP48E1_SPD_SGL_VARIANT.FIX_MULT/DSP1/i_no_versal_es1_workaround.DSP/A[19]
    DSP48_X2Y17          DSP48E1 (Prop_dsp48e1_A[19]_PCOUT[47])
                                                      4.211     9.423 r  design_1_i/vit_tlayer_fused_0/inst/fmul_32ns_32ns_32_3_max_dsp_1_U97/vit_transformer_layer_fused_ap_fmul_1_max_dsp_32_u/U0/i_synth/MULT.OP/i_non_prim.MULT/DSP48E1_SPD_SGL_VARIANT.FIX_MULT/DSP1/i_no_versal_es1_workaround.DSP/PCOUT[47]
                         net (fo=1, routed)           0.002     9.425    design_1_i/vit_tlayer_fused_0/inst/fmul_32ns_32ns_32_3_max_dsp_1_U97/vit_transformer_layer_fused_ap_fmul_1_max_dsp_32_u/U0/i_synth/MULT.OP/i_non_prim.MULT/DSP48E1_SPD_SGL_VARIANT.FIX_MULT/DSP2/PCOUT[47]
    DSP48_X2Y18                                                       r  design_1_i/vit_tlayer_fused_0/inst/fmul_32ns_32ns_32_3_max_dsp_1_U97/vit_transformer_layer_fused_ap_fmul_1_max_dsp_32_u/U0/i_synth/MULT.OP/i_non_prim.MULT/DSP48E1_SPD_SGL_VARIANT.FIX_MULT/DSP2/i_no_versal_es1_workaround.DSP/PCIN[47]
    DSP48_X2Y18          DSP48E1 (Prop_dsp48e1_PCIN[47]_P[30])
                                                      1.518    10.943 r  design_1_i/vit_tlayer_fused_0/inst/fmul_32ns_32ns_32_3_max_dsp_1_U97/vit_transformer_layer_fused_ap_fmul_1_max_dsp_32_u/U0/i_synth/MULT.OP/i_non_prim.MULT/DSP48E1_SPD_SGL_VARIANT.FIX_MULT/DSP2/i_no_versal_es1_workaround.DSP/P[30]
                         net (fo=30, routed)          1.610    12.553    design_1_i/vit_tlayer_fused_0/inst/fmul_32ns_32ns_32_3_max_dsp_1_U97/vit_transformer_layer_fused_ap_fmul_1_max_dsp_32_u/U0/i_synth/MULT.OP/i_non_prim.EXP/EXP_ADD.C_CHAIN/RESULT[0]
    SLICE_X57Y54                                                      r  design_1_i/vit_tlayer_fused_0/inst/fmul_32ns_32ns_32_3_max_dsp_1_U97/vit_transformer_layer_fused_ap_fmul_1_max_dsp_32_u/U0/i_synth/MULT.OP/i_non_prim.EXP/EXP_ADD.C_CHAIN/RESULT_REG.NORMAL.exp_op[7]_i_10/I1
    SLICE_X57Y54         LUT4 (Prop_lut4_I1_O)        0.124    12.677 r  design_1_i/vit_tlayer_fused_0/inst/fmul_32ns_32ns_32_3_max_dsp_1_U97/vit_transformer_layer_fused_ap_fmul_1_max_dsp_32_u/U0/i_synth/MULT.OP/i_non_prim.EXP/EXP_ADD.C_CHAIN/RESULT_REG.NORMAL.exp_op[7]_i_10/O
                         net (fo=2, routed)           0.441    13.118    design_1_i/vit_tlayer_fused_0/inst/fmul_32ns_32ns_32_3_max_dsp_1_U97/vit_transformer_layer_fused_ap_fmul_1_max_dsp_32_u/U0/i_synth/MULT.OP/i_non_prim.EXP/EXP_ADD.C_CHAIN/state_int_up1__0
    SLICE_X56Y54                                                      r  design_1_i/vit_tlayer_fused_0/inst/fmul_32ns_32ns_32_3_max_dsp_1_U97/vit_transformer_layer_fused_ap_fmul_1_max_dsp_32_u/U0/i_synth/MULT.OP/i_non_prim.EXP/EXP_ADD.C_CHAIN/RESULT_REG.NORMAL.exp_op[7]_i_3/I1
    SLICE_X56Y54         LUT6 (Prop_lut6_I1_O)        0.124    13.242 r  design_1_i/vit_tlayer_fused_0/inst/fmul_32ns_32ns_32_3_max_dsp_1_U97/vit_transformer_layer_fused_ap_fmul_1_max_dsp_32_u/U0/i_synth/MULT.OP/i_non_prim.EXP/EXP_ADD.C_CHAIN/RESULT_REG.NORMAL.exp_op[7]_i_3/O
                         net (fo=11, routed)          0.832    14.074    design_1_i/vit_tlayer_fused_0/inst/fmul_32ns_32ns_32_3_max_dsp_1_U97/vit_transformer_layer_fused_ap_fmul_1_max_dsp_32_u/U0/i_synth/MULT.OP/i_non_prim.EXP/EXP_ADD.C_CHAIN/i_no_versal_es1_workaround.DSP_0
    SLICE_X56Y53                                                      r  design_1_i/vit_tlayer_fused_0/inst/fmul_32ns_32ns_32_3_max_dsp_1_U97/vit_transformer_layer_fused_ap_fmul_1_max_dsp_32_u/U0/i_synth/MULT.OP/i_non_prim.EXP/EXP_ADD.C_CHAIN/RESULT_REG.NORMAL.mant_op[21]_i_1/I0
    SLICE_X56Y53         LUT2 (Prop_lut2_I0_O)        0.124    14.198 r  design_1_i/vit_tlayer_fused_0/inst/fmul_32ns_32ns_32_3_max_dsp_1_U97/vit_transformer_layer_fused_ap_fmul_1_max_dsp_32_u/U0/i_synth/MULT.OP/i_non_prim.EXP/EXP_ADD.C_CHAIN/RESULT_REG.NORMAL.mant_op[21]_i_1/O
                         net (fo=22, routed)          1.278    15.476    design_1_i/vit_tlayer_fused_0/inst/fmul_32ns_32ns_32_3_max_dsp_1_U97/vit_transformer_layer_fused_ap_fmul_1_max_dsp_32_u/U0/i_synth/MULT.OP/i_non_prim.OP/state_op[1]
    SLICE_X36Y45         FDRE                                         r  design_1_i/vit_tlayer_fused_0/inst/fmul_32ns_32ns_32_3_max_dsp_1_U97/vit_transformer_layer_fused_ap_fmul_1_max_dsp_32_u/U0/i_synth/MULT.OP/i_non_prim.OP/RESULT_REG.NORMAL.mant_op_reg[19]/R
  -------------------------------------------------------------------    -------------------

                         (clock clk_fpga_0 rise edge)
                                                     16.000    16.000 r  
    PS7_X0Y0             PS7                          0.000    16.000 r  design_1_i/processing_system7_0/inst/PS7_i/FCLKCLK[0]
                         net (fo=1, routed)           1.088    17.088    design_1_i/processing_system7_0/inst/FCLK_CLK_unbuffered[0]
    BUFGCTRL_X0Y16                                                    r  design_1_i/processing_system7_0/inst/buffer_fclk_clk_0.FCLK_CLK_0_BUFG/I
    BUFGCTRL_X0Y16       BUFG (Prop_bufg_I_O)         0.091    17.179 r  design_1_i/processing_system7_0/inst/buffer_fclk_clk_0.FCLK_CLK_0_BUFG/O
                         net (fo=38067, routed)       1.495    18.674    design_1_i/vit_tlayer_fused_0/inst/fmul_32ns_32ns_32_3_max_dsp_1_U97/vit_transformer_layer_fused_ap_fmul_1_max_dsp_32_u/U0/i_synth/MULT.OP/i_non_prim.OP/aclk
    SLICE_X36Y45         FDRE                                         r  design_1_i/vit_tlayer_fused_0/inst/fmul_32ns_32ns_32_3_max_dsp_1_U97/vit_transformer_layer_fused_ap_fmul_1_max_dsp_32_u/U0/i_synth/MULT.OP/i_non_prim.OP/RESULT_REG.NORMAL.mant_op_reg[19]/C
                         clock pessimism              0.115    18.789    
                         clock uncertainty           -0.243    18.547    
    SLICE_X36Y45         FDRE (Setup_fdre_C_R)       -0.524    18.023    design_1_i/vit_tlayer_fused_0/inst/fmul_32ns_32ns_32_3_max_dsp_1_U97/vit_transformer_layer_fused_ap_fmul_1_max_dsp_32_u/U0/i_synth/MULT.OP/i_non_prim.OP/RESULT_REG.NORMAL.mant_op_reg[19]
  -------------------------------------------------------------------
                         required time                         18.023    
                         arrival time                         -15.476    
  -------------------------------------------------------------------
                         slack                                  2.547    

Slack (MET) :             2.562ns  (required time - arrival time)
  Source:                 design_1_i/vit_tlayer_fused_0/inst/fmul_32ns_32ns_32_3_max_dsp_1_U97/din0_buf1_reg[19]/C
                            (rising edge-triggered cell FDRE clocked by clk_fpga_0  {rise@0.000ns fall@8.000ns period=16.000ns})
  Destination:            design_1_i/vit_tlayer_fused_0/inst/fmul_32ns_32ns_32_3_max_dsp_1_U97/vit_transformer_layer_fused_ap_fmul_1_max_dsp_32_u/U0/i_synth/MULT.OP/i_non_prim.OP/RESULT_REG.NORMAL.mant_op_reg[15]/R
                            (rising edge-triggered cell FDRE clocked by clk_fpga_0  {rise@0.000ns fall@8.000ns period=16.000ns})
  Path Group:             clk_fpga_0
  Path Type:              Setup (Max at Slow Process Corner)
  Requirement:            16.000ns  (clk_fpga_0 rise@16.000ns - clk_fpga_0 rise@0.000ns)
  Data Path Delay:        12.550ns  (logic 6.520ns (51.951%)  route 6.030ns (48.049%))
  Logic Levels:           5  (DSP48E1=2 LUT2=1 LUT4=1 LUT6=1)
  Clock Path Skew:        -0.216ns (DCD - SCD + CPR)
    Destination Clock Delay (DCD):    2.674ns = ( 18.674 - 16.000 ) 
    Source Clock Delay      (SCD):    3.005ns
    Clock Pessimism Removal (CPR):    0.115ns
  Clock Uncertainty:      0.243ns  ((TSJ^2 + TIJ^2)^1/2 + DJ) / 2 + PE
    Total System Jitter     (TSJ):    0.071ns
    Total Input Jitter      (TIJ):    0.480ns
    Discrete Jitter          (DJ):    0.000ns
    Phase Error              (PE):    0.000ns

    Location             Delay type                Incr(ns)  Path(ns)    Netlist Resource(s)
  -------------------------------------------------------------------    -------------------
                         (clock clk_fpga_0 rise edge)
                                                      0.000     0.000 r  
    PS7_X0Y0             PS7                          0.000     0.000 r  design_1_i/processing_system7_0/inst/PS7_i/FCLKCLK[0]
                         net (fo=1, routed)           1.193     1.193    design_1_i/processing_system7_0/inst/FCLK_CLK_unbuffered[0]
    BUFGCTRL_X0Y16                                                    r  design_1_i/processing_system7_0/inst/buffer_fclk_clk_0.FCLK_CLK_0_BUFG/I
    BUFGCTRL_X0Y16       BUFG (Prop_bufg_I_O)         0.101     1.294 r  design_1_i/processing_system7_0/inst/buffer_fclk_clk_0.FCLK_CLK_0_BUFG/O
                         net (fo=38067, routed)       1.711     3.005    design_1_i/vit_tlayer_fused_0/inst/fmul_32ns_32ns_32_3_max_dsp_1_U97/ap_clk
    SLICE_X61Y61         FDRE                                         r  design_1_i/vit_tlayer_fused_0/inst/fmul_32ns_32ns_32_3_max_dsp_1_U97/din0_buf1_reg[19]/C
  -------------------------------------------------------------------    -------------------
    SLICE_X61Y61         FDRE (Prop_fdre_C_Q)         0.419     3.424 r  design_1_i/vit_tlayer_fused_0/inst/fmul_32ns_32ns_32_3_max_dsp_1_U97/din0_buf1_reg[19]/Q
                         net (fo=2, routed)           1.788     5.212    design_1_i/vit_tlayer_fused_0/inst/fmul_32ns_32ns_32_3_max_dsp_1_U97/vit_transformer_layer_fused_ap_fmul_1_max_dsp_32_u/U0/i_synth/MULT.OP/i_non_prim.MULT/DSP48E1_SPD_SGL_VARIANT.FIX_MULT/DSP1/s_axis_a_tdata[19]
    DSP48_X2Y17                                                       r  design_1_i/vit_tlayer_fused_0/inst/fmul_32ns_32ns_32_3_max_dsp_1_U97/vit_transformer_layer_fused_ap_fmul_1_max_dsp_32_u/U0/i_synth/MULT.OP/i_non_prim.MULT/DSP48E1_SPD_SGL_VARIANT.FIX_MULT/DSP1/i_no_versal_es1_workaround.DSP/A[19]
    DSP48_X2Y17          DSP48E1 (Prop_dsp48e1_A[19]_PCOUT[47])
                                                      4.211     9.423 r  design_1_i/vit_tlayer_fused_0/inst/fmul_32ns_32ns_32_3_max_dsp_1_U97/vit_transformer_layer_fused_ap_fmul_1_max_dsp_32_u/U0/i_synth/MULT.OP/i_non_prim.MULT/DSP48E1_SPD_SGL_VARIANT.FIX_MULT/DSP1/i_no_versal_es1_workaround.DSP/PCOUT[47]
                         net (fo=1, routed)           0.002     9.425    design_1_i/vit_tlayer_fused_0/inst/fmul_32ns_32ns_32_3_max_dsp_1_U97/vit_transformer_layer_fused_ap_fmul_1_max_dsp_32_u/U0/i_synth/MULT.OP/i_non_prim.MULT/DSP48E1_SPD_SGL_VARIANT.FIX_MULT/DSP2/PCOUT[47]
    DSP48_X2Y18                                                       r  design_1_i/vit_tlayer_fused_0/inst/fmul_32ns_32ns_32_3_max_dsp_1_U97/vit_transformer_layer_fused_ap_fmul_1_max_dsp_32_u/U0/i_synth/MULT.OP/i_non_prim.MULT/DSP48E1_SPD_SGL_VARIANT.FIX_MULT/DSP2/i_no_versal_es1_workaround.DSP/PCIN[47]
    DSP48_X2Y18          DSP48E1 (Prop_dsp48e1_PCIN[47]_P[30])
                                                      1.518    10.943 r  design_1_i/vit_tlayer_fused_0/inst/fmul_32ns_32ns_32_3_max_dsp_1_U97/vit_transformer_layer_fused_ap_fmul_1_max_dsp_32_u/U0/i_synth/MULT.OP/i_non_prim.MULT/DSP48E1_SPD_SGL_VARIANT.FIX_MULT/DSP2/i_no_versal_es1_workaround.DSP/P[30]
                         net (fo=30, routed)          1.610    12.553    design_1_i/vit_tlayer_fused_0/inst/fmul_32ns_32ns_32_3_max_dsp_1_U97/vit_transformer_layer_fused_ap_fmul_1_max_dsp_32_u/U0/i_synth/MULT.OP/i_non_prim.EXP/EXP_ADD.C_CHAIN/RESULT[0]
    SLICE_X57Y54                                                      r  design_1_i/vit_tlayer_fused_0/inst/fmul_32ns_32ns_32_3_max_dsp_1_U97/vit_transformer_layer_fused_ap_fmul_1_max_dsp_32_u/U0/i_synth/MULT.OP/i_non_prim.EXP/EXP_ADD.C_CHAIN/RESULT_REG.NORMAL.exp_op[7]_i_10/I1
    SLICE_X57Y54         LUT4 (Prop_lut4_I1_O)        0.124    12.677 r  design_1_i/vit_tlayer_fused_0/inst/fmul_32ns_32ns_32_3_max_dsp_1_U97/vit_transformer_layer_fused_ap_fmul_1_max_dsp_32_u/U0/i_synth/MULT.OP/i_non_prim.EXP/EXP_ADD.C_CHAIN/RESULT_REG.NORMAL.exp_op[7]_i_10/O
                         net (fo=2, routed)           0.441    13.118    design_1_i/vit_tlayer_fused_0/inst/fmul_32ns_32ns_32_3_max_dsp_1_U97/vit_transformer_layer_fused_ap_fmul_1_max_dsp_32_u/U0/i_synth/MULT.OP/i_non_prim.EXP/EXP_ADD.C_CHAIN/state_int_up1__0
    SLICE_X56Y54                                                      r  design_1_i/vit_tlayer_fused_0/inst/fmul_32ns_32ns_32_3_max_dsp_1_U97/vit_transformer_layer_fused_ap_fmul_1_max_dsp_32_u/U0/i_synth/MULT.OP/i_non_prim.EXP/EXP_ADD.C_CHAIN/RESULT_REG.NORMAL.exp_op[7]_i_3/I1
    SLICE_X56Y54         LUT6 (Prop_lut6_I1_O)        0.124    13.242 r  design_1_i/vit_tlayer_fused_0/inst/fmul_32ns_32ns_32_3_max_dsp_1_U97/vit_transformer_layer_fused_ap_fmul_1_max_dsp_32_u/U0/i_synth/MULT.OP/i_non_prim.EXP/EXP_ADD.C_CHAIN/RESULT_REG.NORMAL.exp_op[7]_i_3/O
                         net (fo=11, routed)          0.832    14.074    design_1_i/vit_tlayer_fused_0/inst/fmul_32ns_32ns_32_3_max_dsp_1_U97/vit_transformer_layer_fused_ap_fmul_1_max_dsp_32_u/U0/i_synth/MULT.OP/i_non_prim.EXP/EXP_ADD.C_CHAIN/i_no_versal_es1_workaround.DSP_0
    SLICE_X56Y53                                                      r  design_1_i/vit_tlayer_fused_0/inst/fmul_32ns_32ns_32_3_max_dsp_1_U97/vit_transformer_layer_fused_ap_fmul_1_max_dsp_32_u/U0/i_synth/MULT.OP/i_non_prim.EXP/EXP_ADD.C_CHAIN/RESULT_REG.NORMAL.mant_op[21]_i_1/I0
    SLICE_X56Y53         LUT2 (Prop_lut2_I0_O)        0.124    14.198 r  design_1_i/vit_tlayer_fused_0/inst/fmul_32ns_32ns_32_3_max_dsp_1_U97/vit_transformer_layer_fused_ap_fmul_1_max_dsp_32_u/U0/i_synth/MULT.OP/i_non_prim.EXP/EXP_ADD.C_CHAIN/RESULT_REG.NORMAL.mant_op[21]_i_1/O
                         net (fo=22, routed)          1.357    15.555    design_1_i/vit_tlayer_fused_0/inst/fmul_32ns_32ns_32_3_max_dsp_1_U97/vit_transformer_layer_fused_ap_fmul_1_max_dsp_32_u/U0/i_synth/MULT.OP/i_non_prim.OP/state_op[1]
    SLICE_X39Y46         FDRE                                         r  design_1_i/vit_tlayer_fused_0/inst/fmul_32ns_32ns_32_3_max_dsp_1_U97/vit_transformer_layer_fused_ap_fmul_1_max_dsp_32_u/U0/i_synth/MULT.OP/i_non_prim.OP/RESULT_REG.NORMAL.mant_op_reg[15]/R
  -------------------------------------------------------------------    -------------------

                         (clock clk_fpga_0 rise edge)
                                                     16.000    16.000 r  
    PS7_X0Y0             PS7                          0.000    16.000 r  design_1_i/processing_system7_0/inst/PS7_i/FCLKCLK[0]
                         net (fo=1, routed)           1.088    17.088    design_1_i/processing_system7_0/inst/FCLK_CLK_unbuffered[0]
    BUFGCTRL_X0Y16                                                    r  design_1_i/processing_system7_0/inst/buffer_fclk_clk_0.FCLK_CLK_0_BUFG/I
    BUFGCTRL_X0Y16       BUFG (Prop_bufg_I_O)         0.091    17.179 r  design_1_i/processing_system7_0/inst/buffer_fclk_clk_0.FCLK_CLK_0_BUFG/O
                         net (fo=38067, routed)       1.495    18.674    design_1_i/vit_tlayer_fused_0/inst/fmul_32ns_32ns_32_3_max_dsp_1_U97/vit_transformer_layer_fused_ap_fmul_1_max_dsp_32_u/U0/i_synth/MULT.OP/i_non_prim.OP/aclk
    SLICE_X39Y46         FDRE                                         r  design_1_i/vit_tlayer_fused_0/inst/fmul_32ns_32ns_32_3_max_dsp_1_U97/vit_transformer_layer_fused_ap_fmul_1_max_dsp_32_u/U0/i_synth/MULT.OP/i_non_prim.OP/RESULT_REG.NORMAL.mant_op_reg[15]/C
                         clock pessimism              0.115    18.789    
                         clock uncertainty           -0.243    18.547    
    SLICE_X39Y46         FDRE (Setup_fdre_C_R)       -0.429    18.118    design_1_i/vit_tlayer_fused_0/inst/fmul_32ns_32ns_32_3_max_dsp_1_U97/vit_transformer_layer_fused_ap_fmul_1_max_dsp_32_u/U0/i_synth/MULT.OP/i_non_prim.OP/RESULT_REG.NORMAL.mant_op_reg[15]
  -------------------------------------------------------------------
                         required time                         18.118    
                         arrival time                         -15.555    
  -------------------------------------------------------------------
                         slack                                  2.562    

Slack (MET) :             2.562ns  (required time - arrival time)
  Source:                 design_1_i/vit_tlayer_fused_0/inst/fmul_32ns_32ns_32_3_max_dsp_1_U97/din0_buf1_reg[19]/C
                            (rising edge-triggered cell FDRE clocked by clk_fpga_0  {rise@0.000ns fall@8.000ns period=16.000ns})
  Destination:            design_1_i/vit_tlayer_fused_0/inst/fmul_32ns_32ns_32_3_max_dsp_1_U97/vit_transformer_layer_fused_ap_fmul_1_max_dsp_32_u/U0/i_synth/MULT.OP/i_non_prim.OP/RESULT_REG.NORMAL.mant_op_reg[16]/R
                            (rising edge-triggered cell FDRE clocked by clk_fpga_0  {rise@0.000ns fall@8.000ns period=16.000ns})
  Path Group:             clk_fpga_0
  Path Type:              Setup (Max at Slow Process Corner)
  Requirement:            16.000ns  (clk_fpga_0 rise@16.000ns - clk_fpga_0 rise@0.000ns)
  Data Path Delay:        12.550ns  (logic 6.520ns (51.951%)  route 6.030ns (48.049%))
  Logic Levels:           5  (DSP48E1=2 LUT2=1 LUT4=1 LUT6=1)
  Clock Path Skew:        -0.216ns (DCD - SCD + CPR)
    Destination Clock Delay (DCD):    2.674ns = ( 18.674 - 16.000 ) 
    Source Clock Delay      (SCD):    3.005ns
    Clock Pessimism Removal (CPR):    0.115ns
  Clock Uncertainty:      0.243ns  ((TSJ^2 + TIJ^2)^1/2 + DJ) / 2 + PE
    Total System Jitter     (TSJ):    0.071ns
    Total Input Jitter      (TIJ):    0.480ns
    Discrete Jitter          (DJ):    0.000ns
    Phase Error              (PE):    0.000ns

    Location             Delay type                Incr(ns)  Path(ns)    Netlist Resource(s)
  -------------------------------------------------------------------    -------------------
                         (clock clk_fpga_0 rise edge)
                                                      0.000     0.000 r  
    PS7_X0Y0             PS7                          0.000     0.000 r  design_1_i/processing_system7_0/inst/PS7_i/FCLKCLK[0]
                         net (fo=1, routed)           1.193     1.193    design_1_i/processing_system7_0/inst/FCLK_CLK_unbuffered[0]
    BUFGCTRL_X0Y16                                                    r  design_1_i/processing_system7_0/inst/buffer_fclk_clk_0.FCLK_CLK_0_BUFG/I
    BUFGCTRL_X0Y16       BUFG (Prop_bufg_I_O)         0.101     1.294 r  design_1_i/processing_system7_0/inst/buffer_fclk_clk_0.FCLK_CLK_0_BUFG/O
                         net (fo=38067, routed)       1.711     3.005    design_1_i/vit_tlayer_fused_0/inst/fmul_32ns_32ns_32_3_max_dsp_1_U97/ap_clk
    SLICE_X61Y61         FDRE                                         r  design_1_i/vit_tlayer_fused_0/inst/fmul_32ns_32ns_32_3_max_dsp_1_U97/din0_buf1_reg[19]/C
  -------------------------------------------------------------------    -------------------
    SLICE_X61Y61         FDRE (Prop_fdre_C_Q)         0.419     3.424 r  design_1_i/vit_tlayer_fused_0/inst/fmul_32ns_32ns_32_3_max_dsp_1_U97/din0_buf1_reg[19]/Q
                         net (fo=2, routed)           1.788     5.212    design_1_i/vit_tlayer_fused_0/inst/fmul_32ns_32ns_32_3_max_dsp_1_U97/vit_transformer_layer_fused_ap_fmul_1_max_dsp_32_u/U0/i_synth/MULT.OP/i_non_prim.MULT/DSP48E1_SPD_SGL_VARIANT.FIX_MULT/DSP1/s_axis_a_tdata[19]
    DSP48_X2Y17                                                       r  design_1_i/vit_tlayer_fused_0/inst/fmul_32ns_32ns_32_3_max_dsp_1_U97/vit_transformer_layer_fused_ap_fmul_1_max_dsp_32_u/U0/i_synth/MULT.OP/i_non_prim.MULT/DSP48E1_SPD_SGL_VARIANT.FIX_MULT/DSP1/i_no_versal_es1_workaround.DSP/A[19]
    DSP48_X2Y17          DSP48E1 (Prop_dsp48e1_A[19]_PCOUT[47])
                                                      4.211     9.423 r  design_1_i/vit_tlayer_fused_0/inst/fmul_32ns_32ns_32_3_max_dsp_1_U97/vit_transformer_layer_fused_ap_fmul_1_max_dsp_32_u/U0/i_synth/MULT.OP/i_non_prim.MULT/DSP48E1_SPD_SGL_VARIANT.FIX_MULT/DSP1/i_no_versal_es1_workaround.DSP/PCOUT[47]
                         net (fo=1, routed)           0.002     9.425    design_1_i/vit_tlayer_fused_0/inst/fmul_32ns_32ns_32_3_max_dsp_1_U97/vit_transformer_layer_fused_ap_fmul_1_max_dsp_32_u/U0/i_synth/MULT.OP/i_non_prim.MULT/DSP48E1_SPD_SGL_VARIANT.FIX_MULT/DSP2/PCOUT[47]
    DSP48_X2Y18                                                       r  design_1_i/vit_tlayer_fused_0/inst/fmul_32ns_32ns_32_3_max_dsp_1_U97/vit_transformer_layer_fused_ap_fmul_1_max_dsp_32_u/U0/i_synth/MULT.OP/i_non_prim.MULT/DSP48E1_SPD_SGL_VARIANT.FIX_MULT/DSP2/i_no_versal_es1_workaround.DSP/PCIN[47]
    DSP48_X2Y18          DSP48E1 (Prop_dsp48e1_PCIN[47]_P[30])
                                                      1.518    10.943 r  design_1_i/vit_tlayer_fused_0/inst/fmul_32ns_32ns_32_3_max_dsp_1_U97/vit_transformer_layer_fused_ap_fmul_1_max_dsp_32_u/U0/i_synth/MULT.OP/i_non_prim.MULT/DSP48E1_SPD_SGL_VARIANT.FIX_MULT/DSP2/i_no_versal_es1_workaround.DSP/P[30]
                         net (fo=30, routed)          1.610    12.553    design_1_i/vit_tlayer_fused_0/inst/fmul_32ns_32ns_32_3_max_dsp_1_U97/vit_transformer_layer_fused_ap_fmul_1_max_dsp_32_u/U0/i_synth/MULT.OP/i_non_prim.EXP/EXP_ADD.C_CHAIN/RESULT[0]
    SLICE_X57Y54                                                      r  design_1_i/vit_tlayer_fused_0/inst/fmul_32ns_32ns_32_3_max_dsp_1_U97/vit_transformer_layer_fused_ap_fmul_1_max_dsp_32_u/U0/i_synth/MULT.OP/i_non_prim.EXP/EXP_ADD.C_CHAIN/RESULT_REG.NORMAL.exp_op[7]_i_10/I1
    SLICE_X57Y54         LUT4 (Prop_lut4_I1_O)        0.124    12.677 r  design_1_i/vit_tlayer_fused_0/inst/fmul_32ns_32ns_32_3_max_dsp_1_U97/vit_transformer_layer_fused_ap_fmul_1_max_dsp_32_u/U0/i_synth/MULT.OP/i_non_prim.EXP/EXP_ADD.C_CHAIN/RESULT_REG.NORMAL.exp_op[7]_i_10/O
                         net (fo=2, routed)           0.441    13.118    design_1_i/vit_tlayer_fused_0/inst/fmul_32ns_32ns_32_3_max_dsp_1_U97/vit_transformer_layer_fused_ap_fmul_1_max_dsp_32_u/U0/i_synth/MULT.OP/i_non_prim.EXP/EXP_ADD.C_CHAIN/state_int_up1__0
    SLICE_X56Y54                                                      r  design_1_i/vit_tlayer_fused_0/inst/fmul_32ns_32ns_32_3_max_dsp_1_U97/vit_transformer_layer_fused_ap_fmul_1_max_dsp_32_u/U0/i_synth/MULT.OP/i_non_prim.EXP/EXP_ADD.C_CHAIN/RESULT_REG.NORMAL.exp_op[7]_i_3/I1
    SLICE_X56Y54         LUT6 (Prop_lut6_I1_O)        0.124    13.242 r  design_1_i/vit_tlayer_fused_0/inst/fmul_32ns_32ns_32_3_max_dsp_1_U97/vit_transformer_layer_fused_ap_fmul_1_max_dsp_32_u/U0/i_synth/MULT.OP/i_non_prim.EXP/EXP_ADD.C_CHAIN/RESULT_REG.NORMAL.exp_op[7]_i_3/O
                         net (fo=11, routed)          0.832    14.074    design_1_i/vit_tlayer_fused_0/inst/fmul_32ns_32ns_32_3_max_dsp_1_U97/vit_transformer_layer_fused_ap_fmul_1_max_dsp_32_u/U0/i_synth/MULT.OP/i_non_prim.EXP/EXP_ADD.C_CHAIN/i_no_versal_es1_workaround.DSP_0
    SLICE_X56Y53                                                      r  design_1_i/vit_tlayer_fused_0/inst/fmul_32ns_32ns_32_3_max_dsp_1_U97/vit_transformer_layer_fused_ap_fmul_1_max_dsp_32_u/U0/i_synth/MULT.OP/i_non_prim.EXP/EXP_ADD.C_CHAIN/RESULT_REG.NORMAL.mant_op[21]_i_1/I0
    SLICE_X56Y53         LUT2 (Prop_lut2_I0_O)        0.124    14.198 r  design_1_i/vit_tlayer_fused_0/inst/fmul_32ns_32ns_32_3_max_dsp_1_U97/vit_transformer_layer_fused_ap_fmul_1_max_dsp_32_u/U0/i_synth/MULT.OP/i_non_prim.EXP/EXP_ADD.C_CHAIN/RESULT_REG.NORMAL.mant_op[21]_i_1/O
                         net (fo=22, routed)          1.357    15.555    design_1_i/vit_tlayer_fused_0/inst/fmul_32ns_32ns_32_3_max_dsp_1_U97/vit_transformer_layer_fused_ap_fmul_1_max_dsp_32_u/U0/i_synth/MULT.OP/i_non_prim.OP/state_op[1]
    SLICE_X39Y46         FDRE                                         r  design_1_i/vit_tlayer_fused_0/inst/fmul_32ns_32ns_32_3_max_dsp_1_U97/vit_transformer_layer_fused_ap_fmul_1_max_dsp_32_u/U0/i_synth/MULT.OP/i_non_prim.OP/RESULT_REG.NORMAL.mant_op_reg[16]/R
  -------------------------------------------------------------------    -------------------

                         (clock clk_fpga_0 rise edge)
                                                     16.000    16.000 r  
    PS7_X0Y0             PS7                          0.000    16.000 r  design_1_i/processing_system7_0/inst/PS7_i/FCLKCLK[0]
                         net (fo=1, routed)           1.088    17.088    design_1_i/processing_system7_0/inst/FCLK_CLK_unbuffered[0]
    BUFGCTRL_X0Y16                                                    r  design_1_i/processing_system7_0/inst/buffer_fclk_clk_0.FCLK_CLK_0_BUFG/I
    BUFGCTRL_X0Y16       BUFG (Prop_bufg_I_O)         0.091    17.179 r  design_1_i/processing_system7_0/inst/buffer_fclk_clk_0.FCLK_CLK_0_BUFG/O
                         net (fo=38067, routed)       1.495    18.674    design_1_i/vit_tlayer_fused_0/inst/fmul_32ns_32ns_32_3_max_dsp_1_U97/vit_transformer_layer_fused_ap_fmul_1_max_dsp_32_u/U0/i_synth/MULT.OP/i_non_prim.OP/aclk
    SLICE_X39Y46         FDRE                                         r  design_1_i/vit_tlayer_fused_0/inst/fmul_32ns_32ns_32_3_max_dsp_1_U97/vit_transformer_layer_fused_ap_fmul_1_max_dsp_32_u/U0/i_synth/MULT.OP/i_non_prim.OP/RESULT_REG.NORMAL.mant_op_reg[16]/C
                         clock pessimism              0.115    18.789    
                         clock uncertainty           -0.243    18.547    
    SLICE_X39Y46         FDRE (Setup_fdre_C_R)       -0.429    18.118    design_1_i/vit_tlayer_fused_0/inst/fmul_32ns_32ns_32_3_max_dsp_1_U97/vit_transformer_layer_fused_ap_fmul_1_max_dsp_32_u/U0/i_synth/MULT.OP/i_non_prim.OP/RESULT_REG.NORMAL.mant_op_reg[16]
  -------------------------------------------------------------------
                         required time                         18.118    
                         arrival time                         -15.555    
  -------------------------------------------------------------------
                         slack                                  2.562    

Slack (MET) :             2.562ns  (required time - arrival time)
  Source:                 design_1_i/vit_tlayer_fused_0/inst/fmul_32ns_32ns_32_3_max_dsp_1_U97/din0_buf1_reg[19]/C
                            (rising edge-triggered cell FDRE clocked by clk_fpga_0  {rise@0.000ns fall@8.000ns period=16.000ns})
  Destination:            design_1_i/vit_tlayer_fused_0/inst/fmul_32ns_32ns_32_3_max_dsp_1_U97/vit_transformer_layer_fused_ap_fmul_1_max_dsp_32_u/U0/i_synth/MULT.OP/i_non_prim.OP/RESULT_REG.NORMAL.mant_op_reg[17]/R
                            (rising edge-triggered cell FDRE clocked by clk_fpga_0  {rise@0.000ns fall@8.000ns period=16.000ns})
  Path Group:             clk_fpga_0
  Path Type:              Setup (Max at Slow Process Corner)
  Requirement:            16.000ns  (clk_fpga_0 rise@16.000ns - clk_fpga_0 rise@0.000ns)
  Data Path Delay:        12.550ns  (logic 6.520ns (51.951%)  route 6.030ns (48.049%))
  Logic Levels:           5  (DSP48E1=2 LUT2=1 LUT4=1 LUT6=1)
  Clock Path Skew:        -0.216ns (DCD - SCD + CPR)
    Destination Clock Delay (DCD):    2.674ns = ( 18.674 - 16.000 ) 
    Source Clock Delay      (SCD):    3.005ns
    Clock Pessimism Removal (CPR):    0.115ns
  Clock Uncertainty:      0.243ns  ((TSJ^2 + TIJ^2)^1/2 + DJ) / 2 + PE
    Total System Jitter     (TSJ):    0.071ns
    Total Input Jitter      (TIJ):    0.480ns
    Discrete Jitter          (DJ):    0.000ns
    Phase Error              (PE):    0.000ns

    Location             Delay type                Incr(ns)  Path(ns)    Netlist Resource(s)
  -------------------------------------------------------------------    -------------------
                         (clock clk_fpga_0 rise edge)
                                                      0.000     0.000 r  
    PS7_X0Y0             PS7                          0.000     0.000 r  design_1_i/processing_system7_0/inst/PS7_i/FCLKCLK[0]
                         net (fo=1, routed)           1.193     1.193    design_1_i/processing_system7_0/inst/FCLK_CLK_unbuffered[0]
    BUFGCTRL_X0Y16                                                    r  design_1_i/processing_system7_0/inst/buffer_fclk_clk_0.FCLK_CLK_0_BUFG/I
    BUFGCTRL_X0Y16       BUFG (Prop_bufg_I_O)         0.101     1.294 r  design_1_i/processing_system7_0/inst/buffer_fclk_clk_0.FCLK_CLK_0_BUFG/O
                         net (fo=38067, routed)       1.711     3.005    design_1_i/vit_tlayer_fused_0/inst/fmul_32ns_32ns_32_3_max_dsp_1_U97/ap_clk
    SLICE_X61Y61         FDRE                                         r  design_1_i/vit_tlayer_fused_0/inst/fmul_32ns_32ns_32_3_max_dsp_1_U97/din0_buf1_reg[19]/C
  -------------------------------------------------------------------    -------------------
    SLICE_X61Y61         FDRE (Prop_fdre_C_Q)         0.419     3.424 r  design_1_i/vit_tlayer_fused_0/inst/fmul_32ns_32ns_32_3_max_dsp_1_U97/din0_buf1_reg[19]/Q
                         net (fo=2, routed)           1.788     5.212    design_1_i/vit_tlayer_fused_0/inst/fmul_32ns_32ns_32_3_max_dsp_1_U97/vit_transformer_layer_fused_ap_fmul_1_max_dsp_32_u/U0/i_synth/MULT.OP/i_non_prim.MULT/DSP48E1_SPD_SGL_VARIANT.FIX_MULT/DSP1/s_axis_a_tdata[19]
    DSP48_X2Y17                                                       r  design_1_i/vit_tlayer_fused_0/inst/fmul_32ns_32ns_32_3_max_dsp_1_U97/vit_transformer_layer_fused_ap_fmul_1_max_dsp_32_u/U0/i_synth/MULT.OP/i_non_prim.MULT/DSP48E1_SPD_SGL_VARIANT.FIX_MULT/DSP1/i_no_versal_es1_workaround.DSP/A[19]
    DSP48_X2Y17          DSP48E1 (Prop_dsp48e1_A[19]_PCOUT[47])
                                                      4.211     9.423 r  design_1_i/vit_tlayer_fused_0/inst/fmul_32ns_32ns_32_3_max_dsp_1_U97/vit_transformer_layer_fused_ap_fmul_1_max_dsp_32_u/U0/i_synth/MULT.OP/i_non_prim.MULT/DSP48E1_SPD_SGL_VARIANT.FIX_MULT/DSP1/i_no_versal_es1_workaround.DSP/PCOUT[47]
                         net (fo=1, routed)           0.002     9.425    design_1_i/vit_tlayer_fused_0/inst/fmul_32ns_32ns_32_3_max_dsp_1_U97/vit_transformer_layer_fused_ap_fmul_1_max_dsp_32_u/U0/i_synth/MULT.OP/i_non_prim.MULT/DSP48E1_SPD_SGL_VARIANT.FIX_MULT/DSP2/PCOUT[47]
    DSP48_X2Y18                                                       r  design_1_i/vit_tlayer_fused_0/inst/fmul_32ns_32ns_32_3_max_dsp_1_U97/vit_transformer_layer_fused_ap_fmul_1_max_dsp_32_u/U0/i_synth/MULT.OP/i_non_prim.MULT/DSP48E1_SPD_SGL_VARIANT.FIX_MULT/DSP2/i_no_versal_es1_workaround.DSP/PCIN[47]
    DSP48_X2Y18          DSP48E1 (Prop_dsp48e1_PCIN[47]_P[30])
                                                      1.518    10.943 r  design_1_i/vit_tlayer_fused_0/inst/fmul_32ns_32ns_32_3_max_dsp_1_U97/vit_transformer_layer_fused_ap_fmul_1_max_dsp_32_u/U0/i_synth/MULT.OP/i_non_prim.MULT/DSP48E1_SPD_SGL_VARIANT.FIX_MULT/DSP2/i_no_versal_es1_workaround.DSP/P[30]
                         net (fo=30, routed)          1.610    12.553    design_1_i/vit_tlayer_fused_0/inst/fmul_32ns_32ns_32_3_max_dsp_1_U97/vit_transformer_layer_fused_ap_fmul_1_max_dsp_32_u/U0/i_synth/MULT.OP/i_non_prim.EXP/EXP_ADD.C_CHAIN/RESULT[0]
    SLICE_X57Y54                                                      r  design_1_i/vit_tlayer_fused_0/inst/fmul_32ns_32ns_32_3_max_dsp_1_U97/vit_transformer_layer_fused_ap_fmul_1_max_dsp_32_u/U0/i_synth/MULT.OP/i_non_prim.EXP/EXP_ADD.C_CHAIN/RESULT_REG.NORMAL.exp_op[7]_i_10/I1
    SLICE_X57Y54         LUT4 (Prop_lut4_I1_O)        0.124    12.677 r  design_1_i/vit_tlayer_fused_0/inst/fmul_32ns_32ns_32_3_max_dsp_1_U97/vit_transformer_layer_fused_ap_fmul_1_max_dsp_32_u/U0/i_synth/MULT.OP/i_non_prim.EXP/EXP_ADD.C_CHAIN/RESULT_REG.NORMAL.exp_op[7]_i_10/O
                         net (fo=2, routed)           0.441    13.118    design_1_i/vit_tlayer_fused_0/inst/fmul_32ns_32ns_32_3_max_dsp_1_U97/vit_transformer_layer_fused_ap_fmul_1_max_dsp_32_u/U0/i_synth/MULT.OP/i_non_prim.EXP/EXP_ADD.C_CHAIN/state_int_up1__0
    SLICE_X56Y54                                                      r  design_1_i/vit_tlayer_fused_0/inst/fmul_32ns_32ns_32_3_max_dsp_1_U97/vit_transformer_layer_fused_ap_fmul_1_max_dsp_32_u/U0/i_synth/MULT.OP/i_non_prim.EXP/EXP_ADD.C_CHAIN/RESULT_REG.NORMAL.exp_op[7]_i_3/I1
    SLICE_X56Y54         LUT6 (Prop_lut6_I1_O)        0.124    13.242 r  design_1_i/vit_tlayer_fused_0/inst/fmul_32ns_32ns_32_3_max_dsp_1_U97/vit_transformer_layer_fused_ap_fmul_1_max_dsp_32_u/U0/i_synth/MULT.OP/i_non_prim.EXP/EXP_ADD.C_CHAIN/RESULT_REG.NORMAL.exp_op[7]_i_3/O
                         net (fo=11, routed)          0.832    14.074    design_1_i/vit_tlayer_fused_0/inst/fmul_32ns_32ns_32_3_max_dsp_1_U97/vit_transformer_layer_fused_ap_fmul_1_max_dsp_32_u/U0/i_synth/MULT.OP/i_non_prim.EXP/EXP_ADD.C_CHAIN/i_no_versal_es1_workaround.DSP_0
    SLICE_X56Y53                                                      r  design_1_i/vit_tlayer_fused_0/inst/fmul_32ns_32ns_32_3_max_dsp_1_U97/vit_transformer_layer_fused_ap_fmul_1_max_dsp_32_u/U0/i_synth/MULT.OP/i_non_prim.EXP/EXP_ADD.C_CHAIN/RESULT_REG.NORMAL.mant_op[21]_i_1/I0
    SLICE_X56Y53         LUT2 (Prop_lut2_I0_O)        0.124    14.198 r  design_1_i/vit_tlayer_fused_0/inst/fmul_32ns_32ns_32_3_max_dsp_1_U97/vit_transformer_layer_fused_ap_fmul_1_max_dsp_32_u/U0/i_synth/MULT.OP/i_non_prim.EXP/EXP_ADD.C_CHAIN/RESULT_REG.NORMAL.mant_op[21]_i_1/O
                         net (fo=22, routed)          1.357    15.555    design_1_i/vit_tlayer_fused_0/inst/fmul_32ns_32ns_32_3_max_dsp_1_U97/vit_transformer_layer_fused_ap_fmul_1_max_dsp_32_u/U0/i_synth/MULT.OP/i_non_prim.OP/state_op[1]
    SLICE_X39Y46         FDRE                                         r  design_1_i/vit_tlayer_fused_0/inst/fmul_32ns_32ns_32_3_max_dsp_1_U97/vit_transformer_layer_fused_ap_fmul_1_max_dsp_32_u/U0/i_synth/MULT.OP/i_non_prim.OP/RESULT_REG.NORMAL.mant_op_reg[17]/R
  -------------------------------------------------------------------    -------------------

                         (clock clk_fpga_0 rise edge)
                                                     16.000    16.000 r  
    PS7_X0Y0             PS7                          0.000    16.000 r  design_1_i/processing_system7_0/inst/PS7_i/FCLKCLK[0]
                         net (fo=1, routed)           1.088    17.088    design_1_i/processing_system7_0/inst/FCLK_CLK_unbuffered[0]
    BUFGCTRL_X0Y16                                                    r  design_1_i/processing_system7_0/inst/buffer_fclk_clk_0.FCLK_CLK_0_BUFG/I
    BUFGCTRL_X0Y16       BUFG (Prop_bufg_I_O)         0.091    17.179 r  design_1_i/processing_system7_0/inst/buffer_fclk_clk_0.FCLK_CLK_0_BUFG/O
                         net (fo=38067, routed)       1.495    18.674    design_1_i/vit_tlayer_fused_0/inst/fmul_32ns_32ns_32_3_max_dsp_1_U97/vit_transformer_layer_fused_ap_fmul_1_max_dsp_32_u/U0/i_synth/MULT.OP/i_non_prim.OP/aclk
    SLICE_X39Y46         FDRE                                         r  design_1_i/vit_tlayer_fused_0/inst/fmul_32ns_32ns_32_3_max_dsp_1_U97/vit_transformer_layer_fused_ap_fmul_1_max_dsp_32_u/U0/i_synth/MULT.OP/i_non_prim.OP/RESULT_REG.NORMAL.mant_op_reg[17]/C
                         clock pessimism              0.115    18.789    
                         clock uncertainty           -0.243    18.547    
    SLICE_X39Y46         FDRE (Setup_fdre_C_R)       -0.429    18.118    design_1_i/vit_tlayer_fused_0/inst/fmul_32ns_32ns_32_3_max_dsp_1_U97/vit_transformer_layer_fused_ap_fmul_1_max_dsp_32_u/U0/i_synth/MULT.OP/i_non_prim.OP/RESULT_REG.NORMAL.mant_op_reg[17]
  -------------------------------------------------------------------
                         required time                         18.118    
                         arrival time                         -15.555    
  -------------------------------------------------------------------
                         slack                                  2.562    

Slack (MET) :             2.603ns  (required time - arrival time)
  Source:                 design_1_i/vit_tlayer_fused_0/inst/fmul_32ns_32ns_32_3_max_dsp_1_U97/din0_buf1_reg[19]/C
                            (rising edge-triggered cell FDRE clocked by clk_fpga_0  {rise@0.000ns fall@8.000ns period=16.000ns})
  Destination:            design_1_i/vit_tlayer_fused_0/inst/fmul_32ns_32ns_32_3_max_dsp_1_U97/vit_transformer_layer_fused_ap_fmul_1_max_dsp_32_u/U0/i_synth/MULT.OP/i_non_prim.OP/RESULT_REG.NORMAL.mant_op_reg[1]/R
                            (rising edge-triggered cell FDRE clocked by clk_fpga_0  {rise@0.000ns fall@8.000ns period=16.000ns})
  Path Group:             clk_fpga_0
  Path Type:              Setup (Max at Slow Process Corner)
  Requirement:            16.000ns  (clk_fpga_0 rise@16.000ns - clk_fpga_0 rise@0.000ns)
  Data Path Delay:        12.416ns  (logic 6.520ns (52.513%)  route 5.896ns (47.487%))
  Logic Levels:           5  (DSP48E1=2 LUT2=1 LUT4=1 LUT6=1)
  Clock Path Skew:        -0.215ns (DCD - SCD + CPR)
    Destination Clock Delay (DCD):    2.675ns = ( 18.675 - 16.000 ) 
    Source Clock Delay      (SCD):    3.005ns
    Clock Pessimism Removal (CPR):    0.115ns
  Clock Uncertainty:      0.243ns  ((TSJ^2 + TIJ^2)^1/2 + DJ) / 2 + PE
    Total System Jitter     (TSJ):    0.071ns
    Total Input Jitter      (TIJ):    0.480ns
    Discrete Jitter          (DJ):    0.000ns
    Phase Error              (PE):    0.000ns

    Location             Delay type                Incr(ns)  Path(ns)    Netlist Resource(s)
  -------------------------------------------------------------------    -------------------
                         (clock clk_fpga_0 rise edge)
                                                      0.000     0.000 r  
    PS7_X0Y0             PS7                          0.000     0.000 r  design_1_i/processing_system7_0/inst/PS7_i/FCLKCLK[0]
                         net (fo=1, routed)           1.193     1.193    design_1_i/processing_system7_0/inst/FCLK_CLK_unbuffered[0]
    BUFGCTRL_X0Y16                                                    r  design_1_i/processing_system7_0/inst/buffer_fclk_clk_0.FCLK_CLK_0_BUFG/I
    BUFGCTRL_X0Y16       BUFG (Prop_bufg_I_O)         0.101     1.294 r  design_1_i/processing_system7_0/inst/buffer_fclk_clk_0.FCLK_CLK_0_BUFG/O
                         net (fo=38067, routed)       1.711     3.005    design_1_i/vit_tlayer_fused_0/inst/fmul_32ns_32ns_32_3_max_dsp_1_U97/ap_clk
    SLICE_X61Y61         FDRE                                         r  design_1_i/vit_tlayer_fused_0/inst/fmul_32ns_32ns_32_3_max_dsp_1_U97/din0_buf1_reg[19]/C
  -------------------------------------------------------------------    -------------------
    SLICE_X61Y61         FDRE (Prop_fdre_C_Q)         0.419     3.424 r  design_1_i/vit_tlayer_fused_0/inst/fmul_32ns_32ns_32_3_max_dsp_1_U97/din0_buf1_reg[19]/Q
                         net (fo=2, routed)           1.788     5.212    design_1_i/vit_tlayer_fused_0/inst/fmul_32ns_32ns_32_3_max_dsp_1_U97/vit_transformer_layer_fused_ap_fmul_1_max_dsp_32_u/U0/i_synth/MULT.OP/i_non_prim.MULT/DSP48E1_SPD_SGL_VARIANT.FIX_MULT/DSP1/s_axis_a_tdata[19]
    DSP48_X2Y17                                                       r  design_1_i/vit_tlayer_fused_0/inst/fmul_32ns_32ns_32_3_max_dsp_1_U97/vit_transformer_layer_fused_ap_fmul_1_max_dsp_32_u/U0/i_synth/MULT.OP/i_non_prim.MULT/DSP48E1_SPD_SGL_VARIANT.FIX_MULT/DSP1/i_no_versal_es1_workaround.DSP/A[19]
    DSP48_X2Y17          DSP48E1 (Prop_dsp48e1_A[19]_PCOUT[47])
                                                      4.211     9.423 r  design_1_i/vit_tlayer_fused_0/inst/fmul_32ns_32ns_32_3_max_dsp_1_U97/vit_transformer_layer_fused_ap_fmul_1_max_dsp_32_u/U0/i_synth/MULT.OP/i_non_prim.MULT/DSP48E1_SPD_SGL_VARIANT.FIX_MULT/DSP1/i_no_versal_es1_workaround.DSP/PCOUT[47]
                         net (fo=1, routed)           0.002     9.425    design_1_i/vit_tlayer_fused_0/inst/fmul_32ns_32ns_32_3_max_dsp_1_U97/vit_transformer_layer_fused_ap_fmul_1_max_dsp_32_u/U0/i_synth/MULT.OP/i_non_prim.MULT/DSP48E1_SPD_SGL_VARIANT.FIX_MULT/DSP2/PCOUT[47]
    DSP48_X2Y18                                                       r  design_1_i/vit_tlayer_fused_0/inst/fmul_32ns_32ns_32_3_max_dsp_1_U97/vit_transformer_layer_fused_ap_fmul_1_max_dsp_32_u/U0/i_synth/MULT.OP/i_non_prim.MULT/DSP48E1_SPD_SGL_VARIANT.FIX_MULT/DSP2/i_no_versal_es1_workaround.DSP/PCIN[47]
    DSP48_X2Y18          DSP48E1 (Prop_dsp48e1_PCIN[47]_P[30])
                                                      1.518    10.943 r  design_1_i/vit_tlayer_fused_0/inst/fmul_32ns_32ns_32_3_max_dsp_1_U97/vit_transformer_layer_fused_ap_fmul_1_max_dsp_32_u/U0/i_synth/MULT.OP/i_non_prim.MULT/DSP48E1_SPD_SGL_VARIANT.FIX_MULT/DSP2/i_no_versal_es1_workaround.DSP/P[30]
                         net (fo=30, routed)          1.610    12.553    design_1_i/vit_tlayer_fused_0/inst/fmul_32ns_32ns_32_3_max_dsp_1_U97/vit_transformer_layer_fused_ap_fmul_1_max_dsp_32_u/U0/i_synth/MULT.OP/i_non_prim.EXP/EXP_ADD.C_CHAIN/RESULT[0]
    SLICE_X57Y54                                                      r  design_1_i/vit_tlayer_fused_0/inst/fmul_32ns_32ns_32_3_max_dsp_1_U97/vit_transformer_layer_fused_ap_fmul_1_max_dsp_32_u/U0/i_synth/MULT.OP/i_non_prim.EXP/EXP_ADD.C_CHAIN/RESULT_REG.NORMAL.exp_op[7]_i_10/I1
    SLICE_X57Y54         LUT4 (Prop_lut4_I1_O)        0.124    12.677 r  design_1_i/vit_tlayer_fused_0/inst/fmul_32ns_32ns_32_3_max_dsp_1_U97/vit_transformer_layer_fused_ap_fmul_1_max_dsp_32_u/U0/i_synth/MULT.OP/i_non_prim.EXP/EXP_ADD.C_CHAIN/RESULT_REG.NORMAL.exp_op[7]_i_10/O
                         net (fo=2, routed)           0.441    13.118    design_1_i/vit_tlayer_fused_0/inst/fmul_32ns_32ns_32_3_max_dsp_1_U97/vit_transformer_layer_fused_ap_fmul_1_max_dsp_32_u/U0/i_synth/MULT.OP/i_non_prim.EXP/EXP_ADD.C_CHAIN/state_int_up1__0
    SLICE_X56Y54                                                      r  design_1_i/vit_tlayer_fused_0/inst/fmul_32ns_32ns_32_3_max_dsp_1_U97/vit_transformer_layer_fused_ap_fmul_1_max_dsp_32_u/U0/i_synth/MULT.OP/i_non_prim.EXP/EXP_ADD.C_CHAIN/RESULT_REG.NORMAL.exp_op[7]_i_3/I1
    SLICE_X56Y54         LUT6 (Prop_lut6_I1_O)        0.124    13.242 r  design_1_i/vit_tlayer_fused_0/inst/fmul_32ns_32ns_32_3_max_dsp_1_U97/vit_transformer_layer_fused_ap_fmul_1_max_dsp_32_u/U0/i_synth/MULT.OP/i_non_prim.EXP/EXP_ADD.C_CHAIN/RESULT_REG.NORMAL.exp_op[7]_i_3/O
                         net (fo=11, routed)          0.832    14.074    design_1_i/vit_tlayer_fused_0/inst/fmul_32ns_32ns_32_3_max_dsp_1_U97/vit_transformer_layer_fused_ap_fmul_1_max_dsp_32_u/U0/i_synth/MULT.OP/i_non_prim.EXP/EXP_ADD.C_CHAIN/i_no_versal_es1_workaround.DSP_0
    SLICE_X56Y53                                                      r  design_1_i/vit_tlayer_fused_0/inst/fmul_32ns_32ns_32_3_max_dsp_1_U97/vit_transformer_layer_fused_ap_fmul_1_max_dsp_32_u/U0/i_synth/MULT.OP/i_non_prim.EXP/EXP_ADD.C_CHAIN/RESULT_REG.NORMAL.mant_op[21]_i_1/I0
    SLICE_X56Y53         LUT2 (Prop_lut2_I0_O)        0.124    14.198 r  design_1_i/vit_tlayer_fused_0/inst/fmul_32ns_32ns_32_3_max_dsp_1_U97/vit_transformer_layer_fused_ap_fmul_1_max_dsp_32_u/U0/i_synth/MULT.OP/i_non_prim.EXP/EXP_ADD.C_CHAIN/RESULT_REG.NORMAL.mant_op[21]_i_1/O
                         net (fo=22, routed)          1.223    15.421    design_1_i/vit_tlayer_fused_0/inst/fmul_32ns_32ns_32_3_max_dsp_1_U97/vit_transformer_layer_fused_ap_fmul_1_max_dsp_32_u/U0/i_synth/MULT.OP/i_non_prim.OP/state_op[1]
    SLICE_X36Y47         FDRE                                         r  design_1_i/vit_tlayer_fused_0/inst/fmul_32ns_32ns_32_3_max_dsp_1_U97/vit_transformer_layer_fused_ap_fmul_1_max_dsp_32_u/U0/i_synth/MULT.OP/i_non_prim.OP/RESULT_REG.NORMAL.mant_op_reg[1]/R
  -------------------------------------------------------------------    -------------------

                         (clock clk_fpga_0 rise edge)
                                                     16.000    16.000 r  
    PS7_X0Y0             PS7                          0.000    16.000 r  design_1_i/processing_system7_0/inst/PS7_i/FCLKCLK[0]
                         net (fo=1, routed)           1.088    17.088    design_1_i/processing_system7_0/inst/FCLK_CLK_unbuffered[0]
    BUFGCTRL_X0Y16                                                    r  design_1_i/processing_system7_0/inst/buffer_fclk_clk_0.FCLK_CLK_0_BUFG/I
    BUFGCTRL_X0Y16       BUFG (Prop_bufg_I_O)         0.091    17.179 r  design_1_i/processing_system7_0/inst/buffer_fclk_clk_0.FCLK_CLK_0_BUFG/O
                         net (fo=38067, routed)       1.496    18.675    design_1_i/vit_tlayer_fused_0/inst/fmul_32ns_32ns_32_3_max_dsp_1_U97/vit_transformer_layer_fused_ap_fmul_1_max_dsp_32_u/U0/i_synth/MULT.OP/i_non_prim.OP/aclk
    SLICE_X36Y47         FDRE                                         r  design_1_i/vit_tlayer_fused_0/inst/fmul_32ns_32ns_32_3_max_dsp_1_U97/vit_transformer_layer_fused_ap_fmul_1_max_dsp_32_u/U0/i_synth/MULT.OP/i_non_prim.OP/RESULT_REG.NORMAL.mant_op_reg[1]/C
                         clock pessimism              0.115    18.790    
                         clock uncertainty           -0.243    18.548    
    SLICE_X36Y47         FDRE (Setup_fdre_C_R)       -0.524    18.024    design_1_i/vit_tlayer_fused_0/inst/fmul_32ns_32ns_32_3_max_dsp_1_U97/vit_transformer_layer_fused_ap_fmul_1_max_dsp_32_u/U0/i_synth/MULT.OP/i_non_prim.OP/RESULT_REG.NORMAL.mant_op_reg[1]
  -------------------------------------------------------------------
                         required time                         18.024    
                         arrival time                         -15.421    
  -------------------------------------------------------------------
                         slack                                  2.603    

Slack (MET) :             2.603ns  (required time - arrival time)
  Source:                 design_1_i/vit_tlayer_fused_0/inst/fmul_32ns_32ns_32_3_max_dsp_1_U97/din0_buf1_reg[19]/C
                            (rising edge-triggered cell FDRE clocked by clk_fpga_0  {rise@0.000ns fall@8.000ns period=16.000ns})
  Destination:            design_1_i/vit_tlayer_fused_0/inst/fmul_32ns_32ns_32_3_max_dsp_1_U97/vit_transformer_layer_fused_ap_fmul_1_max_dsp_32_u/U0/i_synth/MULT.OP/i_non_prim.OP/RESULT_REG.NORMAL.mant_op_reg[20]/R
                            (rising edge-triggered cell FDRE clocked by clk_fpga_0  {rise@0.000ns fall@8.000ns period=16.000ns})
  Path Group:             clk_fpga_0
  Path Type:              Setup (Max at Slow Process Corner)
  Requirement:            16.000ns  (clk_fpga_0 rise@16.000ns - clk_fpga_0 rise@0.000ns)
  Data Path Delay:        12.416ns  (logic 6.520ns (52.513%)  route 5.896ns (47.487%))
  Logic Levels:           5  (DSP48E1=2 LUT2=1 LUT4=1 LUT6=1)
  Clock Path Skew:        -0.215ns (DCD - SCD + CPR)
    Destination Clock Delay (DCD):    2.675ns = ( 18.675 - 16.000 ) 
    Source Clock Delay      (SCD):    3.005ns
    Clock Pessimism Removal (CPR):    0.115ns
  Clock Uncertainty:      0.243ns  ((TSJ^2 + TIJ^2)^1/2 + DJ) / 2 + PE
    Total System Jitter     (TSJ):    0.071ns
    Total Input Jitter      (TIJ):    0.480ns
    Discrete Jitter          (DJ):    0.000ns
    Phase Error              (PE):    0.000ns

    Location             Delay type                Incr(ns)  Path(ns)    Netlist Resource(s)
  -------------------------------------------------------------------    -------------------
                         (clock clk_fpga_0 rise edge)
                                                      0.000     0.000 r  
    PS7_X0Y0             PS7                          0.000     0.000 r  design_1_i/processing_system7_0/inst/PS7_i/FCLKCLK[0]
                         net (fo=1, routed)           1.193     1.193    design_1_i/processing_system7_0/inst/FCLK_CLK_unbuffered[0]
    BUFGCTRL_X0Y16                                                    r  design_1_i/processing_system7_0/inst/buffer_fclk_clk_0.FCLK_CLK_0_BUFG/I
    BUFGCTRL_X0Y16       BUFG (Prop_bufg_I_O)         0.101     1.294 r  design_1_i/processing_system7_0/inst/buffer_fclk_clk_0.FCLK_CLK_0_BUFG/O
                         net (fo=38067, routed)       1.711     3.005    design_1_i/vit_tlayer_fused_0/inst/fmul_32ns_32ns_32_3_max_dsp_1_U97/ap_clk
    SLICE_X61Y61         FDRE                                         r  design_1_i/vit_tlayer_fused_0/inst/fmul_32ns_32ns_32_3_max_dsp_1_U97/din0_buf1_reg[19]/C
  -------------------------------------------------------------------    -------------------
    SLICE_X61Y61         FDRE (Prop_fdre_C_Q)         0.419     3.424 r  design_1_i/vit_tlayer_fused_0/inst/fmul_32ns_32ns_32_3_max_dsp_1_U97/din0_buf1_reg[19]/Q
                         net (fo=2, routed)           1.788     5.212    design_1_i/vit_tlayer_fused_0/inst/fmul_32ns_32ns_32_3_max_dsp_1_U97/vit_transformer_layer_fused_ap_fmul_1_max_dsp_32_u/U0/i_synth/MULT.OP/i_non_prim.MULT/DSP48E1_SPD_SGL_VARIANT.FIX_MULT/DSP1/s_axis_a_tdata[19]
    DSP48_X2Y17                                                       r  design_1_i/vit_tlayer_fused_0/inst/fmul_32ns_32ns_32_3_max_dsp_1_U97/vit_transformer_layer_fused_ap_fmul_1_max_dsp_32_u/U0/i_synth/MULT.OP/i_non_prim.MULT/DSP48E1_SPD_SGL_VARIANT.FIX_MULT/DSP1/i_no_versal_es1_workaround.DSP/A[19]
    DSP48_X2Y17          DSP48E1 (Prop_dsp48e1_A[19]_PCOUT[47])
                                                      4.211     9.423 r  design_1_i/vit_tlayer_fused_0/inst/fmul_32ns_32ns_32_3_max_dsp_1_U97/vit_transformer_layer_fused_ap_fmul_1_max_dsp_32_u/U0/i_synth/MULT.OP/i_non_prim.MULT/DSP48E1_SPD_SGL_VARIANT.FIX_MULT/DSP1/i_no_versal_es1_workaround.DSP/PCOUT[47]
                         net (fo=1, routed)           0.002     9.425    design_1_i/vit_tlayer_fused_0/inst/fmul_32ns_32ns_32_3_max_dsp_1_U97/vit_transformer_layer_fused_ap_fmul_1_max_dsp_32_u/U0/i_synth/MULT.OP/i_non_prim.MULT/DSP48E1_SPD_SGL_VARIANT.FIX_MULT/DSP2/PCOUT[47]
    DSP48_X2Y18                                                       r  design_1_i/vit_tlayer_fused_0/inst/fmul_32ns_32ns_32_3_max_dsp_1_U97/vit_transformer_layer_fused_ap_fmul_1_max_dsp_32_u/U0/i_synth/MULT.OP/i_non_prim.MULT/DSP48E1_SPD_SGL_VARIANT.FIX_MULT/DSP2/i_no_versal_es1_workaround.DSP/PCIN[47]
    DSP48_X2Y18          DSP48E1 (Prop_dsp48e1_PCIN[47]_P[30])
                                                      1.518    10.943 r  design_1_i/vit_tlayer_fused_0/inst/fmul_32ns_32ns_32_3_max_dsp_1_U97/vit_transformer_layer_fused_ap_fmul_1_max_dsp_32_u/U0/i_synth/MULT.OP/i_non_prim.MULT/DSP48E1_SPD_SGL_VARIANT.FIX_MULT/DSP2/i_no_versal_es1_workaround.DSP/P[30]
                         net (fo=30, routed)          1.610    12.553    design_1_i/vit_tlayer_fused_0/inst/fmul_32ns_32ns_32_3_max_dsp_1_U97/vit_transformer_layer_fused_ap_fmul_1_max_dsp_32_u/U0/i_synth/MULT.OP/i_non_prim.EXP/EXP_ADD.C_CHAIN/RESULT[0]
    SLICE_X57Y54                                                      r  design_1_i/vit_tlayer_fused_0/inst/fmul_32ns_32ns_32_3_max_dsp_1_U97/vit_transformer_layer_fused_ap_fmul_1_max_dsp_32_u/U0/i_synth/MULT.OP/i_non_prim.EXP/EXP_ADD.C_CHAIN/RESULT_REG.NORMAL.exp_op[7]_i_10/I1
    SLICE_X57Y54         LUT4 (Prop_lut4_I1_O)        0.124    12.677 r  design_1_i/vit_tlayer_fused_0/inst/fmul_32ns_32ns_32_3_max_dsp_1_U97/vit_transformer_layer_fused_ap_fmul_1_max_dsp_32_u/U0/i_synth/MULT.OP/i_non_prim.EXP/EXP_ADD.C_CHAIN/RESULT_REG.NORMAL.exp_op[7]_i_10/O
                         net (fo=2, routed)           0.441    13.118    design_1_i/vit_tlayer_fused_0/inst/fmul_32ns_32ns_32_3_max_dsp_1_U97/vit_transformer_layer_fused_ap_fmul_1_max_dsp_32_u/U0/i_synth/MULT.OP/i_non_prim.EXP/EXP_ADD.C_CHAIN/state_int_up1__0
    SLICE_X56Y54                                                      r  design_1_i/vit_tlayer_fused_0/inst/fmul_32ns_32ns_32_3_max_dsp_1_U97/vit_transformer_layer_fused_ap_fmul_1_max_dsp_32_u/U0/i_synth/MULT.OP/i_non_prim.EXP/EXP_ADD.C_CHAIN/RESULT_REG.NORMAL.exp_op[7]_i_3/I1
    SLICE_X56Y54         LUT6 (Prop_lut6_I1_O)        0.124    13.242 r  design_1_i/vit_tlayer_fused_0/inst/fmul_32ns_32ns_32_3_max_dsp_1_U97/vit_transformer_layer_fused_ap_fmul_1_max_dsp_32_u/U0/i_synth/MULT.OP/i_non_prim.EXP/EXP_ADD.C_CHAIN/RESULT_REG.NORMAL.exp_op[7]_i_3/O
                         net (fo=11, routed)          0.832    14.074    design_1_i/vit_tlayer_fused_0/inst/fmul_32ns_32ns_32_3_max_dsp_1_U97/vit_transformer_layer_fused_ap_fmul_1_max_dsp_32_u/U0/i_synth/MULT.OP/i_non_prim.EXP/EXP_ADD.C_CHAIN/i_no_versal_es1_workaround.DSP_0
    SLICE_X56Y53                                                      r  design_1_i/vit_tlayer_fused_0/inst/fmul_32ns_32ns_32_3_max_dsp_1_U97/vit_transformer_layer_fused_ap_fmul_1_max_dsp_32_u/U0/i_synth/MULT.OP/i_non_prim.EXP/EXP_ADD.C_CHAIN/RESULT_REG.NORMAL.mant_op[21]_i_1/I0
    SLICE_X56Y53         LUT2 (Prop_lut2_I0_O)        0.124    14.198 r  design_1_i/vit_tlayer_fused_0/inst/fmul_32ns_32ns_32_3_max_dsp_1_U97/vit_transformer_layer_fused_ap_fmul_1_max_dsp_32_u/U0/i_synth/MULT.OP/i_non_prim.EXP/EXP_ADD.C_CHAIN/RESULT_REG.NORMAL.mant_op[21]_i_1/O
                         net (fo=22, routed)          1.223    15.421    design_1_i/vit_tlayer_fused_0/inst/fmul_32ns_32ns_32_3_max_dsp_1_U97/vit_transformer_layer_fused_ap_fmul_1_max_dsp_32_u/U0/i_synth/MULT.OP/i_non_prim.OP/state_op[1]
    SLICE_X36Y47         FDRE                                         r  design_1_i/vit_tlayer_fused_0/inst/fmul_32ns_32ns_32_3_max_dsp_1_U97/vit_transformer_layer_fused_ap_fmul_1_max_dsp_32_u/U0/i_synth/MULT.OP/i_non_prim.OP/RESULT_REG.NORMAL.mant_op_reg[20]/R
  -------------------------------------------------------------------    -------------------

                         (clock clk_fpga_0 rise edge)
                                                     16.000    16.000 r  
    PS7_X0Y0             PS7                          0.000    16.000 r  design_1_i/processing_system7_0/inst/PS7_i/FCLKCLK[0]
                         net (fo=1, routed)           1.088    17.088    design_1_i/processing_system7_0/inst/FCLK_CLK_unbuffered[0]
    BUFGCTRL_X0Y16                                                    r  design_1_i/processing_system7_0/inst/buffer_fclk_clk_0.FCLK_CLK_0_BUFG/I
    BUFGCTRL_X0Y16       BUFG (Prop_bufg_I_O)         0.091    17.179 r  design_1_i/processing_system7_0/inst/buffer_fclk_clk_0.FCLK_CLK_0_BUFG/O
                         net (fo=38067, routed)       1.496    18.675    design_1_i/vit_tlayer_fused_0/inst/fmul_32ns_32ns_32_3_max_dsp_1_U97/vit_transformer_layer_fused_ap_fmul_1_max_dsp_32_u/U0/i_synth/MULT.OP/i_non_prim.OP/aclk
    SLICE_X36Y47         FDRE                                         r  design_1_i/vit_tlayer_fused_0/inst/fmul_32ns_32ns_32_3_max_dsp_1_U97/vit_transformer_layer_fused_ap_fmul_1_max_dsp_32_u/U0/i_synth/MULT.OP/i_non_prim.OP/RESULT_REG.NORMAL.mant_op_reg[20]/C
                         clock pessimism              0.115    18.790    
                         clock uncertainty           -0.243    18.548    
    SLICE_X36Y47         FDRE (Setup_fdre_C_R)       -0.524    18.024    design_1_i/vit_tlayer_fused_0/inst/fmul_32ns_32ns_32_3_max_dsp_1_U97/vit_transformer_layer_fused_ap_fmul_1_max_dsp_32_u/U0/i_synth/MULT.OP/i_non_prim.OP/RESULT_REG.NORMAL.mant_op_reg[20]
  -------------------------------------------------------------------
                         required time                         18.024    
                         arrival time                         -15.421    
  -------------------------------------------------------------------
                         slack                                  2.603    

Slack (MET) :             2.603ns  (required time - arrival time)
  Source:                 design_1_i/vit_tlayer_fused_0/inst/fmul_32ns_32ns_32_3_max_dsp_1_U97/din0_buf1_reg[19]/C
                            (rising edge-triggered cell FDRE clocked by clk_fpga_0  {rise@0.000ns fall@8.000ns period=16.000ns})
  Destination:            design_1_i/vit_tlayer_fused_0/inst/fmul_32ns_32ns_32_3_max_dsp_1_U97/vit_transformer_layer_fused_ap_fmul_1_max_dsp_32_u/U0/i_synth/MULT.OP/i_non_prim.OP/RESULT_REG.NORMAL.mant_op_reg[21]/R
                            (rising edge-triggered cell FDRE clocked by clk_fpga_0  {rise@0.000ns fall@8.000ns period=16.000ns})
  Path Group:             clk_fpga_0
  Path Type:              Setup (Max at Slow Process Corner)
  Requirement:            16.000ns  (clk_fpga_0 rise@16.000ns - clk_fpga_0 rise@0.000ns)
  Data Path Delay:        12.416ns  (logic 6.520ns (52.513%)  route 5.896ns (47.487%))
  Logic Levels:           5  (DSP48E1=2 LUT2=1 LUT4=1 LUT6=1)
  Clock Path Skew:        -0.215ns (DCD - SCD + CPR)
    Destination Clock Delay (DCD):    2.675ns = ( 18.675 - 16.000 ) 
    Source Clock Delay      (SCD):    3.005ns
    Clock Pessimism Removal (CPR):    0.115ns
  Clock Uncertainty:      0.243ns  ((TSJ^2 + TIJ^2)^1/2 + DJ) / 2 + PE
    Total System Jitter     (TSJ):    0.071ns
    Total Input Jitter      (TIJ):    0.480ns
    Discrete Jitter          (DJ):    0.000ns
    Phase Error              (PE):    0.000ns

    Location             Delay type                Incr(ns)  Path(ns)    Netlist Resource(s)
  -------------------------------------------------------------------    -------------------
                         (clock clk_fpga_0 rise edge)
                                                      0.000     0.000 r  
    PS7_X0Y0             PS7                          0.000     0.000 r  design_1_i/processing_system7_0/inst/PS7_i/FCLKCLK[0]
                         net (fo=1, routed)           1.193     1.193    design_1_i/processing_system7_0/inst/FCLK_CLK_unbuffered[0]
    BUFGCTRL_X0Y16                                                    r  design_1_i/processing_system7_0/inst/buffer_fclk_clk_0.FCLK_CLK_0_BUFG/I
    BUFGCTRL_X0Y16       BUFG (Prop_bufg_I_O)         0.101     1.294 r  design_1_i/processing_system7_0/inst/buffer_fclk_clk_0.FCLK_CLK_0_BUFG/O
                         net (fo=38067, routed)       1.711     3.005    design_1_i/vit_tlayer_fused_0/inst/fmul_32ns_32ns_32_3_max_dsp_1_U97/ap_clk
    SLICE_X61Y61         FDRE                                         r  design_1_i/vit_tlayer_fused_0/inst/fmul_32ns_32ns_32_3_max_dsp_1_U97/din0_buf1_reg[19]/C
  -------------------------------------------------------------------    -------------------
    SLICE_X61Y61         FDRE (Prop_fdre_C_Q)         0.419     3.424 r  design_1_i/vit_tlayer_fused_0/inst/fmul_32ns_32ns_32_3_max_dsp_1_U97/din0_buf1_reg[19]/Q
                         net (fo=2, routed)           1.788     5.212    design_1_i/vit_tlayer_fused_0/inst/fmul_32ns_32ns_32_3_max_dsp_1_U97/vit_transformer_layer_fused_ap_fmul_1_max_dsp_32_u/U0/i_synth/MULT.OP/i_non_prim.MULT/DSP48E1_SPD_SGL_VARIANT.FIX_MULT/DSP1/s_axis_a_tdata[19]
    DSP48_X2Y17                                                       r  design_1_i/vit_tlayer_fused_0/inst/fmul_32ns_32ns_32_3_max_dsp_1_U97/vit_transformer_layer_fused_ap_fmul_1_max_dsp_32_u/U0/i_synth/MULT.OP/i_non_prim.MULT/DSP48E1_SPD_SGL_VARIANT.FIX_MULT/DSP1/i_no_versal_es1_workaround.DSP/A[19]
    DSP48_X2Y17          DSP48E1 (Prop_dsp48e1_A[19]_PCOUT[47])
                                                      4.211     9.423 r  design_1_i/vit_tlayer_fused_0/inst/fmul_32ns_32ns_32_3_max_dsp_1_U97/vit_transformer_layer_fused_ap_fmul_1_max_dsp_32_u/U0/i_synth/MULT.OP/i_non_prim.MULT/DSP48E1_SPD_SGL_VARIANT.FIX_MULT/DSP1/i_no_versal_es1_workaround.DSP/PCOUT[47]
                         net (fo=1, routed)           0.002     9.425    design_1_i/vit_tlayer_fused_0/inst/fmul_32ns_32ns_32_3_max_dsp_1_U97/vit_transformer_layer_fused_ap_fmul_1_max_dsp_32_u/U0/i_synth/MULT.OP/i_non_prim.MULT/DSP48E1_SPD_SGL_VARIANT.FIX_MULT/DSP2/PCOUT[47]
    DSP48_X2Y18                                                       r  design_1_i/vit_tlayer_fused_0/inst/fmul_32ns_32ns_32_3_max_dsp_1_U97/vit_transformer_layer_fused_ap_fmul_1_max_dsp_32_u/U0/i_synth/MULT.OP/i_non_prim.MULT/DSP48E1_SPD_SGL_VARIANT.FIX_MULT/DSP2/i_no_versal_es1_workaround.DSP/PCIN[47]
    DSP48_X2Y18          DSP48E1 (Prop_dsp48e1_PCIN[47]_P[30])
                                                      1.518    10.943 r  design_1_i/vit_tlayer_fused_0/inst/fmul_32ns_32ns_32_3_max_dsp_1_U97/vit_transformer_layer_fused_ap_fmul_1_max_dsp_32_u/U0/i_synth/MULT.OP/i_non_prim.MULT/DSP48E1_SPD_SGL_VARIANT.FIX_MULT/DSP2/i_no_versal_es1_workaround.DSP/P[30]
                         net (fo=30, routed)          1.610    12.553    design_1_i/vit_tlayer_fused_0/inst/fmul_32ns_32ns_32_3_max_dsp_1_U97/vit_transformer_layer_fused_ap_fmul_1_max_dsp_32_u/U0/i_synth/MULT.OP/i_non_prim.EXP/EXP_ADD.C_CHAIN/RESULT[0]
    SLICE_X57Y54                                                      r  design_1_i/vit_tlayer_fused_0/inst/fmul_32ns_32ns_32_3_max_dsp_1_U97/vit_transformer_layer_fused_ap_fmul_1_max_dsp_32_u/U0/i_synth/MULT.OP/i_non_prim.EXP/EXP_ADD.C_CHAIN/RESULT_REG.NORMAL.exp_op[7]_i_10/I1
    SLICE_X57Y54         LUT4 (Prop_lut4_I1_O)        0.124    12.677 r  design_1_i/vit_tlayer_fused_0/inst/fmul_32ns_32ns_32_3_max_dsp_1_U97/vit_transformer_layer_fused_ap_fmul_1_max_dsp_32_u/U0/i_synth/MULT.OP/i_non_prim.EXP/EXP_ADD.C_CHAIN/RESULT_REG.NORMAL.exp_op[7]_i_10/O
                         net (fo=2, routed)           0.441    13.118    design_1_i/vit_tlayer_fused_0/inst/fmul_32ns_32ns_32_3_max_dsp_1_U97/vit_transformer_layer_fused_ap_fmul_1_max_dsp_32_u/U0/i_synth/MULT.OP/i_non_prim.EXP/EXP_ADD.C_CHAIN/state_int_up1__0
    SLICE_X56Y54                                                      r  design_1_i/vit_tlayer_fused_0/inst/fmul_32ns_32ns_32_3_max_dsp_1_U97/vit_transformer_layer_fused_ap_fmul_1_max_dsp_32_u/U0/i_synth/MULT.OP/i_non_prim.EXP/EXP_ADD.C_CHAIN/RESULT_REG.NORMAL.exp_op[7]_i_3/I1
    SLICE_X56Y54         LUT6 (Prop_lut6_I1_O)        0.124    13.242 r  design_1_i/vit_tlayer_fused_0/inst/fmul_32ns_32ns_32_3_max_dsp_1_U97/vit_transformer_layer_fused_ap_fmul_1_max_dsp_32_u/U0/i_synth/MULT.OP/i_non_prim.EXP/EXP_ADD.C_CHAIN/RESULT_REG.NORMAL.exp_op[7]_i_3/O
                         net (fo=11, routed)          0.832    14.074    design_1_i/vit_tlayer_fused_0/inst/fmul_32ns_32ns_32_3_max_dsp_1_U97/vit_transformer_layer_fused_ap_fmul_1_max_dsp_32_u/U0/i_synth/MULT.OP/i_non_prim.EXP/EXP_ADD.C_CHAIN/i_no_versal_es1_workaround.DSP_0
    SLICE_X56Y53                                                      r  design_1_i/vit_tlayer_fused_0/inst/fmul_32ns_32ns_32_3_max_dsp_1_U97/vit_transformer_layer_fused_ap_fmul_1_max_dsp_32_u/U0/i_synth/MULT.OP/i_non_prim.EXP/EXP_ADD.C_CHAIN/RESULT_REG.NORMAL.mant_op[21]_i_1/I0
    SLICE_X56Y53         LUT2 (Prop_lut2_I0_O)        0.124    14.198 r  design_1_i/vit_tlayer_fused_0/inst/fmul_32ns_32ns_32_3_max_dsp_1_U97/vit_transformer_layer_fused_ap_fmul_1_max_dsp_32_u/U0/i_synth/MULT.OP/i_non_prim.EXP/EXP_ADD.C_CHAIN/RESULT_REG.NORMAL.mant_op[21]_i_1/O
                         net (fo=22, routed)          1.223    15.421    design_1_i/vit_tlayer_fused_0/inst/fmul_32ns_32ns_32_3_max_dsp_1_U97/vit_transformer_layer_fused_ap_fmul_1_max_dsp_32_u/U0/i_synth/MULT.OP/i_non_prim.OP/state_op[1]
    SLICE_X36Y47         FDRE                                         r  design_1_i/vit_tlayer_fused_0/inst/fmul_32ns_32ns_32_3_max_dsp_1_U97/vit_transformer_layer_fused_ap_fmul_1_max_dsp_32_u/U0/i_synth/MULT.OP/i_non_prim.OP/RESULT_REG.NORMAL.mant_op_reg[21]/R
  -------------------------------------------------------------------    -------------------

                         (clock clk_fpga_0 rise edge)
                                                     16.000    16.000 r  
    PS7_X0Y0             PS7                          0.000    16.000 r  design_1_i/processing_system7_0/inst/PS7_i/FCLKCLK[0]
                         net (fo=1, routed)           1.088    17.088    design_1_i/processing_system7_0/inst/FCLK_CLK_unbuffered[0]
    BUFGCTRL_X0Y16                                                    r  design_1_i/processing_system7_0/inst/buffer_fclk_clk_0.FCLK_CLK_0_BUFG/I
    BUFGCTRL_X0Y16       BUFG (Prop_bufg_I_O)         0.091    17.179 r  design_1_i/processing_system7_0/inst/buffer_fclk_clk_0.FCLK_CLK_0_BUFG/O
                         net (fo=38067, routed)       1.496    18.675    design_1_i/vit_tlayer_fused_0/inst/fmul_32ns_32ns_32_3_max_dsp_1_U97/vit_transformer_layer_fused_ap_fmul_1_max_dsp_32_u/U0/i_synth/MULT.OP/i_non_prim.OP/aclk
    SLICE_X36Y47         FDRE                                         r  design_1_i/vit_tlayer_fused_0/inst/fmul_32ns_32ns_32_3_max_dsp_1_U97/vit_transformer_layer_fused_ap_fmul_1_max_dsp_32_u/U0/i_synth/MULT.OP/i_non_prim.OP/RESULT_REG.NORMAL.mant_op_reg[21]/C
                         clock pessimism              0.115    18.790    
                         clock uncertainty           -0.243    18.548    
    SLICE_X36Y47         FDRE (Setup_fdre_C_R)       -0.524    18.024    design_1_i/vit_tlayer_fused_0/inst/fmul_32ns_32ns_32_3_max_dsp_1_U97/vit_transformer_layer_fused_ap_fmul_1_max_dsp_32_u/U0/i_synth/MULT.OP/i_non_prim.OP/RESULT_REG.NORMAL.mant_op_reg[21]
  -------------------------------------------------------------------
                         required time                         18.024    
                         arrival time                         -15.421    
  -------------------------------------------------------------------
                         slack                                  2.603    

Slack (MET) :             2.603ns  (required time - arrival time)
  Source:                 design_1_i/vit_tlayer_fused_0/inst/fmul_32ns_32ns_32_3_max_dsp_1_U97/din0_buf1_reg[19]/C
                            (rising edge-triggered cell FDRE clocked by clk_fpga_0  {rise@0.000ns fall@8.000ns period=16.000ns})
  Destination:            design_1_i/vit_tlayer_fused_0/inst/fmul_32ns_32ns_32_3_max_dsp_1_U97/vit_transformer_layer_fused_ap_fmul_1_max_dsp_32_u/U0/i_synth/MULT.OP/i_non_prim.OP/RESULT_REG.NORMAL.mant_op_reg[2]/R
                            (rising edge-triggered cell FDRE clocked by clk_fpga_0  {rise@0.000ns fall@8.000ns period=16.000ns})
  Path Group:             clk_fpga_0
  Path Type:              Setup (Max at Slow Process Corner)
  Requirement:            16.000ns  (clk_fpga_0 rise@16.000ns - clk_fpga_0 rise@0.000ns)
  Data Path Delay:        12.416ns  (logic 6.520ns (52.513%)  route 5.896ns (47.487%))
  Logic Levels:           5  (DSP48E1=2 LUT2=1 LUT4=1 LUT6=1)
  Clock Path Skew:        -0.215ns (DCD - SCD + CPR)
    Destination Clock Delay (DCD):    2.675ns = ( 18.675 - 16.000 ) 
    Source Clock Delay      (SCD):    3.005ns
    Clock Pessimism Removal (CPR):    0.115ns
  Clock Uncertainty:      0.243ns  ((TSJ^2 + TIJ^2)^1/2 + DJ) / 2 + PE
    Total System Jitter     (TSJ):    0.071ns
    Total Input Jitter      (TIJ):    0.480ns
    Discrete Jitter          (DJ):    0.000ns
    Phase Error              (PE):    0.000ns

    Location             Delay type                Incr(ns)  Path(ns)    Netlist Resource(s)
  -------------------------------------------------------------------    -------------------
                         (clock clk_fpga_0 rise edge)
                                                      0.000     0.000 r  
    PS7_X0Y0             PS7                          0.000     0.000 r  design_1_i/processing_system7_0/inst/PS7_i/FCLKCLK[0]
                         net (fo=1, routed)           1.193     1.193    design_1_i/processing_system7_0/inst/FCLK_CLK_unbuffered[0]
    BUFGCTRL_X0Y16                                                    r  design_1_i/processing_system7_0/inst/buffer_fclk_clk_0.FCLK_CLK_0_BUFG/I
    BUFGCTRL_X0Y16       BUFG (Prop_bufg_I_O)         0.101     1.294 r  design_1_i/processing_system7_0/inst/buffer_fclk_clk_0.FCLK_CLK_0_BUFG/O
                         net (fo=38067, routed)       1.711     3.005    design_1_i/vit_tlayer_fused_0/inst/fmul_32ns_32ns_32_3_max_dsp_1_U97/ap_clk
    SLICE_X61Y61         FDRE                                         r  design_1_i/vit_tlayer_fused_0/inst/fmul_32ns_32ns_32_3_max_dsp_1_U97/din0_buf1_reg[19]/C
  -------------------------------------------------------------------    -------------------
    SLICE_X61Y61         FDRE (Prop_fdre_C_Q)         0.419     3.424 r  design_1_i/vit_tlayer_fused_0/inst/fmul_32ns_32ns_32_3_max_dsp_1_U97/din0_buf1_reg[19]/Q
                         net (fo=2, routed)           1.788     5.212    design_1_i/vit_tlayer_fused_0/inst/fmul_32ns_32ns_32_3_max_dsp_1_U97/vit_transformer_layer_fused_ap_fmul_1_max_dsp_32_u/U0/i_synth/MULT.OP/i_non_prim.MULT/DSP48E1_SPD_SGL_VARIANT.FIX_MULT/DSP1/s_axis_a_tdata[19]
    DSP48_X2Y17                                                       r  design_1_i/vit_tlayer_fused_0/inst/fmul_32ns_32ns_32_3_max_dsp_1_U97/vit_transformer_layer_fused_ap_fmul_1_max_dsp_32_u/U0/i_synth/MULT.OP/i_non_prim.MULT/DSP48E1_SPD_SGL_VARIANT.FIX_MULT/DSP1/i_no_versal_es1_workaround.DSP/A[19]
    DSP48_X2Y17          DSP48E1 (Prop_dsp48e1_A[19]_PCOUT[47])
                                                      4.211     9.423 r  design_1_i/vit_tlayer_fused_0/inst/fmul_32ns_32ns_32_3_max_dsp_1_U97/vit_transformer_layer_fused_ap_fmul_1_max_dsp_32_u/U0/i_synth/MULT.OP/i_non_prim.MULT/DSP48E1_SPD_SGL_VARIANT.FIX_MULT/DSP1/i_no_versal_es1_workaround.DSP/PCOUT[47]
                         net (fo=1, routed)           0.002     9.425    design_1_i/vit_tlayer_fused_0/inst/fmul_32ns_32ns_32_3_max_dsp_1_U97/vit_transformer_layer_fused_ap_fmul_1_max_dsp_32_u/U0/i_synth/MULT.OP/i_non_prim.MULT/DSP48E1_SPD_SGL_VARIANT.FIX_MULT/DSP2/PCOUT[47]
    DSP48_X2Y18                                                       r  design_1_i/vit_tlayer_fused_0/inst/fmul_32ns_32ns_32_3_max_dsp_1_U97/vit_transformer_layer_fused_ap_fmul_1_max_dsp_32_u/U0/i_synth/MULT.OP/i_non_prim.MULT/DSP48E1_SPD_SGL_VARIANT.FIX_MULT/DSP2/i_no_versal_es1_workaround.DSP/PCIN[47]
    DSP48_X2Y18          DSP48E1 (Prop_dsp48e1_PCIN[47]_P[30])
                                                      1.518    10.943 r  design_1_i/vit_tlayer_fused_0/inst/fmul_32ns_32ns_32_3_max_dsp_1_U97/vit_transformer_layer_fused_ap_fmul_1_max_dsp_32_u/U0/i_synth/MULT.OP/i_non_prim.MULT/DSP48E1_SPD_SGL_VARIANT.FIX_MULT/DSP2/i_no_versal_es1_workaround.DSP/P[30]
                         net (fo=30, routed)          1.610    12.553    design_1_i/vit_tlayer_fused_0/inst/fmul_32ns_32ns_32_3_max_dsp_1_U97/vit_transformer_layer_fused_ap_fmul_1_max_dsp_32_u/U0/i_synth/MULT.OP/i_non_prim.EXP/EXP_ADD.C_CHAIN/RESULT[0]
    SLICE_X57Y54                                                      r  design_1_i/vit_tlayer_fused_0/inst/fmul_32ns_32ns_32_3_max_dsp_1_U97/vit_transformer_layer_fused_ap_fmul_1_max_dsp_32_u/U0/i_synth/MULT.OP/i_non_prim.EXP/EXP_ADD.C_CHAIN/RESULT_REG.NORMAL.exp_op[7]_i_10/I1
    SLICE_X57Y54         LUT4 (Prop_lut4_I1_O)        0.124    12.677 r  design_1_i/vit_tlayer_fused_0/inst/fmul_32ns_32ns_32_3_max_dsp_1_U97/vit_transformer_layer_fused_ap_fmul_1_max_dsp_32_u/U0/i_synth/MULT.OP/i_non_prim.EXP/EXP_ADD.C_CHAIN/RESULT_REG.NORMAL.exp_op[7]_i_10/O
                         net (fo=2, routed)           0.441    13.118    design_1_i/vit_tlayer_fused_0/inst/fmul_32ns_32ns_32_3_max_dsp_1_U97/vit_transformer_layer_fused_ap_fmul_1_max_dsp_32_u/U0/i_synth/MULT.OP/i_non_prim.EXP/EXP_ADD.C_CHAIN/state_int_up1__0
    SLICE_X56Y54                                                      r  design_1_i/vit_tlayer_fused_0/inst/fmul_32ns_32ns_32_3_max_dsp_1_U97/vit_transformer_layer_fused_ap_fmul_1_max_dsp_32_u/U0/i_synth/MULT.OP/i_non_prim.EXP/EXP_ADD.C_CHAIN/RESULT_REG.NORMAL.exp_op[7]_i_3/I1
    SLICE_X56Y54         LUT6 (Prop_lut6_I1_O)        0.124    13.242 r  design_1_i/vit_tlayer_fused_0/inst/fmul_32ns_32ns_32_3_max_dsp_1_U97/vit_transformer_layer_fused_ap_fmul_1_max_dsp_32_u/U0/i_synth/MULT.OP/i_non_prim.EXP/EXP_ADD.C_CHAIN/RESULT_REG.NORMAL.exp_op[7]_i_3/O
                         net (fo=11, routed)          0.832    14.074    design_1_i/vit_tlayer_fused_0/inst/fmul_32ns_32ns_32_3_max_dsp_1_U97/vit_transformer_layer_fused_ap_fmul_1_max_dsp_32_u/U0/i_synth/MULT.OP/i_non_prim.EXP/EXP_ADD.C_CHAIN/i_no_versal_es1_workaround.DSP_0
    SLICE_X56Y53                                                      r  design_1_i/vit_tlayer_fused_0/inst/fmul_32ns_32ns_32_3_max_dsp_1_U97/vit_transformer_layer_fused_ap_fmul_1_max_dsp_32_u/U0/i_synth/MULT.OP/i_non_prim.EXP/EXP_ADD.C_CHAIN/RESULT_REG.NORMAL.mant_op[21]_i_1/I0
    SLICE_X56Y53         LUT2 (Prop_lut2_I0_O)        0.124    14.198 r  design_1_i/vit_tlayer_fused_0/inst/fmul_32ns_32ns_32_3_max_dsp_1_U97/vit_transformer_layer_fused_ap_fmul_1_max_dsp_32_u/U0/i_synth/MULT.OP/i_non_prim.EXP/EXP_ADD.C_CHAIN/RESULT_REG.NORMAL.mant_op[21]_i_1/O
                         net (fo=22, routed)          1.223    15.421    design_1_i/vit_tlayer_fused_0/inst/fmul_32ns_32ns_32_3_max_dsp_1_U97/vit_transformer_layer_fused_ap_fmul_1_max_dsp_32_u/U0/i_synth/MULT.OP/i_non_prim.OP/state_op[1]
    SLICE_X36Y47         FDRE                                         r  design_1_i/vit_tlayer_fused_0/inst/fmul_32ns_32ns_32_3_max_dsp_1_U97/vit_transformer_layer_fused_ap_fmul_1_max_dsp_32_u/U0/i_synth/MULT.OP/i_non_prim.OP/RESULT_REG.NORMAL.mant_op_reg[2]/R
  -------------------------------------------------------------------    -------------------

                         (clock clk_fpga_0 rise edge)
                                                     16.000    16.000 r  
    PS7_X0Y0             PS7                          0.000    16.000 r  design_1_i/processing_system7_0/inst/PS7_i/FCLKCLK[0]
                         net (fo=1, routed)           1.088    17.088    design_1_i/processing_system7_0/inst/FCLK_CLK_unbuffered[0]
    BUFGCTRL_X0Y16                                                    r  design_1_i/processing_system7_0/inst/buffer_fclk_clk_0.FCLK_CLK_0_BUFG/I
    BUFGCTRL_X0Y16       BUFG (Prop_bufg_I_O)         0.091    17.179 r  design_1_i/processing_system7_0/inst/buffer_fclk_clk_0.FCLK_CLK_0_BUFG/O
                         net (fo=38067, routed)       1.496    18.675    design_1_i/vit_tlayer_fused_0/inst/fmul_32ns_32ns_32_3_max_dsp_1_U97/vit_transformer_layer_fused_ap_fmul_1_max_dsp_32_u/U0/i_synth/MULT.OP/i_non_prim.OP/aclk
    SLICE_X36Y47         FDRE                                         r  design_1_i/vit_tlayer_fused_0/inst/fmul_32ns_32ns_32_3_max_dsp_1_U97/vit_transformer_layer_fused_ap_fmul_1_max_dsp_32_u/U0/i_synth/MULT.OP/i_non_prim.OP/RESULT_REG.NORMAL.mant_op_reg[2]/C
                         clock pessimism              0.115    18.790    
                         clock uncertainty           -0.243    18.548    
    SLICE_X36Y47         FDRE (Setup_fdre_C_R)       -0.524    18.024    design_1_i/vit_tlayer_fused_0/inst/fmul_32ns_32ns_32_3_max_dsp_1_U97/vit_transformer_layer_fused_ap_fmul_1_max_dsp_32_u/U0/i_synth/MULT.OP/i_non_prim.OP/RESULT_REG.NORMAL.mant_op_reg[2]
  -------------------------------------------------------------------
                         required time                         18.024    
                         arrival time                         -15.421    
  -------------------------------------------------------------------
                         slack                                  2.603    





Min Delay Paths
--------------------------------------------------------------------------------------
Slack (MET) :             0.013ns  (arrival time - required time)
  Source:                 design_1_i/vit_tlayer_fused_0/inst/grp_layer_norm_fused_fu_8596/trunc_ln_reg_1988_reg[0]/C
                            (rising edge-triggered cell FDRE clocked by clk_fpga_0  {rise@0.000ns fall@8.000ns period=16.000ns})
  Destination:            design_1_i/vit_tlayer_fused_0/inst/grp_layer_norm_fused_fu_8596/sext_ln114_reg_2044_reg[0]/D
                            (rising edge-triggered cell FDRE clocked by clk_fpga_0  {rise@0.000ns fall@8.000ns period=16.000ns})
  Path Group:             clk_fpga_0
  Path Type:              Hold (Min at Fast Process Corner)
  Requirement:            0.000ns  (clk_fpga_0 rise@0.000ns - clk_fpga_0 rise@0.000ns)
  Data Path Delay:        0.264ns  (logic 0.164ns (62.011%)  route 0.100ns (37.989%))
  Logic Levels:           0  
  Clock Path Skew:        0.182ns (DCD - SCD - CPR)
    Destination Clock Delay (DCD):    1.215ns
    Source Clock Delay      (SCD):    0.998ns
    Clock Pessimism Removal (CPR):    0.035ns

    Location             Delay type                Incr(ns)  Path(ns)    Netlist Resource(s)
  -------------------------------------------------------------------    -------------------
                         (clock clk_fpga_0 rise edge)
                                                      0.000     0.000 r  
    PS7_X0Y0             PS7                          0.000     0.000 r  design_1_i/processing_system7_0/inst/PS7_i/FCLKCLK[0]
                         net (fo=1, routed)           0.310     0.310    design_1_i/processing_system7_0/inst/FCLK_CLK_unbuffered[0]
    BUFGCTRL_X0Y16                                                    r  design_1_i/processing_system7_0/inst/buffer_fclk_clk_0.FCLK_CLK_0_BUFG/I
    BUFGCTRL_X0Y16       BUFG (Prop_bufg_I_O)         0.026     0.336 r  design_1_i/processing_system7_0/inst/buffer_fclk_clk_0.FCLK_CLK_0_BUFG/O
                         net (fo=38067, routed)       0.662     0.998    design_1_i/vit_tlayer_fused_0/inst/grp_layer_norm_fused_fu_8596/ap_clk
    SLICE_X62Y100        FDRE                                         r  design_1_i/vit_tlayer_fused_0/inst/grp_layer_norm_fused_fu_8596/trunc_ln_reg_1988_reg[0]/C
  -------------------------------------------------------------------    -------------------
    SLICE_X62Y100        FDRE (Prop_fdre_C_Q)         0.164     1.162 r  design_1_i/vit_tlayer_fused_0/inst/grp_layer_norm_fused_fu_8596/trunc_ln_reg_1988_reg[0]/Q
                         net (fo=1, routed)           0.100     1.262    design_1_i/vit_tlayer_fused_0/inst/grp_layer_norm_fused_fu_8596/trunc_ln_reg_1988[0]
    SLICE_X61Y99         FDRE                                         r  design_1_i/vit_tlayer_fused_0/inst/grp_layer_norm_fused_fu_8596/sext_ln114_reg_2044_reg[0]/D
  -------------------------------------------------------------------    -------------------

                         (clock clk_fpga_0 rise edge)
                                                      0.000     0.000 r  
    PS7_X0Y0             PS7                          0.000     0.000 r  design_1_i/processing_system7_0/inst/PS7_i/FCLKCLK[0]
                         net (fo=1, routed)           0.337     0.337    design_1_i/processing_system7_0/inst/FCLK_CLK_unbuffered[0]
    BUFGCTRL_X0Y16                                                    r  design_1_i/processing_system7_0/inst/buffer_fclk_clk_0.FCLK_CLK_0_BUFG/I
    BUFGCTRL_X0Y16       BUFG (Prop_bufg_I_O)         0.029     0.366 r  design_1_i/processing_system7_0/inst/buffer_fclk_clk_0.FCLK_CLK_0_BUFG/O
                         net (fo=38067, routed)       0.849     1.215    design_1_i/vit_tlayer_fused_0/inst/grp_layer_norm_fused_fu_8596/ap_clk
    SLICE_X61Y99         FDRE                                         r  design_1_i/vit_tlayer_fused_0/inst/grp_layer_norm_fused_fu_8596/sext_ln114_reg_2044_reg[0]/C
                         clock pessimism             -0.035     1.180    
    SLICE_X61Y99         FDRE (Hold_fdre_C_D)         0.070     1.250    design_1_i/vit_tlayer_fused_0/inst/grp_layer_norm_fused_fu_8596/sext_ln114_reg_2044_reg[0]
  -------------------------------------------------------------------
                         required time                         -1.250    
                         arrival time                           1.262    
  -------------------------------------------------------------------
                         slack                                  0.013    

Slack (MET) :             0.013ns  (arrival time - required time)
  Source:                 design_1_i/vit_tlayer_fused_0/inst/gmem_out_m_axi_U/bus_write/start_addr_reg[34]/C
                            (rising edge-triggered cell FDRE clocked by clk_fpga_0  {rise@0.000ns fall@8.000ns period=16.000ns})
  Destination:            design_1_i/vit_tlayer_fused_0/inst/gmem_out_m_axi_U/bus_write/end_addr_buf_reg[34]/D
                            (rising edge-triggered cell FDRE clocked by clk_fpga_0  {rise@0.000ns fall@8.000ns period=16.000ns})
  Path Group:             clk_fpga_0
  Path Type:              Hold (Min at Fast Process Corner)
  Requirement:            0.000ns  (clk_fpga_0 rise@0.000ns - clk_fpga_0 rise@0.000ns)
  Data Path Delay:        0.404ns  (logic 0.279ns (69.048%)  route 0.125ns (30.952%))
  Logic Levels:           1  (CARRY4=1)
  Clock Path Skew:        0.286ns (DCD - SCD - CPR)
    Destination Clock Delay (DCD):    1.226ns
    Source Clock Delay      (SCD):    0.910ns
    Clock Pessimism Removal (CPR):    0.030ns

    Location             Delay type                Incr(ns)  Path(ns)    Netlist Resource(s)
  -------------------------------------------------------------------    -------------------
                         (clock clk_fpga_0 rise edge)
                                                      0.000     0.000 r  
    PS7_X0Y0             PS7                          0.000     0.000 r  design_1_i/processing_system7_0/inst/PS7_i/FCLKCLK[0]
                         net (fo=1, routed)           0.310     0.310    design_1_i/processing_system7_0/inst/FCLK_CLK_unbuffered[0]
    BUFGCTRL_X0Y16                                                    r  design_1_i/processing_system7_0/inst/buffer_fclk_clk_0.FCLK_CLK_0_BUFG/I
    BUFGCTRL_X0Y16       BUFG (Prop_bufg_I_O)         0.026     0.336 r  design_1_i/processing_system7_0/inst/buffer_fclk_clk_0.FCLK_CLK_0_BUFG/O
                         net (fo=38067, routed)       0.574     0.910    design_1_i/vit_tlayer_fused_0/inst/gmem_out_m_axi_U/bus_write/ap_clk
    SLICE_X26Y50         FDRE                                         r  design_1_i/vit_tlayer_fused_0/inst/gmem_out_m_axi_U/bus_write/start_addr_reg[34]/C
  -------------------------------------------------------------------    -------------------
    SLICE_X26Y50         FDRE (Prop_fdre_C_Q)         0.164     1.074 r  design_1_i/vit_tlayer_fused_0/inst/gmem_out_m_axi_U/bus_write/start_addr_reg[34]/Q
                         net (fo=3, routed)           0.125     1.199    design_1_i/vit_tlayer_fused_0/inst/gmem_out_m_axi_U/bus_write/start_addr_reg_n_6_[34]
    SLICE_X27Y49                                                      r  design_1_i/vit_tlayer_fused_0/inst/gmem_out_m_axi_U/bus_write/end_addr_buf_reg[37]_i_1__4/S[0]
    SLICE_X27Y49         CARRY4 (Prop_carry4_S[0]_O[0])
                                                      0.115     1.314 r  design_1_i/vit_tlayer_fused_0/inst/gmem_out_m_axi_U/bus_write/end_addr_buf_reg[37]_i_1__4/O[0]
                         net (fo=1, routed)           0.000     1.314    design_1_i/vit_tlayer_fused_0/inst/gmem_out_m_axi_U/bus_write/end_addr[34]
    SLICE_X27Y49         FDRE                                         r  design_1_i/vit_tlayer_fused_0/inst/gmem_out_m_axi_U/bus_write/end_addr_buf_reg[34]/D
  -------------------------------------------------------------------    -------------------

                         (clock clk_fpga_0 rise edge)
                                                      0.000     0.000 r  
    PS7_X0Y0             PS7                          0.000     0.000 r  design_1_i/processing_system7_0/inst/PS7_i/FCLKCLK[0]
                         net (fo=1, routed)           0.337     0.337    design_1_i/processing_system7_0/inst/FCLK_CLK_unbuffered[0]
    BUFGCTRL_X0Y16                                                    r  design_1_i/processing_system7_0/inst/buffer_fclk_clk_0.FCLK_CLK_0_BUFG/I
    BUFGCTRL_X0Y16       BUFG (Prop_bufg_I_O)         0.029     0.366 r  design_1_i/processing_system7_0/inst/buffer_fclk_clk_0.FCLK_CLK_0_BUFG/O
                         net (fo=38067, routed)       0.860     1.226    design_1_i/vit_tlayer_fused_0/inst/gmem_out_m_axi_U/bus_write/ap_clk
    SLICE_X27Y49         FDRE                                         r  design_1_i/vit_tlayer_fused_0/inst/gmem_out_m_axi_U/bus_write/end_addr_buf_reg[34]/C
                         clock pessimism             -0.030     1.196    
    SLICE_X27Y49         FDRE (Hold_fdre_C_D)         0.105     1.301    design_1_i/vit_tlayer_fused_0/inst/gmem_out_m_axi_U/bus_write/end_addr_buf_reg[34]
  -------------------------------------------------------------------
                         required time                         -1.301    
                         arrival time                           1.314    
  -------------------------------------------------------------------
                         slack                                  0.013    

Slack (MET) :             0.017ns  (arrival time - required time)
  Source:                 design_1_i/vit_tlayer_fused_0/inst/grp_layer_norm_fused_fu_8596/trunc_ln_reg_1988_reg[2]/C
                            (rising edge-triggered cell FDRE clocked by clk_fpga_0  {rise@0.000ns fall@8.000ns period=16.000ns})
  Destination:            design_1_i/vit_tlayer_fused_0/inst/grp_layer_norm_fused_fu_8596/sext_ln114_reg_2044_reg[2]/D
                            (rising edge-triggered cell FDRE clocked by clk_fpga_0  {rise@0.000ns fall@8.000ns period=16.000ns})
  Path Group:             clk_fpga_0
  Path Type:              Hold (Min at Fast Process Corner)
  Requirement:            0.000ns  (clk_fpga_0 rise@0.000ns - clk_fpga_0 rise@0.000ns)
  Data Path Delay:        0.264ns  (logic 0.164ns (62.011%)  route 0.100ns (37.989%))
  Logic Levels:           0  
  Clock Path Skew:        0.182ns (DCD - SCD - CPR)
    Destination Clock Delay (DCD):    1.215ns
    Source Clock Delay      (SCD):    0.998ns
    Clock Pessimism Removal (CPR):    0.035ns

    Location             Delay type                Incr(ns)  Path(ns)    Netlist Resource(s)
  -------------------------------------------------------------------    -------------------
                         (clock clk_fpga_0 rise edge)
                                                      0.000     0.000 r  
    PS7_X0Y0             PS7                          0.000     0.000 r  design_1_i/processing_system7_0/inst/PS7_i/FCLKCLK[0]
                         net (fo=1, routed)           0.310     0.310    design_1_i/processing_system7_0/inst/FCLK_CLK_unbuffered[0]
    BUFGCTRL_X0Y16                                                    r  design_1_i/processing_system7_0/inst/buffer_fclk_clk_0.FCLK_CLK_0_BUFG/I
    BUFGCTRL_X0Y16       BUFG (Prop_bufg_I_O)         0.026     0.336 r  design_1_i/processing_system7_0/inst/buffer_fclk_clk_0.FCLK_CLK_0_BUFG/O
                         net (fo=38067, routed)       0.662     0.998    design_1_i/vit_tlayer_fused_0/inst/grp_layer_norm_fused_fu_8596/ap_clk
    SLICE_X62Y100        FDRE                                         r  design_1_i/vit_tlayer_fused_0/inst/grp_layer_norm_fused_fu_8596/trunc_ln_reg_1988_reg[2]/C
  -------------------------------------------------------------------    -------------------
    SLICE_X62Y100        FDRE (Prop_fdre_C_Q)         0.164     1.162 r  design_1_i/vit_tlayer_fused_0/inst/grp_layer_norm_fused_fu_8596/trunc_ln_reg_1988_reg[2]/Q
                         net (fo=1, routed)           0.100     1.262    design_1_i/vit_tlayer_fused_0/inst/grp_layer_norm_fused_fu_8596/trunc_ln_reg_1988[2]
    SLICE_X61Y99         FDRE                                         r  design_1_i/vit_tlayer_fused_0/inst/grp_layer_norm_fused_fu_8596/sext_ln114_reg_2044_reg[2]/D
  -------------------------------------------------------------------    -------------------

                         (clock clk_fpga_0 rise edge)
                                                      0.000     0.000 r  
    PS7_X0Y0             PS7                          0.000     0.000 r  design_1_i/processing_system7_0/inst/PS7_i/FCLKCLK[0]
                         net (fo=1, routed)           0.337     0.337    design_1_i/processing_system7_0/inst/FCLK_CLK_unbuffered[0]
    BUFGCTRL_X0Y16                                                    r  design_1_i/processing_system7_0/inst/buffer_fclk_clk_0.FCLK_CLK_0_BUFG/I
    BUFGCTRL_X0Y16       BUFG (Prop_bufg_I_O)         0.029     0.366 r  design_1_i/processing_system7_0/inst/buffer_fclk_clk_0.FCLK_CLK_0_BUFG/O
                         net (fo=38067, routed)       0.849     1.215    design_1_i/vit_tlayer_fused_0/inst/grp_layer_norm_fused_fu_8596/ap_clk
    SLICE_X61Y99         FDRE                                         r  design_1_i/vit_tlayer_fused_0/inst/grp_layer_norm_fused_fu_8596/sext_ln114_reg_2044_reg[2]/C
                         clock pessimism             -0.035     1.180    
    SLICE_X61Y99         FDRE (Hold_fdre_C_D)         0.066     1.246    design_1_i/vit_tlayer_fused_0/inst/grp_layer_norm_fused_fu_8596/sext_ln114_reg_2044_reg[2]
  -------------------------------------------------------------------
                         required time                         -1.246    
                         arrival time                           1.262    
  -------------------------------------------------------------------
                         slack                                  0.017    

Slack (MET) :             0.023ns  (arrival time - required time)
  Source:                 design_1_i/vit_tlayer_fused_0/inst/gmem_attnw_m_axi_U/bus_read/fifo_rreq/q_reg[15]/C
                            (rising edge-triggered cell FDRE clocked by clk_fpga_0  {rise@0.000ns fall@8.000ns period=16.000ns})
  Destination:            design_1_i/vit_tlayer_fused_0/inst/gmem_attnw_m_axi_U/bus_read/start_addr_reg[17]/D
                            (rising edge-triggered cell FDRE clocked by clk_fpga_0  {rise@0.000ns fall@8.000ns period=16.000ns})
  Path Group:             clk_fpga_0
  Path Type:              Hold (Min at Fast Process Corner)
  Requirement:            0.000ns  (clk_fpga_0 rise@0.000ns - clk_fpga_0 rise@0.000ns)
  Data Path Delay:        0.312ns  (logic 0.148ns (47.424%)  route 0.164ns (52.576%))
  Logic Levels:           0  
  Clock Path Skew:        0.267ns (DCD - SCD - CPR)
    Destination Clock Delay (DCD):    1.188ns
    Source Clock Delay      (SCD):    0.886ns
    Clock Pessimism Removal (CPR):    0.035ns

    Location             Delay type                Incr(ns)  Path(ns)    Netlist Resource(s)
  -------------------------------------------------------------------    -------------------
                         (clock clk_fpga_0 rise edge)
                                                      0.000     0.000 r  
    PS7_X0Y0             PS7                          0.000     0.000 r  design_1_i/processing_system7_0/inst/PS7_i/FCLKCLK[0]
                         net (fo=1, routed)           0.310     0.310    design_1_i/processing_system7_0/inst/FCLK_CLK_unbuffered[0]
    BUFGCTRL_X0Y16                                                    r  design_1_i/processing_system7_0/inst/buffer_fclk_clk_0.FCLK_CLK_0_BUFG/I
    BUFGCTRL_X0Y16       BUFG (Prop_bufg_I_O)         0.026     0.336 r  design_1_i/processing_system7_0/inst/buffer_fclk_clk_0.FCLK_CLK_0_BUFG/O
                         net (fo=38067, routed)       0.550     0.886    design_1_i/vit_tlayer_fused_0/inst/gmem_attnw_m_axi_U/bus_read/fifo_rreq/ap_clk
    SLICE_X50Y61         FDRE                                         r  design_1_i/vit_tlayer_fused_0/inst/gmem_attnw_m_axi_U/bus_read/fifo_rreq/q_reg[15]/C
  -------------------------------------------------------------------    -------------------
    SLICE_X50Y61         FDRE (Prop_fdre_C_Q)         0.148     1.034 r  design_1_i/vit_tlayer_fused_0/inst/gmem_attnw_m_axi_U/bus_read/fifo_rreq/q_reg[15]/Q
                         net (fo=1, routed)           0.164     1.198    design_1_i/vit_tlayer_fused_0/inst/gmem_attnw_m_axi_U/bus_read/q[15]
    SLICE_X48Y61         FDRE                                         r  design_1_i/vit_tlayer_fused_0/inst/gmem_attnw_m_axi_U/bus_read/start_addr_reg[17]/D
  -------------------------------------------------------------------    -------------------

                         (clock clk_fpga_0 rise edge)
                                                      0.000     0.000 r  
    PS7_X0Y0             PS7                          0.000     0.000 r  design_1_i/processing_system7_0/inst/PS7_i/FCLKCLK[0]
                         net (fo=1, routed)           0.337     0.337    design_1_i/processing_system7_0/inst/FCLK_CLK_unbuffered[0]
    BUFGCTRL_X0Y16                                                    r  design_1_i/processing_system7_0/inst/buffer_fclk_clk_0.FCLK_CLK_0_BUFG/I
    BUFGCTRL_X0Y16       BUFG (Prop_bufg_I_O)         0.029     0.366 r  design_1_i/processing_system7_0/inst/buffer_fclk_clk_0.FCLK_CLK_0_BUFG/O
                         net (fo=38067, routed)       0.822     1.188    design_1_i/vit_tlayer_fused_0/inst/gmem_attnw_m_axi_U/bus_read/ap_clk
    SLICE_X48Y61         FDRE                                         r  design_1_i/vit_tlayer_fused_0/inst/gmem_attnw_m_axi_U/bus_read/start_addr_reg[17]/C
                         clock pessimism             -0.035     1.153    
    SLICE_X48Y61         FDRE (Hold_fdre_C_D)         0.022     1.175    design_1_i/vit_tlayer_fused_0/inst/gmem_attnw_m_axi_U/bus_read/start_addr_reg[17]
  -------------------------------------------------------------------
                         required time                         -1.175    
                         arrival time                           1.198    
  -------------------------------------------------------------------
                         slack                                  0.023    

Slack (MET) :             0.026ns  (arrival time - required time)
  Source:                 design_1_i/vit_tlayer_fused_0/inst/faddfsub_32ns_32ns_32_4_full_dsp_1_U55/din0_buf1_reg[10]/C
                            (rising edge-triggered cell FDRE clocked by clk_fpga_0  {rise@0.000ns fall@8.000ns period=16.000ns})
  Destination:            design_1_i/vit_tlayer_fused_0/inst/faddfsub_32ns_32ns_32_4_full_dsp_1_U55/vit_transformer_layer_fused_ap_faddfsub_2_full_dsp_32_u/U0/i_synth/ADDSUB_OP.ADDSUB/DSP.OP/A_IP_DELAY/i_pipe/opt_has_pipe.first_q_reg[10]/D
                            (rising edge-triggered cell FDRE clocked by clk_fpga_0  {rise@0.000ns fall@8.000ns period=16.000ns})
  Path Group:             clk_fpga_0
  Path Type:              Hold (Min at Fast Process Corner)
  Requirement:            0.000ns  (clk_fpga_0 rise@0.000ns - clk_fpga_0 rise@0.000ns)
  Data Path Delay:        0.367ns  (logic 0.141ns (38.412%)  route 0.226ns (61.588%))
  Logic Levels:           0  
  Clock Path Skew:        0.266ns (DCD - SCD - CPR)
    Destination Clock Delay (DCD):    1.187ns
    Source Clock Delay      (SCD):    0.886ns
    Clock Pessimism Removal (CPR):    0.035ns

    Location             Delay type                Incr(ns)  Path(ns)    Netlist Resource(s)
  -------------------------------------------------------------------    -------------------
                         (clock clk_fpga_0 rise edge)
                                                      0.000     0.000 r  
    PS7_X0Y0             PS7                          0.000     0.000 r  design_1_i/processing_system7_0/inst/PS7_i/FCLKCLK[0]
                         net (fo=1, routed)           0.310     0.310    design_1_i/processing_system7_0/inst/FCLK_CLK_unbuffered[0]
    BUFGCTRL_X0Y16                                                    r  design_1_i/processing_system7_0/inst/buffer_fclk_clk_0.FCLK_CLK_0_BUFG/I
    BUFGCTRL_X0Y16       BUFG (Prop_bufg_I_O)         0.026     0.336 r  design_1_i/processing_system7_0/inst/buffer_fclk_clk_0.FCLK_CLK_0_BUFG/O
                         net (fo=38067, routed)       0.550     0.886    design_1_i/vit_tlayer_fused_0/inst/faddfsub_32ns_32ns_32_4_full_dsp_1_U55/ap_clk
    SLICE_X52Y30         FDRE                                         r  design_1_i/vit_tlayer_fused_0/inst/faddfsub_32ns_32ns_32_4_full_dsp_1_U55/din0_buf1_reg[10]/C
  -------------------------------------------------------------------    -------------------
    SLICE_X52Y30         FDRE (Prop_fdre_C_Q)         0.141     1.026 r  design_1_i/vit_tlayer_fused_0/inst/faddfsub_32ns_32ns_32_4_full_dsp_1_U55/din0_buf1_reg[10]/Q
                         net (fo=4, routed)           0.226     1.253    design_1_i/vit_tlayer_fused_0/inst/faddfsub_32ns_32ns_32_4_full_dsp_1_U55/vit_transformer_layer_fused_ap_faddfsub_2_full_dsp_32_u/U0/i_synth/ADDSUB_OP.ADDSUB/DSP.OP/A_IP_DELAY/i_pipe/s_axis_a_tdata[10]
    SLICE_X48Y32         FDRE                                         r  design_1_i/vit_tlayer_fused_0/inst/faddfsub_32ns_32ns_32_4_full_dsp_1_U55/vit_transformer_layer_fused_ap_faddfsub_2_full_dsp_32_u/U0/i_synth/ADDSUB_OP.ADDSUB/DSP.OP/A_IP_DELAY/i_pipe/opt_has_pipe.first_q_reg[10]/D
  -------------------------------------------------------------------    -------------------

                         (clock clk_fpga_0 rise edge)
                                                      0.000     0.000 r  
    PS7_X0Y0             PS7                          0.000     0.000 r  design_1_i/processing_system7_0/inst/PS7_i/FCLKCLK[0]
                         net (fo=1, routed)           0.337     0.337    design_1_i/processing_system7_0/inst/FCLK_CLK_unbuffered[0]
    BUFGCTRL_X0Y16                                                    r  design_1_i/processing_system7_0/inst/buffer_fclk_clk_0.FCLK_CLK_0_BUFG/I
    BUFGCTRL_X0Y16       BUFG (Prop_bufg_I_O)         0.029     0.366 r  design_1_i/processing_system7_0/inst/buffer_fclk_clk_0.FCLK_CLK_0_BUFG/O
                         net (fo=38067, routed)       0.821     1.187    design_1_i/vit_tlayer_fused_0/inst/faddfsub_32ns_32ns_32_4_full_dsp_1_U55/vit_transformer_layer_fused_ap_faddfsub_2_full_dsp_32_u/U0/i_synth/ADDSUB_OP.ADDSUB/DSP.OP/A_IP_DELAY/i_pipe/aclk
    SLICE_X48Y32         FDRE                                         r  design_1_i/vit_tlayer_fused_0/inst/faddfsub_32ns_32ns_32_4_full_dsp_1_U55/vit_transformer_layer_fused_ap_faddfsub_2_full_dsp_32_u/U0/i_synth/ADDSUB_OP.ADDSUB/DSP.OP/A_IP_DELAY/i_pipe/opt_has_pipe.first_q_reg[10]/C
                         clock pessimism             -0.035     1.152    
    SLICE_X48Y32         FDRE (Hold_fdre_C_D)         0.075     1.227    design_1_i/vit_tlayer_fused_0/inst/faddfsub_32ns_32ns_32_4_full_dsp_1_U55/vit_transformer_layer_fused_ap_faddfsub_2_full_dsp_32_u/U0/i_synth/ADDSUB_OP.ADDSUB/DSP.OP/A_IP_DELAY/i_pipe/opt_has_pipe.first_q_reg[10]
  -------------------------------------------------------------------
                         required time                         -1.227    
                         arrival time                           1.253    
  -------------------------------------------------------------------
                         slack                                  0.026    

Slack (MET) :             0.032ns  (arrival time - required time)
  Source:                 design_1_i/vit_tlayer_fused_0/inst/control_s_axi_U/int_norm1_w_reg[15]/C
                            (rising edge-triggered cell FDRE clocked by clk_fpga_0  {rise@0.000ns fall@8.000ns period=16.000ns})
  Destination:            design_1_i/vit_tlayer_fused_0/inst/norm1_w_read_reg_15113_reg[15]/D
                            (rising edge-triggered cell FDRE clocked by clk_fpga_0  {rise@0.000ns fall@8.000ns period=16.000ns})
  Path Group:             clk_fpga_0
  Path Type:              Hold (Min at Fast Process Corner)
  Requirement:            0.000ns  (clk_fpga_0 rise@0.000ns - clk_fpga_0 rise@0.000ns)
  Data Path Delay:        0.301ns  (logic 0.128ns (42.493%)  route 0.173ns (57.507%))
  Logic Levels:           0  
  Clock Path Skew:        0.260ns (DCD - SCD - CPR)
    Destination Clock Delay (DCD):    1.272ns
    Source Clock Delay      (SCD):    0.973ns
    Clock Pessimism Removal (CPR):    0.039ns

    Location             Delay type                Incr(ns)  Path(ns)    Netlist Resource(s)
  -------------------------------------------------------------------    -------------------
                         (clock clk_fpga_0 rise edge)
                                                      0.000     0.000 r  
    PS7_X0Y0             PS7                          0.000     0.000 r  design_1_i/processing_system7_0/inst/PS7_i/FCLKCLK[0]
                         net (fo=1, routed)           0.310     0.310    design_1_i/processing_system7_0/inst/FCLK_CLK_unbuffered[0]
    BUFGCTRL_X0Y16                                                    r  design_1_i/processing_system7_0/inst/buffer_fclk_clk_0.FCLK_CLK_0_BUFG/I
    BUFGCTRL_X0Y16       BUFG (Prop_bufg_I_O)         0.026     0.336 r  design_1_i/processing_system7_0/inst/buffer_fclk_clk_0.FCLK_CLK_0_BUFG/O
                         net (fo=38067, routed)       0.637     0.973    design_1_i/vit_tlayer_fused_0/inst/control_s_axi_U/ap_clk
    SLICE_X48Y104        FDRE                                         r  design_1_i/vit_tlayer_fused_0/inst/control_s_axi_U/int_norm1_w_reg[15]/C
  -------------------------------------------------------------------    -------------------
    SLICE_X48Y104        FDRE (Prop_fdre_C_Q)         0.128     1.101 r  design_1_i/vit_tlayer_fused_0/inst/control_s_axi_U/int_norm1_w_reg[15]/Q
                         net (fo=3, routed)           0.173     1.274    design_1_i/vit_tlayer_fused_0/inst/norm1_w[15]
    SLICE_X50Y105        FDRE                                         r  design_1_i/vit_tlayer_fused_0/inst/norm1_w_read_reg_15113_reg[15]/D
  -------------------------------------------------------------------    -------------------

                         (clock clk_fpga_0 rise edge)
                                                      0.000     0.000 r  
    PS7_X0Y0             PS7                          0.000     0.000 r  design_1_i/processing_system7_0/inst/PS7_i/FCLKCLK[0]
                         net (fo=1, routed)           0.337     0.337    design_1_i/processing_system7_0/inst/FCLK_CLK_unbuffered[0]
    BUFGCTRL_X0Y16                                                    r  design_1_i/processing_system7_0/inst/buffer_fclk_clk_0.FCLK_CLK_0_BUFG/I
    BUFGCTRL_X0Y16       BUFG (Prop_bufg_I_O)         0.029     0.366 r  design_1_i/processing_system7_0/inst/buffer_fclk_clk_0.FCLK_CLK_0_BUFG/O
                         net (fo=38067, routed)       0.906     1.272    design_1_i/vit_tlayer_fused_0/inst/ap_clk
    SLICE_X50Y105        FDRE                                         r  design_1_i/vit_tlayer_fused_0/inst/norm1_w_read_reg_15113_reg[15]/C
                         clock pessimism             -0.039     1.233    
    SLICE_X50Y105        FDRE (Hold_fdre_C_D)         0.009     1.242    design_1_i/vit_tlayer_fused_0/inst/norm1_w_read_reg_15113_reg[15]
  -------------------------------------------------------------------
                         required time                         -1.242    
                         arrival time                           1.274    
  -------------------------------------------------------------------
                         slack                                  0.032    

Slack (MET) :             0.033ns  (arrival time - required time)
  Source:                 design_1_i/vit_tlayer_fused_0/inst/add4_i_i_reg_16375_reg[19]/C
                            (rising edge-triggered cell FDRE clocked by clk_fpga_0  {rise@0.000ns fall@8.000ns period=16.000ns})
  Destination:            design_1_i/vit_tlayer_fused_0/inst/fadd_32ns_32ns_32_4_full_dsp_1_U79/din0_buf1_reg[19]/D
                            (rising edge-triggered cell FDRE clocked by clk_fpga_0  {rise@0.000ns fall@8.000ns period=16.000ns})
  Path Group:             clk_fpga_0
  Path Type:              Hold (Min at Fast Process Corner)
  Requirement:            0.000ns  (clk_fpga_0 rise@0.000ns - clk_fpga_0 rise@0.000ns)
  Data Path Delay:        0.343ns  (logic 0.164ns (47.807%)  route 0.179ns (52.193%))
  Logic Levels:           0  
  Clock Path Skew:        0.258ns (DCD - SCD - CPR)
    Destination Clock Delay (DCD):    1.270ns
    Source Clock Delay      (SCD):    0.973ns
    Clock Pessimism Removal (CPR):    0.039ns

    Location             Delay type                Incr(ns)  Path(ns)    Netlist Resource(s)
  -------------------------------------------------------------------    -------------------
                         (clock clk_fpga_0 rise edge)
                                                      0.000     0.000 r  
    PS7_X0Y0             PS7                          0.000     0.000 r  design_1_i/processing_system7_0/inst/PS7_i/FCLKCLK[0]
                         net (fo=1, routed)           0.310     0.310    design_1_i/processing_system7_0/inst/FCLK_CLK_unbuffered[0]
    BUFGCTRL_X0Y16                                                    r  design_1_i/processing_system7_0/inst/buffer_fclk_clk_0.FCLK_CLK_0_BUFG/I
    BUFGCTRL_X0Y16       BUFG (Prop_bufg_I_O)         0.026     0.336 r  design_1_i/processing_system7_0/inst/buffer_fclk_clk_0.FCLK_CLK_0_BUFG/O
                         net (fo=38067, routed)       0.637     0.973    design_1_i/vit_tlayer_fused_0/inst/ap_clk
    SLICE_X42Y140        FDRE                                         r  design_1_i/vit_tlayer_fused_0/inst/add4_i_i_reg_16375_reg[19]/C
  -------------------------------------------------------------------    -------------------
    SLICE_X42Y140        FDRE (Prop_fdre_C_Q)         0.164     1.137 r  design_1_i/vit_tlayer_fused_0/inst/add4_i_i_reg_16375_reg[19]/Q
                         net (fo=1, routed)           0.179     1.316    design_1_i/vit_tlayer_fused_0/inst/fadd_32ns_32ns_32_4_full_dsp_1_U79/Q[19]
    SLICE_X50Y139        FDRE                                         r  design_1_i/vit_tlayer_fused_0/inst/fadd_32ns_32ns_32_4_full_dsp_1_U79/din0_buf1_reg[19]/D
  -------------------------------------------------------------------    -------------------

                         (clock clk_fpga_0 rise edge)
                                                      0.000     0.000 r  
    PS7_X0Y0             PS7                          0.000     0.000 r  design_1_i/processing_system7_0/inst/PS7_i/FCLKCLK[0]
                         net (fo=1, routed)           0.337     0.337    design_1_i/processing_system7_0/inst/FCLK_CLK_unbuffered[0]
    BUFGCTRL_X0Y16                                                    r  design_1_i/processing_system7_0/inst/buffer_fclk_clk_0.FCLK_CLK_0_BUFG/I
    BUFGCTRL_X0Y16       BUFG (Prop_bufg_I_O)         0.029     0.366 r  design_1_i/processing_system7_0/inst/buffer_fclk_clk_0.FCLK_CLK_0_BUFG/O
                         net (fo=38067, routed)       0.904     1.270    design_1_i/vit_tlayer_fused_0/inst/fadd_32ns_32ns_32_4_full_dsp_1_U79/ap_clk
    SLICE_X50Y139        FDRE                                         r  design_1_i/vit_tlayer_fused_0/inst/fadd_32ns_32ns_32_4_full_dsp_1_U79/din0_buf1_reg[19]/C
                         clock pessimism             -0.039     1.231    
    SLICE_X50Y139        FDRE (Hold_fdre_C_D)         0.052     1.283    design_1_i/vit_tlayer_fused_0/inst/fadd_32ns_32ns_32_4_full_dsp_1_U79/din0_buf1_reg[19]
  -------------------------------------------------------------------
                         required time                         -1.283    
                         arrival time                           1.316    
  -------------------------------------------------------------------
                         slack                                  0.033    

Slack (MET) :             0.033ns  (arrival time - required time)
  Source:                 design_1_i/vit_tlayer_fused_0/inst/control_s_axi_U/int_attn_proj_w_reg[20]/C
                            (rising edge-triggered cell FDRE clocked by clk_fpga_0  {rise@0.000ns fall@8.000ns period=16.000ns})
  Destination:            design_1_i/vit_tlayer_fused_0/inst/attn_proj_w_read_reg_15093_reg[20]/D
                            (rising edge-triggered cell FDRE clocked by clk_fpga_0  {rise@0.000ns fall@8.000ns period=16.000ns})
  Path Group:             clk_fpga_0
  Path Type:              Hold (Min at Fast Process Corner)
  Requirement:            0.000ns  (clk_fpga_0 rise@0.000ns - clk_fpga_0 rise@0.000ns)
  Data Path Delay:        0.363ns  (logic 0.141ns (38.835%)  route 0.222ns (61.165%))
  Logic Levels:           0  
  Clock Path Skew:        0.260ns (DCD - SCD - CPR)
    Destination Clock Delay (DCD):    1.268ns
    Source Clock Delay      (SCD):    0.969ns
    Clock Pessimism Removal (CPR):    0.039ns

    Location             Delay type                Incr(ns)  Path(ns)    Netlist Resource(s)
  -------------------------------------------------------------------    -------------------
                         (clock clk_fpga_0 rise edge)
                                                      0.000     0.000 r  
    PS7_X0Y0             PS7                          0.000     0.000 r  design_1_i/processing_system7_0/inst/PS7_i/FCLKCLK[0]
                         net (fo=1, routed)           0.310     0.310    design_1_i/processing_system7_0/inst/FCLK_CLK_unbuffered[0]
    BUFGCTRL_X0Y16                                                    r  design_1_i/processing_system7_0/inst/buffer_fclk_clk_0.FCLK_CLK_0_BUFG/I
    BUFGCTRL_X0Y16       BUFG (Prop_bufg_I_O)         0.026     0.336 r  design_1_i/processing_system7_0/inst/buffer_fclk_clk_0.FCLK_CLK_0_BUFG/O
                         net (fo=38067, routed)       0.633     0.969    design_1_i/vit_tlayer_fused_0/inst/control_s_axi_U/ap_clk
    SLICE_X48Y114        FDRE                                         r  design_1_i/vit_tlayer_fused_0/inst/control_s_axi_U/int_attn_proj_w_reg[20]/C
  -------------------------------------------------------------------    -------------------
    SLICE_X48Y114        FDRE (Prop_fdre_C_Q)         0.141     1.110 r  design_1_i/vit_tlayer_fused_0/inst/control_s_axi_U/int_attn_proj_w_reg[20]/Q
                         net (fo=3, routed)           0.222     1.332    design_1_i/vit_tlayer_fused_0/inst/attn_proj_w[20]
    SLICE_X52Y112        FDRE                                         r  design_1_i/vit_tlayer_fused_0/inst/attn_proj_w_read_reg_15093_reg[20]/D
  -------------------------------------------------------------------    -------------------

                         (clock clk_fpga_0 rise edge)
                                                      0.000     0.000 r  
    PS7_X0Y0             PS7                          0.000     0.000 r  design_1_i/processing_system7_0/inst/PS7_i/FCLKCLK[0]
                         net (fo=1, routed)           0.337     0.337    design_1_i/processing_system7_0/inst/FCLK_CLK_unbuffered[0]
    BUFGCTRL_X0Y16                                                    r  design_1_i/processing_system7_0/inst/buffer_fclk_clk_0.FCLK_CLK_0_BUFG/I
    BUFGCTRL_X0Y16       BUFG (Prop_bufg_I_O)         0.029     0.366 r  design_1_i/processing_system7_0/inst/buffer_fclk_clk_0.FCLK_CLK_0_BUFG/O
                         net (fo=38067, routed)       0.902     1.268    design_1_i/vit_tlayer_fused_0/inst/ap_clk
    SLICE_X52Y112        FDRE                                         r  design_1_i/vit_tlayer_fused_0/inst/attn_proj_w_read_reg_15093_reg[20]/C
                         clock pessimism             -0.039     1.229    
    SLICE_X52Y112        FDRE (Hold_fdre_C_D)         0.070     1.299    design_1_i/vit_tlayer_fused_0/inst/attn_proj_w_read_reg_15093_reg[20]
  -------------------------------------------------------------------
                         required time                         -1.299    
                         arrival time                           1.332    
  -------------------------------------------------------------------
                         slack                                  0.033    

Slack (MET) :             0.034ns  (arrival time - required time)
  Source:                 design_1_i/vit_tlayer_fused_0/inst/control_s_axi_U/int_gelu_lut_reg[12]/C
                            (rising edge-triggered cell FDRE clocked by clk_fpga_0  {rise@0.000ns fall@8.000ns period=16.000ns})
  Destination:            design_1_i/vit_tlayer_fused_0/inst/gelu_lut_read_reg_15063_reg[12]/D
                            (rising edge-triggered cell FDRE clocked by clk_fpga_0  {rise@0.000ns fall@8.000ns period=16.000ns})
  Path Group:             clk_fpga_0
  Path Type:              Hold (Min at Fast Process Corner)
  Requirement:            0.000ns  (clk_fpga_0 rise@0.000ns - clk_fpga_0 rise@0.000ns)
  Data Path Delay:        0.278ns  (logic 0.164ns (58.921%)  route 0.114ns (41.079%))
  Logic Levels:           0  
  Clock Path Skew:        0.181ns (DCD - SCD - CPR)
    Destination Clock Delay (DCD):    1.191ns
    Source Clock Delay      (SCD):    0.975ns
    Clock Pessimism Removal (CPR):    0.035ns

    Location             Delay type                Incr(ns)  Path(ns)    Netlist Resource(s)
  -------------------------------------------------------------------    -------------------
                         (clock clk_fpga_0 rise edge)
                                                      0.000     0.000 r  
    PS7_X0Y0             PS7                          0.000     0.000 r  design_1_i/processing_system7_0/inst/PS7_i/FCLKCLK[0]
                         net (fo=1, routed)           0.310     0.310    design_1_i/processing_system7_0/inst/FCLK_CLK_unbuffered[0]
    BUFGCTRL_X0Y16                                                    r  design_1_i/processing_system7_0/inst/buffer_fclk_clk_0.FCLK_CLK_0_BUFG/I
    BUFGCTRL_X0Y16       BUFG (Prop_bufg_I_O)         0.026     0.336 r  design_1_i/processing_system7_0/inst/buffer_fclk_clk_0.FCLK_CLK_0_BUFG/O
                         net (fo=38067, routed)       0.639     0.975    design_1_i/vit_tlayer_fused_0/inst/control_s_axi_U/ap_clk
    SLICE_X36Y100        FDRE                                         r  design_1_i/vit_tlayer_fused_0/inst/control_s_axi_U/int_gelu_lut_reg[12]/C
  -------------------------------------------------------------------    -------------------
    SLICE_X36Y100        FDRE (Prop_fdre_C_Q)         0.164     1.139 r  design_1_i/vit_tlayer_fused_0/inst/control_s_axi_U/int_gelu_lut_reg[12]/Q
                         net (fo=3, routed)           0.114     1.253    design_1_i/vit_tlayer_fused_0/inst/gelu_lut[12]
    SLICE_X38Y99         FDRE                                         r  design_1_i/vit_tlayer_fused_0/inst/gelu_lut_read_reg_15063_reg[12]/D
  -------------------------------------------------------------------    -------------------

                         (clock clk_fpga_0 rise edge)
                                                      0.000     0.000 r  
    PS7_X0Y0             PS7                          0.000     0.000 r  design_1_i/processing_system7_0/inst/PS7_i/FCLKCLK[0]
                         net (fo=1, routed)           0.337     0.337    design_1_i/processing_system7_0/inst/FCLK_CLK_unbuffered[0]
    BUFGCTRL_X0Y16                                                    r  design_1_i/processing_system7_0/inst/buffer_fclk_clk_0.FCLK_CLK_0_BUFG/I
    BUFGCTRL_X0Y16       BUFG (Prop_bufg_I_O)         0.029     0.366 r  design_1_i/processing_system7_0/inst/buffer_fclk_clk_0.FCLK_CLK_0_BUFG/O
                         net (fo=38067, routed)       0.825     1.191    design_1_i/vit_tlayer_fused_0/inst/ap_clk
    SLICE_X38Y99         FDRE                                         r  design_1_i/vit_tlayer_fused_0/inst/gelu_lut_read_reg_15063_reg[12]/C
                         clock pessimism             -0.035     1.156    
    SLICE_X38Y99         FDRE (Hold_fdre_C_D)         0.063     1.219    design_1_i/vit_tlayer_fused_0/inst/gelu_lut_read_reg_15063_reg[12]
  -------------------------------------------------------------------
                         required time                         -1.219    
                         arrival time                           1.253    
  -------------------------------------------------------------------
                         slack                                  0.034    

Slack (MET) :             0.035ns  (arrival time - required time)
  Source:                 design_1_i/vit_tlayer_fused_0/inst/add4_i_i_reg_16375_reg[23]/C
                            (rising edge-triggered cell FDRE clocked by clk_fpga_0  {rise@0.000ns fall@8.000ns period=16.000ns})
  Destination:            design_1_i/vit_tlayer_fused_0/inst/fadd_32ns_32ns_32_4_full_dsp_1_U79/din0_buf1_reg[23]/D
                            (rising edge-triggered cell FDRE clocked by clk_fpga_0  {rise@0.000ns fall@8.000ns period=16.000ns})
  Path Group:             clk_fpga_0
  Path Type:              Hold (Min at Fast Process Corner)
  Requirement:            0.000ns  (clk_fpga_0 rise@0.000ns - clk_fpga_0 rise@0.000ns)
  Data Path Delay:        0.346ns  (logic 0.164ns (47.410%)  route 0.182ns (52.590%))
  Logic Levels:           0  
  Clock Path Skew:        0.259ns (DCD - SCD - CPR)
    Destination Clock Delay (DCD):    1.271ns
    Source Clock Delay      (SCD):    0.973ns
    Clock Pessimism Removal (CPR):    0.039ns

    Location             Delay type                Incr(ns)  Path(ns)    Netlist Resource(s)
  -------------------------------------------------------------------    -------------------
                         (clock clk_fpga_0 rise edge)
                                                      0.000     0.000 r  
    PS7_X0Y0             PS7                          0.000     0.000 r  design_1_i/processing_system7_0/inst/PS7_i/FCLKCLK[0]
                         net (fo=1, routed)           0.310     0.310    design_1_i/processing_system7_0/inst/FCLK_CLK_unbuffered[0]
    BUFGCTRL_X0Y16                                                    r  design_1_i/processing_system7_0/inst/buffer_fclk_clk_0.FCLK_CLK_0_BUFG/I
    BUFGCTRL_X0Y16       BUFG (Prop_bufg_I_O)         0.026     0.336 r  design_1_i/processing_system7_0/inst/buffer_fclk_clk_0.FCLK_CLK_0_BUFG/O
                         net (fo=38067, routed)       0.637     0.973    design_1_i/vit_tlayer_fused_0/inst/ap_clk
    SLICE_X42Y141        FDRE                                         r  design_1_i/vit_tlayer_fused_0/inst/add4_i_i_reg_16375_reg[23]/C
  -------------------------------------------------------------------    -------------------
    SLICE_X42Y141        FDRE (Prop_fdre_C_Q)         0.164     1.137 r  design_1_i/vit_tlayer_fused_0/inst/add4_i_i_reg_16375_reg[23]/Q
                         net (fo=1, routed)           0.182     1.319    design_1_i/vit_tlayer_fused_0/inst/fadd_32ns_32ns_32_4_full_dsp_1_U79/Q[23]
    SLICE_X50Y141        FDRE                                         r  design_1_i/vit_tlayer_fused_0/inst/fadd_32ns_32ns_32_4_full_dsp_1_U79/din0_buf1_reg[23]/D
  -------------------------------------------------------------------    -------------------

                         (clock clk_fpga_0 rise edge)
                                                      0.000     0.000 r  
    PS7_X0Y0             PS7                          0.000     0.000 r  design_1_i/processing_system7_0/inst/PS7_i/FCLKCLK[0]
                         net (fo=1, routed)           0.337     0.337    design_1_i/processing_system7_0/inst/FCLK_CLK_unbuffered[0]
    BUFGCTRL_X0Y16                                                    r  design_1_i/processing_system7_0/inst/buffer_fclk_clk_0.FCLK_CLK_0_BUFG/I
    BUFGCTRL_X0Y16       BUFG (Prop_bufg_I_O)         0.029     0.366 r  design_1_i/processing_system7_0/inst/buffer_fclk_clk_0.FCLK_CLK_0_BUFG/O
                         net (fo=38067, routed)       0.905     1.271    design_1_i/vit_tlayer_fused_0/inst/fadd_32ns_32ns_32_4_full_dsp_1_U79/ap_clk
    SLICE_X50Y141        FDRE                                         r  design_1_i/vit_tlayer_fused_0/inst/fadd_32ns_32ns_32_4_full_dsp_1_U79/din0_buf1_reg[23]/C
                         clock pessimism             -0.039     1.232    
    SLICE_X50Y141        FDRE (Hold_fdre_C_D)         0.052     1.284    design_1_i/vit_tlayer_fused_0/inst/fadd_32ns_32ns_32_4_full_dsp_1_U79/din0_buf1_reg[23]
  -------------------------------------------------------------------
                         required time                         -1.284    
                         arrival time                           1.319    
  -------------------------------------------------------------------
                         slack                                  0.035    





Pulse Width Checks
--------------------------------------------------------------------------------------
Clock Name:         clk_fpga_0
Waveform(ns):       { 0.000 8.000 }
Period(ns):         16.000
Sources:            { design_1_i/processing_system7_0/inst/PS7_i/FCLKCLK[0] }

Check Type        Corner  Lib Pin             Reference Pin  Required(ns)  Actual(ns)  Slack(ns)  Location      Pin
Min Period        n/a     RAMB18E1/CLKARDCLK  n/a            2.944         16.000      13.056     RAMB18_X2Y13  design_1_i/vit_tlayer_fused_0/inst/gmem_attnw_m_axi_U/bus_read/buff_rdata/mem_reg/CLKARDCLK
Min Period        n/a     RAMB18E1/CLKBWRCLK  n/a            2.944         16.000      13.056     RAMB18_X2Y13  design_1_i/vit_tlayer_fused_0/inst/gmem_attnw_m_axi_U/bus_read/buff_rdata/mem_reg/CLKBWRCLK
Min Period        n/a     RAMB18E1/CLKARDCLK  n/a            2.944         16.000      13.056     RAMB18_X2Y11  design_1_i/vit_tlayer_fused_0/inst/gmem_mlpw_m_axi_U/bus_read/buff_rdata/mem_reg/CLKARDCLK
Min Period        n/a     RAMB18E1/CLKBWRCLK  n/a            2.944         16.000      13.056     RAMB18_X2Y11  design_1_i/vit_tlayer_fused_0/inst/gmem_mlpw_m_axi_U/bus_read/buff_rdata/mem_reg/CLKBWRCLK
Min Period        n/a     RAMB18E1/CLKARDCLK  n/a            2.944         16.000      13.056     RAMB18_X2Y10  design_1_i/vit_tlayer_fused_0/inst/mlp_hidden_0_U/vit_transformer_layer_fused_mlp_hidden_0_ram_U/ram_reg/CLKARDCLK
Min Period        n/a     RAMB18E1/CLKBWRCLK  n/a            2.944         16.000      13.056     RAMB18_X2Y10  design_1_i/vit_tlayer_fused_0/inst/mlp_hidden_0_U/vit_transformer_layer_fused_mlp_hidden_0_ram_U/ram_reg/CLKBWRCLK
Min Period        n/a     RAMB18E1/CLKARDCLK  n/a            2.944         16.000      13.056     RAMB18_X1Y11  design_1_i/vit_tlayer_fused_0/inst/mlp_hidden_10_U/vit_transformer_layer_fused_mlp_hidden_0_ram_U/ram_reg/CLKARDCLK
Min Period        n/a     RAMB18E1/CLKBWRCLK  n/a            2.944         16.000      13.056     RAMB18_X1Y11  design_1_i/vit_tlayer_fused_0/inst/mlp_hidden_10_U/vit_transformer_layer_fused_mlp_hidden_0_ram_U/ram_reg/CLKBWRCLK
Min Period        n/a     RAMB18E1/CLKARDCLK  n/a            2.944         16.000      13.056     RAMB18_X3Y8   design_1_i/vit_tlayer_fused_0/inst/mlp_hidden_11_U/vit_transformer_layer_fused_mlp_hidden_0_ram_U/ram_reg/CLKARDCLK
Min Period        n/a     RAMB18E1/CLKBWRCLK  n/a            2.944         16.000      13.056     RAMB18_X3Y8   design_1_i/vit_tlayer_fused_0/inst/mlp_hidden_11_U/vit_transformer_layer_fused_mlp_hidden_0_ram_U/ram_reg/CLKBWRCLK
Low Pulse Width   Slow    RAMS32/CLK          n/a            1.250         8.000       6.750      SLICE_X50Y12  design_1_i/vit_tlayer_fused_0/inst/fc2_weight_row_10_U/vit_transformer_layer_fused_fc2_weight_row_0_ram_U/ram_reg_0_15_6_6/SP/CLK
Low Pulse Width   Slow    RAMS32/CLK          n/a            1.250         8.000       6.750      SLICE_X50Y12  design_1_i/vit_tlayer_fused_0/inst/fc2_weight_row_10_U/vit_transformer_layer_fused_fc2_weight_row_0_ram_U/ram_reg_0_15_7_7/SP/CLK
Low Pulse Width   Slow    RAMS32/CLK          n/a            1.250         8.000       6.750      SLICE_X50Y12  design_1_i/vit_tlayer_fused_0/inst/fc2_weight_row_10_U/vit_transformer_layer_fused_fc2_weight_row_0_ram_U/ram_reg_0_15_8_8/SP/CLK
Low Pulse Width   Slow    RAMS32/CLK          n/a            1.250         8.000       6.750      SLICE_X50Y12  design_1_i/vit_tlayer_fused_0/inst/fc2_weight_row_10_U/vit_transformer_layer_fused_fc2_weight_row_0_ram_U/ram_reg_0_15_9_9/SP/CLK
Low Pulse Width   Slow    RAMD32/CLK          n/a            1.250         8.000       6.750      SLICE_X2Y40   design_1_i/axi_mem_intercon/m00_couplers/auto_pc/inst/gen_axi4_axi3.axi3_conv_inst/USE_READ.USE_SPLIT_R.read_addr_inst/USE_R_CHANNEL.cmd_queue/inst/fifo_gen_inst/inst_fifo_gen/gconvfifo.rf/grf.rf/gntv_or_sync_fifo.mem/gdm.dm_gen.dm/RAM_reg_0_31_0_0/DP/CLK
Low Pulse Width   Slow    RAMD32/CLK          n/a            1.250         8.000       6.750      SLICE_X2Y40   design_1_i/axi_mem_intercon/m00_couplers/auto_pc/inst/gen_axi4_axi3.axi3_conv_inst/USE_READ.USE_SPLIT_R.read_addr_inst/USE_R_CHANNEL.cmd_queue/inst/fifo_gen_inst/inst_fifo_gen/gconvfifo.rf/grf.rf/gntv_or_sync_fifo.mem/gdm.dm_gen.dm/RAM_reg_0_31_0_0/SP/CLK
Low Pulse Width   Slow    RAMD32/CLK          n/a            1.250         8.000       6.750      SLICE_X2Y46   design_1_i/axi_mem_intercon/m00_couplers/auto_pc/inst/gen_axi4_axi3.axi3_conv_inst/USE_WRITE.write_addr_inst/USE_BURSTS.cmd_queue/inst/fifo_gen_inst/inst_fifo_gen/gconvfifo.rf/grf.rf/gntv_or_sync_fifo.mem/gdm.dm_gen.dm/RAM_reg_0_31_0_5/RAMA/CLK
Low Pulse Width   Slow    RAMD32/CLK          n/a            1.250         8.000       6.750      SLICE_X2Y46   design_1_i/axi_mem_intercon/m00_couplers/auto_pc/inst/gen_axi4_axi3.axi3_conv_inst/USE_WRITE.write_addr_inst/USE_BURSTS.cmd_queue/inst/fifo_gen_inst/inst_fifo_gen/gconvfifo.rf/grf.rf/gntv_or_sync_fifo.mem/gdm.dm_gen.dm/RAM_reg_0_31_0_5/RAMA_D1/CLK
Low Pulse Width   Slow    RAMD32/CLK          n/a            1.250         8.000       6.750      SLICE_X2Y46   design_1_i/axi_mem_intercon/m00_couplers/auto_pc/inst/gen_axi4_axi3.axi3_conv_inst/USE_WRITE.write_addr_inst/USE_BURSTS.cmd_queue/inst/fifo_gen_inst/inst_fifo_gen/gconvfifo.rf/grf.rf/gntv_or_sync_fifo.mem/gdm.dm_gen.dm/RAM_reg_0_31_0_5/RAMB/CLK
Low Pulse Width   Slow    RAMD32/CLK          n/a            1.250         8.000       6.750      SLICE_X2Y46   design_1_i/axi_mem_intercon/m00_couplers/auto_pc/inst/gen_axi4_axi3.axi3_conv_inst/USE_WRITE.write_addr_inst/USE_BURSTS.cmd_queue/inst/fifo_gen_inst/inst_fifo_gen/gconvfifo.rf/grf.rf/gntv_or_sync_fifo.mem/gdm.dm_gen.dm/RAM_reg_0_31_0_5/RAMB_D1/CLK
High Pulse Width  Fast    RAMD32/CLK          n/a            1.250         8.000       6.750      SLICE_X2Y40   design_1_i/axi_mem_intercon/m00_couplers/auto_pc/inst/gen_axi4_axi3.axi3_conv_inst/USE_READ.USE_SPLIT_R.read_addr_inst/USE_R_CHANNEL.cmd_queue/inst/fifo_gen_inst/inst_fifo_gen/gconvfifo.rf/grf.rf/gntv_or_sync_fifo.mem/gdm.dm_gen.dm/RAM_reg_0_31_0_0/DP/CLK
High Pulse Width  Fast    RAMD32/CLK          n/a            1.250         8.000       6.750      SLICE_X2Y40   design_1_i/axi_mem_intercon/m00_couplers/auto_pc/inst/gen_axi4_axi3.axi3_conv_inst/USE_READ.USE_SPLIT_R.read_addr_inst/USE_R_CHANNEL.cmd_queue/inst/fifo_gen_inst/inst_fifo_gen/gconvfifo.rf/grf.rf/gntv_or_sync_fifo.mem/gdm.dm_gen.dm/RAM_reg_0_31_0_0/SP/CLK
High Pulse Width  Fast    RAMD32/CLK          n/a            1.250         8.000       6.750      SLICE_X2Y46   design_1_i/axi_mem_intercon/m00_couplers/auto_pc/inst/gen_axi4_axi3.axi3_conv_inst/USE_WRITE.write_addr_inst/USE_BURSTS.cmd_queue/inst/fifo_gen_inst/inst_fifo_gen/gconvfifo.rf/grf.rf/gntv_or_sync_fifo.mem/gdm.dm_gen.dm/RAM_reg_0_31_0_5/RAMA/CLK
High Pulse Width  Fast    RAMD32/CLK          n/a            1.250         8.000       6.750      SLICE_X2Y46   design_1_i/axi_mem_intercon/m00_couplers/auto_pc/inst/gen_axi4_axi3.axi3_conv_inst/USE_WRITE.write_addr_inst/USE_BURSTS.cmd_queue/inst/fifo_gen_inst/inst_fifo_gen/gconvfifo.rf/grf.rf/gntv_or_sync_fifo.mem/gdm.dm_gen.dm/RAM_reg_0_31_0_5/RAMA_D1/CLK
High Pulse Width  Fast    RAMD32/CLK          n/a            1.250         8.000       6.750      SLICE_X2Y46   design_1_i/axi_mem_intercon/m00_couplers/auto_pc/inst/gen_axi4_axi3.axi3_conv_inst/USE_WRITE.write_addr_inst/USE_BURSTS.cmd_queue/inst/fifo_gen_inst/inst_fifo_gen/gconvfifo.rf/grf.rf/gntv_or_sync_fifo.mem/gdm.dm_gen.dm/RAM_reg_0_31_0_5/RAMB/CLK
High Pulse Width  Fast    RAMD32/CLK          n/a            1.250         8.000       6.750      SLICE_X2Y46   design_1_i/axi_mem_intercon/m00_couplers/auto_pc/inst/gen_axi4_axi3.axi3_conv_inst/USE_WRITE.write_addr_inst/USE_BURSTS.cmd_queue/inst/fifo_gen_inst/inst_fifo_gen/gconvfifo.rf/grf.rf/gntv_or_sync_fifo.mem/gdm.dm_gen.dm/RAM_reg_0_31_0_5/RAMB_D1/CLK
High Pulse Width  Fast    RAMD32/CLK          n/a            1.250         8.000       6.750      SLICE_X2Y46   design_1_i/axi_mem_intercon/m00_couplers/auto_pc/inst/gen_axi4_axi3.axi3_conv_inst/USE_WRITE.write_addr_inst/USE_BURSTS.cmd_queue/inst/fifo_gen_inst/inst_fifo_gen/gconvfifo.rf/grf.rf/gntv_or_sync_fifo.mem/gdm.dm_gen.dm/RAM_reg_0_31_0_5/RAMC/CLK
High Pulse Width  Fast    RAMD32/CLK          n/a            1.250         8.000       6.750      SLICE_X2Y46   design_1_i/axi_mem_intercon/m00_couplers/auto_pc/inst/gen_axi4_axi3.axi3_conv_inst/USE_WRITE.write_addr_inst/USE_BURSTS.cmd_queue/inst/fifo_gen_inst/inst_fifo_gen/gconvfifo.rf/grf.rf/gntv_or_sync_fifo.mem/gdm.dm_gen.dm/RAM_reg_0_31_0_5/RAMC_D1/CLK
High Pulse Width  Fast    RAMS32/CLK          n/a            1.250         8.000       6.750      SLICE_X2Y46   design_1_i/axi_mem_intercon/m00_couplers/auto_pc/inst/gen_axi4_axi3.axi3_conv_inst/USE_WRITE.write_addr_inst/USE_BURSTS.cmd_queue/inst/fifo_gen_inst/inst_fifo_gen/gconvfifo.rf/grf.rf/gntv_or_sync_fifo.mem/gdm.dm_gen.dm/RAM_reg_0_31_0_5/RAMD/CLK
High Pulse Width  Fast    RAMS32/CLK          n/a            1.250         8.000       6.750      SLICE_X2Y46   design_1_i/axi_mem_intercon/m00_couplers/auto_pc/inst/gen_axi4_axi3.axi3_conv_inst/USE_WRITE.write_addr_inst/USE_BURSTS.cmd_queue/inst/fifo_gen_inst/inst_fifo_gen/gconvfifo.rf/grf.rf/gntv_or_sync_fifo.mem/gdm.dm_gen.dm/RAM_reg_0_31_0_5/RAMD_D1/CLK



---------------------------------------------------------------------------------------------------
Path Group:  **async_default**
From Clock:  clk_fpga_0
  To Clock:  clk_fpga_0

Setup :            0  Failing Endpoints,  Worst Slack       12.523ns,  Total Violation        0.000ns
Hold  :            0  Failing Endpoints,  Worst Slack        0.568ns,  Total Violation        0.000ns
---------------------------------------------------------------------------------------------------


Max Delay Paths
--------------------------------------------------------------------------------------
Slack (MET) :             12.523ns  (required time - arrival time)
  Source:                 design_1_i/axi_mem_intercon/m00_couplers/auto_pc/inst/gen_axi4_axi3.axi3_conv_inst/USE_READ.USE_SPLIT_R.read_addr_inst/USE_R_CHANNEL.cmd_queue/inst/fifo_gen_inst/inst_fifo_gen/gconvfifo.rf/grf.rf/rstblk/ngwrdrst.grst.g7serrst.gnsckt_wrst.gcc_rst.sckt_wr_rst_cc_reg[1]/C
                            (rising edge-triggered cell FDRE clocked by clk_fpga_0  {rise@0.000ns fall@8.000ns period=16.000ns})
  Destination:            design_1_i/axi_mem_intercon/m00_couplers/auto_pc/inst/gen_axi4_axi3.axi3_conv_inst/USE_READ.USE_SPLIT_R.read_addr_inst/USE_R_CHANNEL.cmd_queue/inst/fifo_gen_inst/inst_fifo_gen/gconvfifo.rf/grf.rf/gntv_or_sync_fifo.gl0.wr/wpntr/gcc0.gc0.count_d1_reg[2]/CLR
                            (recovery check against rising-edge clock clk_fpga_0  {rise@0.000ns fall@8.000ns period=16.000ns})
  Path Group:             **async_default**
  Path Type:              Recovery (Max at Slow Process Corner)
  Requirement:            16.000ns  (clk_fpga_0 rise@16.000ns - clk_fpga_0 rise@0.000ns)
  Data Path Delay:        2.804ns  (logic 0.773ns (27.568%)  route 2.031ns (72.432%))
  Logic Levels:           1  (LUT3=1)
  Clock Path Skew:        -0.025ns (DCD - SCD + CPR)
    Destination Clock Delay (DCD):    2.837ns = ( 18.837 - 16.000 ) 
    Source Clock Delay      (SCD):    3.131ns
    Clock Pessimism Removal (CPR):    0.269ns
  Clock Uncertainty:      0.243ns  ((TSJ^2 + TIJ^2)^1/2 + DJ) / 2 + PE
    Total System Jitter     (TSJ):    0.071ns
    Total Input Jitter      (TIJ):    0.480ns
    Discrete Jitter          (DJ):    0.000ns
    Phase Error              (PE):    0.000ns

    Location             Delay type                Incr(ns)  Path(ns)    Netlist Resource(s)
  -------------------------------------------------------------------    -------------------
                         (clock clk_fpga_0 rise edge)
                                                      0.000     0.000 r  
    PS7_X0Y0             PS7                          0.000     0.000 r  design_1_i/processing_system7_0/inst/PS7_i/FCLKCLK[0]
                         net (fo=1, routed)           1.193     1.193    design_1_i/processing_system7_0/inst/FCLK_CLK_unbuffered[0]
    BUFGCTRL_X0Y16                                                    r  design_1_i/processing_system7_0/inst/buffer_fclk_clk_0.FCLK_CLK_0_BUFG/I
    BUFGCTRL_X0Y16       BUFG (Prop_bufg_I_O)         0.101     1.294 r  design_1_i/processing_system7_0/inst/buffer_fclk_clk_0.FCLK_CLK_0_BUFG/O
                         net (fo=38067, routed)       1.837     3.131    design_1_i/axi_mem_intercon/m00_couplers/auto_pc/inst/gen_axi4_axi3.axi3_conv_inst/USE_READ.USE_SPLIT_R.read_addr_inst/USE_R_CHANNEL.cmd_queue/inst/fifo_gen_inst/inst_fifo_gen/gconvfifo.rf/grf.rf/rstblk/clk
    SLICE_X2Y42          FDRE                                         r  design_1_i/axi_mem_intercon/m00_couplers/auto_pc/inst/gen_axi4_axi3.axi3_conv_inst/USE_READ.USE_SPLIT_R.read_addr_inst/USE_R_CHANNEL.cmd_queue/inst/fifo_gen_inst/inst_fifo_gen/gconvfifo.rf/grf.rf/rstblk/ngwrdrst.grst.g7serrst.gnsckt_wrst.gcc_rst.sckt_wr_rst_cc_reg[1]/C
  -------------------------------------------------------------------    -------------------
    SLICE_X2Y42          FDRE (Prop_fdre_C_Q)         0.478     3.609 f  design_1_i/axi_mem_intercon/m00_couplers/auto_pc/inst/gen_axi4_axi3.axi3_conv_inst/USE_READ.USE_SPLIT_R.read_addr_inst/USE_R_CHANNEL.cmd_queue/inst/fifo_gen_inst/inst_fifo_gen/gconvfifo.rf/grf.rf/rstblk/ngwrdrst.grst.g7serrst.gnsckt_wrst.gcc_rst.sckt_wr_rst_cc_reg[1]/Q
                         net (fo=1, routed)           1.125     4.734    design_1_i/axi_mem_intercon/m00_couplers/auto_pc/inst/gen_axi4_axi3.axi3_conv_inst/USE_READ.USE_SPLIT_R.read_addr_inst/USE_R_CHANNEL.cmd_queue/inst/fifo_gen_inst/inst_fifo_gen/gconvfifo.rf/grf.rf/rstblk/sckt_wr_rst_cc[1]
    SLICE_X1Y44                                                       f  design_1_i/axi_mem_intercon/m00_couplers/auto_pc/inst/gen_axi4_axi3.axi3_conv_inst/USE_READ.USE_SPLIT_R.read_addr_inst/USE_R_CHANNEL.cmd_queue/inst/fifo_gen_inst/inst_fifo_gen/gconvfifo.rf/grf.rf/rstblk/gc0.count_d1[4]_i_2/I0
    SLICE_X1Y44          LUT3 (Prop_lut3_I0_O)        0.295     5.029 f  design_1_i/axi_mem_intercon/m00_couplers/auto_pc/inst/gen_axi4_axi3.axi3_conv_inst/USE_READ.USE_SPLIT_R.read_addr_inst/USE_R_CHANNEL.cmd_queue/inst/fifo_gen_inst/inst_fifo_gen/gconvfifo.rf/grf.rf/rstblk/gc0.count_d1[4]_i_2/O
                         net (fo=33, routed)          0.906     5.935    design_1_i/axi_mem_intercon/m00_couplers/auto_pc/inst/gen_axi4_axi3.axi3_conv_inst/USE_READ.USE_SPLIT_R.read_addr_inst/USE_R_CHANNEL.cmd_queue/inst/fifo_gen_inst/inst_fifo_gen/gconvfifo.rf/grf.rf/gntv_or_sync_fifo.gl0.wr/wpntr/gcc0.gc0.count_d1_reg[4]_0
    SLICE_X3Y41          FDCE                                         f  design_1_i/axi_mem_intercon/m00_couplers/auto_pc/inst/gen_axi4_axi3.axi3_conv_inst/USE_READ.USE_SPLIT_R.read_addr_inst/USE_R_CHANNEL.cmd_queue/inst/fifo_gen_inst/inst_fifo_gen/gconvfifo.rf/grf.rf/gntv_or_sync_fifo.gl0.wr/wpntr/gcc0.gc0.count_d1_reg[2]/CLR
  -------------------------------------------------------------------    -------------------

                         (clock clk_fpga_0 rise edge)
                                                     16.000    16.000 r  
    PS7_X0Y0             PS7                          0.000    16.000 r  design_1_i/processing_system7_0/inst/PS7_i/FCLKCLK[0]
                         net (fo=1, routed)           1.088    17.088    design_1_i/processing_system7_0/inst/FCLK_CLK_unbuffered[0]
    BUFGCTRL_X0Y16                                                    r  design_1_i/processing_system7_0/inst/buffer_fclk_clk_0.FCLK_CLK_0_BUFG/I
    BUFGCTRL_X0Y16       BUFG (Prop_bufg_I_O)         0.091    17.179 r  design_1_i/processing_system7_0/inst/buffer_fclk_clk_0.FCLK_CLK_0_BUFG/O
                         net (fo=38067, routed)       1.658    18.837    design_1_i/axi_mem_intercon/m00_couplers/auto_pc/inst/gen_axi4_axi3.axi3_conv_inst/USE_READ.USE_SPLIT_R.read_addr_inst/USE_R_CHANNEL.cmd_queue/inst/fifo_gen_inst/inst_fifo_gen/gconvfifo.rf/grf.rf/gntv_or_sync_fifo.gl0.wr/wpntr/clk
    SLICE_X3Y41          FDCE                                         r  design_1_i/axi_mem_intercon/m00_couplers/auto_pc/inst/gen_axi4_axi3.axi3_conv_inst/USE_READ.USE_SPLIT_R.read_addr_inst/USE_R_CHANNEL.cmd_queue/inst/fifo_gen_inst/inst_fifo_gen/gconvfifo.rf/grf.rf/gntv_or_sync_fifo.gl0.wr/wpntr/gcc0.gc0.count_d1_reg[2]/C
                         clock pessimism              0.269    19.106    
                         clock uncertainty           -0.243    18.863    
    SLICE_X3Y41          FDCE (Recov_fdce_C_CLR)     -0.405    18.458    design_1_i/axi_mem_intercon/m00_couplers/auto_pc/inst/gen_axi4_axi3.axi3_conv_inst/USE_READ.USE_SPLIT_R.read_addr_inst/USE_R_CHANNEL.cmd_queue/inst/fifo_gen_inst/inst_fifo_gen/gconvfifo.rf/grf.rf/gntv_or_sync_fifo.gl0.wr/wpntr/gcc0.gc0.count_d1_reg[2]
  -------------------------------------------------------------------
                         required time                         18.458    
                         arrival time                          -5.935    
  -------------------------------------------------------------------
                         slack                                 12.523    

Slack (MET) :             12.523ns  (required time - arrival time)
  Source:                 design_1_i/axi_mem_intercon/m00_couplers/auto_pc/inst/gen_axi4_axi3.axi3_conv_inst/USE_READ.USE_SPLIT_R.read_addr_inst/USE_R_CHANNEL.cmd_queue/inst/fifo_gen_inst/inst_fifo_gen/gconvfifo.rf/grf.rf/rstblk/ngwrdrst.grst.g7serrst.gnsckt_wrst.gcc_rst.sckt_wr_rst_cc_reg[1]/C
                            (rising edge-triggered cell FDRE clocked by clk_fpga_0  {rise@0.000ns fall@8.000ns period=16.000ns})
  Destination:            design_1_i/axi_mem_intercon/m00_couplers/auto_pc/inst/gen_axi4_axi3.axi3_conv_inst/USE_READ.USE_SPLIT_R.read_addr_inst/USE_R_CHANNEL.cmd_queue/inst/fifo_gen_inst/inst_fifo_gen/gconvfifo.rf/grf.rf/gntv_or_sync_fifo.gl0.wr/wpntr/gcc0.gc0.count_d1_reg[3]/CLR
                            (recovery check against rising-edge clock clk_fpga_0  {rise@0.000ns fall@8.000ns period=16.000ns})
  Path Group:             **async_default**
  Path Type:              Recovery (Max at Slow Process Corner)
  Requirement:            16.000ns  (clk_fpga_0 rise@16.000ns - clk_fpga_0 rise@0.000ns)
  Data Path Delay:        2.804ns  (logic 0.773ns (27.568%)  route 2.031ns (72.432%))
  Logic Levels:           1  (LUT3=1)
  Clock Path Skew:        -0.025ns (DCD - SCD + CPR)
    Destination Clock Delay (DCD):    2.837ns = ( 18.837 - 16.000 ) 
    Source Clock Delay      (SCD):    3.131ns
    Clock Pessimism Removal (CPR):    0.269ns
  Clock Uncertainty:      0.243ns  ((TSJ^2 + TIJ^2)^1/2 + DJ) / 2 + PE
    Total System Jitter     (TSJ):    0.071ns
    Total Input Jitter      (TIJ):    0.480ns
    Discrete Jitter          (DJ):    0.000ns
    Phase Error              (PE):    0.000ns

    Location             Delay type                Incr(ns)  Path(ns)    Netlist Resource(s)
  -------------------------------------------------------------------    -------------------
                         (clock clk_fpga_0 rise edge)
                                                      0.000     0.000 r  
    PS7_X0Y0             PS7                          0.000     0.000 r  design_1_i/processing_system7_0/inst/PS7_i/FCLKCLK[0]
                         net (fo=1, routed)           1.193     1.193    design_1_i/processing_system7_0/inst/FCLK_CLK_unbuffered[0]
    BUFGCTRL_X0Y16                                                    r  design_1_i/processing_system7_0/inst/buffer_fclk_clk_0.FCLK_CLK_0_BUFG/I
    BUFGCTRL_X0Y16       BUFG (Prop_bufg_I_O)         0.101     1.294 r  design_1_i/processing_system7_0/inst/buffer_fclk_clk_0.FCLK_CLK_0_BUFG/O
                         net (fo=38067, routed)       1.837     3.131    design_1_i/axi_mem_intercon/m00_couplers/auto_pc/inst/gen_axi4_axi3.axi3_conv_inst/USE_READ.USE_SPLIT_R.read_addr_inst/USE_R_CHANNEL.cmd_queue/inst/fifo_gen_inst/inst_fifo_gen/gconvfifo.rf/grf.rf/rstblk/clk
    SLICE_X2Y42          FDRE                                         r  design_1_i/axi_mem_intercon/m00_couplers/auto_pc/inst/gen_axi4_axi3.axi3_conv_inst/USE_READ.USE_SPLIT_R.read_addr_inst/USE_R_CHANNEL.cmd_queue/inst/fifo_gen_inst/inst_fifo_gen/gconvfifo.rf/grf.rf/rstblk/ngwrdrst.grst.g7serrst.gnsckt_wrst.gcc_rst.sckt_wr_rst_cc_reg[1]/C
  -------------------------------------------------------------------    -------------------
    SLICE_X2Y42          FDRE (Prop_fdre_C_Q)         0.478     3.609 f  design_1_i/axi_mem_intercon/m00_couplers/auto_pc/inst/gen_axi4_axi3.axi3_conv_inst/USE_READ.USE_SPLIT_R.read_addr_inst/USE_R_CHANNEL.cmd_queue/inst/fifo_gen_inst/inst_fifo_gen/gconvfifo.rf/grf.rf/rstblk/ngwrdrst.grst.g7serrst.gnsckt_wrst.gcc_rst.sckt_wr_rst_cc_reg[1]/Q
                         net (fo=1, routed)           1.125     4.734    design_1_i/axi_mem_intercon/m00_couplers/auto_pc/inst/gen_axi4_axi3.axi3_conv_inst/USE_READ.USE_SPLIT_R.read_addr_inst/USE_R_CHANNEL.cmd_queue/inst/fifo_gen_inst/inst_fifo_gen/gconvfifo.rf/grf.rf/rstblk/sckt_wr_rst_cc[1]
    SLICE_X1Y44                                                       f  design_1_i/axi_mem_intercon/m00_couplers/auto_pc/inst/gen_axi4_axi3.axi3_conv_inst/USE_READ.USE_SPLIT_R.read_addr_inst/USE_R_CHANNEL.cmd_queue/inst/fifo_gen_inst/inst_fifo_gen/gconvfifo.rf/grf.rf/rstblk/gc0.count_d1[4]_i_2/I0
    SLICE_X1Y44          LUT3 (Prop_lut3_I0_O)        0.295     5.029 f  design_1_i/axi_mem_intercon/m00_couplers/auto_pc/inst/gen_axi4_axi3.axi3_conv_inst/USE_READ.USE_SPLIT_R.read_addr_inst/USE_R_CHANNEL.cmd_queue/inst/fifo_gen_inst/inst_fifo_gen/gconvfifo.rf/grf.rf/rstblk/gc0.count_d1[4]_i_2/O
                         net (fo=33, routed)          0.906     5.935    design_1_i/axi_mem_intercon/m00_couplers/auto_pc/inst/gen_axi4_axi3.axi3_conv_inst/USE_READ.USE_SPLIT_R.read_addr_inst/USE_R_CHANNEL.cmd_queue/inst/fifo_gen_inst/inst_fifo_gen/gconvfifo.rf/grf.rf/gntv_or_sync_fifo.gl0.wr/wpntr/gcc0.gc0.count_d1_reg[4]_0
    SLICE_X3Y41          FDCE                                         f  design_1_i/axi_mem_intercon/m00_couplers/auto_pc/inst/gen_axi4_axi3.axi3_conv_inst/USE_READ.USE_SPLIT_R.read_addr_inst/USE_R_CHANNEL.cmd_queue/inst/fifo_gen_inst/inst_fifo_gen/gconvfifo.rf/grf.rf/gntv_or_sync_fifo.gl0.wr/wpntr/gcc0.gc0.count_d1_reg[3]/CLR
  -------------------------------------------------------------------    -------------------

                         (clock clk_fpga_0 rise edge)
                                                     16.000    16.000 r  
    PS7_X0Y0             PS7                          0.000    16.000 r  design_1_i/processing_system7_0/inst/PS7_i/FCLKCLK[0]
                         net (fo=1, routed)           1.088    17.088    design_1_i/processing_system7_0/inst/FCLK_CLK_unbuffered[0]
    BUFGCTRL_X0Y16                                                    r  design_1_i/processing_system7_0/inst/buffer_fclk_clk_0.FCLK_CLK_0_BUFG/I
    BUFGCTRL_X0Y16       BUFG (Prop_bufg_I_O)         0.091    17.179 r  design_1_i/processing_system7_0/inst/buffer_fclk_clk_0.FCLK_CLK_0_BUFG/O
                         net (fo=38067, routed)       1.658    18.837    design_1_i/axi_mem_intercon/m00_couplers/auto_pc/inst/gen_axi4_axi3.axi3_conv_inst/USE_READ.USE_SPLIT_R.read_addr_inst/USE_R_CHANNEL.cmd_queue/inst/fifo_gen_inst/inst_fifo_gen/gconvfifo.rf/grf.rf/gntv_or_sync_fifo.gl0.wr/wpntr/clk
    SLICE_X3Y41          FDCE                                         r  design_1_i/axi_mem_intercon/m00_couplers/auto_pc/inst/gen_axi4_axi3.axi3_conv_inst/USE_READ.USE_SPLIT_R.read_addr_inst/USE_R_CHANNEL.cmd_queue/inst/fifo_gen_inst/inst_fifo_gen/gconvfifo.rf/grf.rf/gntv_or_sync_fifo.gl0.wr/wpntr/gcc0.gc0.count_d1_reg[3]/C
                         clock pessimism              0.269    19.106    
                         clock uncertainty           -0.243    18.863    
    SLICE_X3Y41          FDCE (Recov_fdce_C_CLR)     -0.405    18.458    design_1_i/axi_mem_intercon/m00_couplers/auto_pc/inst/gen_axi4_axi3.axi3_conv_inst/USE_READ.USE_SPLIT_R.read_addr_inst/USE_R_CHANNEL.cmd_queue/inst/fifo_gen_inst/inst_fifo_gen/gconvfifo.rf/grf.rf/gntv_or_sync_fifo.gl0.wr/wpntr/gcc0.gc0.count_d1_reg[3]
  -------------------------------------------------------------------
                         required time                         18.458    
                         arrival time                          -5.935    
  -------------------------------------------------------------------
                         slack                                 12.523    

Slack (MET) :             12.523ns  (required time - arrival time)
  Source:                 design_1_i/axi_mem_intercon/m00_couplers/auto_pc/inst/gen_axi4_axi3.axi3_conv_inst/USE_READ.USE_SPLIT_R.read_addr_inst/USE_R_CHANNEL.cmd_queue/inst/fifo_gen_inst/inst_fifo_gen/gconvfifo.rf/grf.rf/rstblk/ngwrdrst.grst.g7serrst.gnsckt_wrst.gcc_rst.sckt_wr_rst_cc_reg[1]/C
                            (rising edge-triggered cell FDRE clocked by clk_fpga_0  {rise@0.000ns fall@8.000ns period=16.000ns})
  Destination:            design_1_i/axi_mem_intercon/m00_couplers/auto_pc/inst/gen_axi4_axi3.axi3_conv_inst/USE_READ.USE_SPLIT_R.read_addr_inst/USE_R_CHANNEL.cmd_queue/inst/fifo_gen_inst/inst_fifo_gen/gconvfifo.rf/grf.rf/gntv_or_sync_fifo.gl0.wr/wpntr/gcc0.gc0.count_d1_reg[4]/CLR
                            (recovery check against rising-edge clock clk_fpga_0  {rise@0.000ns fall@8.000ns period=16.000ns})
  Path Group:             **async_default**
  Path Type:              Recovery (Max at Slow Process Corner)
  Requirement:            16.000ns  (clk_fpga_0 rise@16.000ns - clk_fpga_0 rise@0.000ns)
  Data Path Delay:        2.804ns  (logic 0.773ns (27.568%)  route 2.031ns (72.432%))
  Logic Levels:           1  (LUT3=1)
  Clock Path Skew:        -0.025ns (DCD - SCD + CPR)
    Destination Clock Delay (DCD):    2.837ns = ( 18.837 - 16.000 ) 
    Source Clock Delay      (SCD):    3.131ns
    Clock Pessimism Removal (CPR):    0.269ns
  Clock Uncertainty:      0.243ns  ((TSJ^2 + TIJ^2)^1/2 + DJ) / 2 + PE
    Total System Jitter     (TSJ):    0.071ns
    Total Input Jitter      (TIJ):    0.480ns
    Discrete Jitter          (DJ):    0.000ns
    Phase Error              (PE):    0.000ns

    Location             Delay type                Incr(ns)  Path(ns)    Netlist Resource(s)
  -------------------------------------------------------------------    -------------------
                         (clock clk_fpga_0 rise edge)
                                                      0.000     0.000 r  
    PS7_X0Y0             PS7                          0.000     0.000 r  design_1_i/processing_system7_0/inst/PS7_i/FCLKCLK[0]
                         net (fo=1, routed)           1.193     1.193    design_1_i/processing_system7_0/inst/FCLK_CLK_unbuffered[0]
    BUFGCTRL_X0Y16                                                    r  design_1_i/processing_system7_0/inst/buffer_fclk_clk_0.FCLK_CLK_0_BUFG/I
    BUFGCTRL_X0Y16       BUFG (Prop_bufg_I_O)         0.101     1.294 r  design_1_i/processing_system7_0/inst/buffer_fclk_clk_0.FCLK_CLK_0_BUFG/O
                         net (fo=38067, routed)       1.837     3.131    design_1_i/axi_mem_intercon/m00_couplers/auto_pc/inst/gen_axi4_axi3.axi3_conv_inst/USE_READ.USE_SPLIT_R.read_addr_inst/USE_R_CHANNEL.cmd_queue/inst/fifo_gen_inst/inst_fifo_gen/gconvfifo.rf/grf.rf/rstblk/clk
    SLICE_X2Y42          FDRE                                         r  design_1_i/axi_mem_intercon/m00_couplers/auto_pc/inst/gen_axi4_axi3.axi3_conv_inst/USE_READ.USE_SPLIT_R.read_addr_inst/USE_R_CHANNEL.cmd_queue/inst/fifo_gen_inst/inst_fifo_gen/gconvfifo.rf/grf.rf/rstblk/ngwrdrst.grst.g7serrst.gnsckt_wrst.gcc_rst.sckt_wr_rst_cc_reg[1]/C
  -------------------------------------------------------------------    -------------------
    SLICE_X2Y42          FDRE (Prop_fdre_C_Q)         0.478     3.609 f  design_1_i/axi_mem_intercon/m00_couplers/auto_pc/inst/gen_axi4_axi3.axi3_conv_inst/USE_READ.USE_SPLIT_R.read_addr_inst/USE_R_CHANNEL.cmd_queue/inst/fifo_gen_inst/inst_fifo_gen/gconvfifo.rf/grf.rf/rstblk/ngwrdrst.grst.g7serrst.gnsckt_wrst.gcc_rst.sckt_wr_rst_cc_reg[1]/Q
                         net (fo=1, routed)           1.125     4.734    design_1_i/axi_mem_intercon/m00_couplers/auto_pc/inst/gen_axi4_axi3.axi3_conv_inst/USE_READ.USE_SPLIT_R.read_addr_inst/USE_R_CHANNEL.cmd_queue/inst/fifo_gen_inst/inst_fifo_gen/gconvfifo.rf/grf.rf/rstblk/sckt_wr_rst_cc[1]
    SLICE_X1Y44                                                       f  design_1_i/axi_mem_intercon/m00_couplers/auto_pc/inst/gen_axi4_axi3.axi3_conv_inst/USE_READ.USE_SPLIT_R.read_addr_inst/USE_R_CHANNEL.cmd_queue/inst/fifo_gen_inst/inst_fifo_gen/gconvfifo.rf/grf.rf/rstblk/gc0.count_d1[4]_i_2/I0
    SLICE_X1Y44          LUT3 (Prop_lut3_I0_O)        0.295     5.029 f  design_1_i/axi_mem_intercon/m00_couplers/auto_pc/inst/gen_axi4_axi3.axi3_conv_inst/USE_READ.USE_SPLIT_R.read_addr_inst/USE_R_CHANNEL.cmd_queue/inst/fifo_gen_inst/inst_fifo_gen/gconvfifo.rf/grf.rf/rstblk/gc0.count_d1[4]_i_2/O
                         net (fo=33, routed)          0.906     5.935    design_1_i/axi_mem_intercon/m00_couplers/auto_pc/inst/gen_axi4_axi3.axi3_conv_inst/USE_READ.USE_SPLIT_R.read_addr_inst/USE_R_CHANNEL.cmd_queue/inst/fifo_gen_inst/inst_fifo_gen/gconvfifo.rf/grf.rf/gntv_or_sync_fifo.gl0.wr/wpntr/gcc0.gc0.count_d1_reg[4]_0
    SLICE_X3Y41          FDCE                                         f  design_1_i/axi_mem_intercon/m00_couplers/auto_pc/inst/gen_axi4_axi3.axi3_conv_inst/USE_READ.USE_SPLIT_R.read_addr_inst/USE_R_CHANNEL.cmd_queue/inst/fifo_gen_inst/inst_fifo_gen/gconvfifo.rf/grf.rf/gntv_or_sync_fifo.gl0.wr/wpntr/gcc0.gc0.count_d1_reg[4]/CLR
  -------------------------------------------------------------------    -------------------

                         (clock clk_fpga_0 rise edge)
                                                     16.000    16.000 r  
    PS7_X0Y0             PS7                          0.000    16.000 r  design_1_i/processing_system7_0/inst/PS7_i/FCLKCLK[0]
                         net (fo=1, routed)           1.088    17.088    design_1_i/processing_system7_0/inst/FCLK_CLK_unbuffered[0]
    BUFGCTRL_X0Y16                                                    r  design_1_i/processing_system7_0/inst/buffer_fclk_clk_0.FCLK_CLK_0_BUFG/I
    BUFGCTRL_X0Y16       BUFG (Prop_bufg_I_O)         0.091    17.179 r  design_1_i/processing_system7_0/inst/buffer_fclk_clk_0.FCLK_CLK_0_BUFG/O
                         net (fo=38067, routed)       1.658    18.837    design_1_i/axi_mem_intercon/m00_couplers/auto_pc/inst/gen_axi4_axi3.axi3_conv_inst/USE_READ.USE_SPLIT_R.read_addr_inst/USE_R_CHANNEL.cmd_queue/inst/fifo_gen_inst/inst_fifo_gen/gconvfifo.rf/grf.rf/gntv_or_sync_fifo.gl0.wr/wpntr/clk
    SLICE_X3Y41          FDCE                                         r  design_1_i/axi_mem_intercon/m00_couplers/auto_pc/inst/gen_axi4_axi3.axi3_conv_inst/USE_READ.USE_SPLIT_R.read_addr_inst/USE_R_CHANNEL.cmd_queue/inst/fifo_gen_inst/inst_fifo_gen/gconvfifo.rf/grf.rf/gntv_or_sync_fifo.gl0.wr/wpntr/gcc0.gc0.count_d1_reg[4]/C
                         clock pessimism              0.269    19.106    
                         clock uncertainty           -0.243    18.863    
    SLICE_X3Y41          FDCE (Recov_fdce_C_CLR)     -0.405    18.458    design_1_i/axi_mem_intercon/m00_couplers/auto_pc/inst/gen_axi4_axi3.axi3_conv_inst/USE_READ.USE_SPLIT_R.read_addr_inst/USE_R_CHANNEL.cmd_queue/inst/fifo_gen_inst/inst_fifo_gen/gconvfifo.rf/grf.rf/gntv_or_sync_fifo.gl0.wr/wpntr/gcc0.gc0.count_d1_reg[4]
  -------------------------------------------------------------------
                         required time                         18.458    
                         arrival time                          -5.935    
  -------------------------------------------------------------------
                         slack                                 12.523    

Slack (MET) :             12.523ns  (required time - arrival time)
  Source:                 design_1_i/axi_mem_intercon/m00_couplers/auto_pc/inst/gen_axi4_axi3.axi3_conv_inst/USE_READ.USE_SPLIT_R.read_addr_inst/USE_R_CHANNEL.cmd_queue/inst/fifo_gen_inst/inst_fifo_gen/gconvfifo.rf/grf.rf/rstblk/ngwrdrst.grst.g7serrst.gnsckt_wrst.gcc_rst.sckt_wr_rst_cc_reg[1]/C
                            (rising edge-triggered cell FDRE clocked by clk_fpga_0  {rise@0.000ns fall@8.000ns period=16.000ns})
  Destination:            design_1_i/axi_mem_intercon/m00_couplers/auto_pc/inst/gen_axi4_axi3.axi3_conv_inst/USE_READ.USE_SPLIT_R.read_addr_inst/USE_R_CHANNEL.cmd_queue/inst/fifo_gen_inst/inst_fifo_gen/gconvfifo.rf/grf.rf/gntv_or_sync_fifo.gl0.wr/wpntr/gcc0.gc0.count_reg[1]/CLR
                            (recovery check against rising-edge clock clk_fpga_0  {rise@0.000ns fall@8.000ns period=16.000ns})
  Path Group:             **async_default**
  Path Type:              Recovery (Max at Slow Process Corner)
  Requirement:            16.000ns  (clk_fpga_0 rise@16.000ns - clk_fpga_0 rise@0.000ns)
  Data Path Delay:        2.804ns  (logic 0.773ns (27.568%)  route 2.031ns (72.432%))
  Logic Levels:           1  (LUT3=1)
  Clock Path Skew:        -0.025ns (DCD - SCD + CPR)
    Destination Clock Delay (DCD):    2.837ns = ( 18.837 - 16.000 ) 
    Source Clock Delay      (SCD):    3.131ns
    Clock Pessimism Removal (CPR):    0.269ns
  Clock Uncertainty:      0.243ns  ((TSJ^2 + TIJ^2)^1/2 + DJ) / 2 + PE
    Total System Jitter     (TSJ):    0.071ns
    Total Input Jitter      (TIJ):    0.480ns
    Discrete Jitter          (DJ):    0.000ns
    Phase Error              (PE):    0.000ns

    Location             Delay type                Incr(ns)  Path(ns)    Netlist Resource(s)
  -------------------------------------------------------------------    -------------------
                         (clock clk_fpga_0 rise edge)
                                                      0.000     0.000 r  
    PS7_X0Y0             PS7                          0.000     0.000 r  design_1_i/processing_system7_0/inst/PS7_i/FCLKCLK[0]
                         net (fo=1, routed)           1.193     1.193    design_1_i/processing_system7_0/inst/FCLK_CLK_unbuffered[0]
    BUFGCTRL_X0Y16                                                    r  design_1_i/processing_system7_0/inst/buffer_fclk_clk_0.FCLK_CLK_0_BUFG/I
    BUFGCTRL_X0Y16       BUFG (Prop_bufg_I_O)         0.101     1.294 r  design_1_i/processing_system7_0/inst/buffer_fclk_clk_0.FCLK_CLK_0_BUFG/O
                         net (fo=38067, routed)       1.837     3.131    design_1_i/axi_mem_intercon/m00_couplers/auto_pc/inst/gen_axi4_axi3.axi3_conv_inst/USE_READ.USE_SPLIT_R.read_addr_inst/USE_R_CHANNEL.cmd_queue/inst/fifo_gen_inst/inst_fifo_gen/gconvfifo.rf/grf.rf/rstblk/clk
    SLICE_X2Y42          FDRE                                         r  design_1_i/axi_mem_intercon/m00_couplers/auto_pc/inst/gen_axi4_axi3.axi3_conv_inst/USE_READ.USE_SPLIT_R.read_addr_inst/USE_R_CHANNEL.cmd_queue/inst/fifo_gen_inst/inst_fifo_gen/gconvfifo.rf/grf.rf/rstblk/ngwrdrst.grst.g7serrst.gnsckt_wrst.gcc_rst.sckt_wr_rst_cc_reg[1]/C
  -------------------------------------------------------------------    -------------------
    SLICE_X2Y42          FDRE (Prop_fdre_C_Q)         0.478     3.609 f  design_1_i/axi_mem_intercon/m00_couplers/auto_pc/inst/gen_axi4_axi3.axi3_conv_inst/USE_READ.USE_SPLIT_R.read_addr_inst/USE_R_CHANNEL.cmd_queue/inst/fifo_gen_inst/inst_fifo_gen/gconvfifo.rf/grf.rf/rstblk/ngwrdrst.grst.g7serrst.gnsckt_wrst.gcc_rst.sckt_wr_rst_cc_reg[1]/Q
                         net (fo=1, routed)           1.125     4.734    design_1_i/axi_mem_intercon/m00_couplers/auto_pc/inst/gen_axi4_axi3.axi3_conv_inst/USE_READ.USE_SPLIT_R.read_addr_inst/USE_R_CHANNEL.cmd_queue/inst/fifo_gen_inst/inst_fifo_gen/gconvfifo.rf/grf.rf/rstblk/sckt_wr_rst_cc[1]
    SLICE_X1Y44                                                       f  design_1_i/axi_mem_intercon/m00_couplers/auto_pc/inst/gen_axi4_axi3.axi3_conv_inst/USE_READ.USE_SPLIT_R.read_addr_inst/USE_R_CHANNEL.cmd_queue/inst/fifo_gen_inst/inst_fifo_gen/gconvfifo.rf/grf.rf/rstblk/gc0.count_d1[4]_i_2/I0
    SLICE_X1Y44          LUT3 (Prop_lut3_I0_O)        0.295     5.029 f  design_1_i/axi_mem_intercon/m00_couplers/auto_pc/inst/gen_axi4_axi3.axi3_conv_inst/USE_READ.USE_SPLIT_R.read_addr_inst/USE_R_CHANNEL.cmd_queue/inst/fifo_gen_inst/inst_fifo_gen/gconvfifo.rf/grf.rf/rstblk/gc0.count_d1[4]_i_2/O
                         net (fo=33, routed)          0.906     5.935    design_1_i/axi_mem_intercon/m00_couplers/auto_pc/inst/gen_axi4_axi3.axi3_conv_inst/USE_READ.USE_SPLIT_R.read_addr_inst/USE_R_CHANNEL.cmd_queue/inst/fifo_gen_inst/inst_fifo_gen/gconvfifo.rf/grf.rf/gntv_or_sync_fifo.gl0.wr/wpntr/gcc0.gc0.count_d1_reg[4]_0
    SLICE_X3Y41          FDCE                                         f  design_1_i/axi_mem_intercon/m00_couplers/auto_pc/inst/gen_axi4_axi3.axi3_conv_inst/USE_READ.USE_SPLIT_R.read_addr_inst/USE_R_CHANNEL.cmd_queue/inst/fifo_gen_inst/inst_fifo_gen/gconvfifo.rf/grf.rf/gntv_or_sync_fifo.gl0.wr/wpntr/gcc0.gc0.count_reg[1]/CLR
  -------------------------------------------------------------------    -------------------

                         (clock clk_fpga_0 rise edge)
                                                     16.000    16.000 r  
    PS7_X0Y0             PS7                          0.000    16.000 r  design_1_i/processing_system7_0/inst/PS7_i/FCLKCLK[0]
                         net (fo=1, routed)           1.088    17.088    design_1_i/processing_system7_0/inst/FCLK_CLK_unbuffered[0]
    BUFGCTRL_X0Y16                                                    r  design_1_i/processing_system7_0/inst/buffer_fclk_clk_0.FCLK_CLK_0_BUFG/I
    BUFGCTRL_X0Y16       BUFG (Prop_bufg_I_O)         0.091    17.179 r  design_1_i/processing_system7_0/inst/buffer_fclk_clk_0.FCLK_CLK_0_BUFG/O
                         net (fo=38067, routed)       1.658    18.837    design_1_i/axi_mem_intercon/m00_couplers/auto_pc/inst/gen_axi4_axi3.axi3_conv_inst/USE_READ.USE_SPLIT_R.read_addr_inst/USE_R_CHANNEL.cmd_queue/inst/fifo_gen_inst/inst_fifo_gen/gconvfifo.rf/grf.rf/gntv_or_sync_fifo.gl0.wr/wpntr/clk
    SLICE_X3Y41          FDCE                                         r  design_1_i/axi_mem_intercon/m00_couplers/auto_pc/inst/gen_axi4_axi3.axi3_conv_inst/USE_READ.USE_SPLIT_R.read_addr_inst/USE_R_CHANNEL.cmd_queue/inst/fifo_gen_inst/inst_fifo_gen/gconvfifo.rf/grf.rf/gntv_or_sync_fifo.gl0.wr/wpntr/gcc0.gc0.count_reg[1]/C
                         clock pessimism              0.269    19.106    
                         clock uncertainty           -0.243    18.863    
    SLICE_X3Y41          FDCE (Recov_fdce_C_CLR)     -0.405    18.458    design_1_i/axi_mem_intercon/m00_couplers/auto_pc/inst/gen_axi4_axi3.axi3_conv_inst/USE_READ.USE_SPLIT_R.read_addr_inst/USE_R_CHANNEL.cmd_queue/inst/fifo_gen_inst/inst_fifo_gen/gconvfifo.rf/grf.rf/gntv_or_sync_fifo.gl0.wr/wpntr/gcc0.gc0.count_reg[1]
  -------------------------------------------------------------------
                         required time                         18.458    
                         arrival time                          -5.935    
  -------------------------------------------------------------------
                         slack                                 12.523    

Slack (MET) :             12.523ns  (required time - arrival time)
  Source:                 design_1_i/axi_mem_intercon/m00_couplers/auto_pc/inst/gen_axi4_axi3.axi3_conv_inst/USE_READ.USE_SPLIT_R.read_addr_inst/USE_R_CHANNEL.cmd_queue/inst/fifo_gen_inst/inst_fifo_gen/gconvfifo.rf/grf.rf/rstblk/ngwrdrst.grst.g7serrst.gnsckt_wrst.gcc_rst.sckt_wr_rst_cc_reg[1]/C
                            (rising edge-triggered cell FDRE clocked by clk_fpga_0  {rise@0.000ns fall@8.000ns period=16.000ns})
  Destination:            design_1_i/axi_mem_intercon/m00_couplers/auto_pc/inst/gen_axi4_axi3.axi3_conv_inst/USE_READ.USE_SPLIT_R.read_addr_inst/USE_R_CHANNEL.cmd_queue/inst/fifo_gen_inst/inst_fifo_gen/gconvfifo.rf/grf.rf/gntv_or_sync_fifo.gl0.wr/wpntr/gcc0.gc0.count_reg[2]/CLR
                            (recovery check against rising-edge clock clk_fpga_0  {rise@0.000ns fall@8.000ns period=16.000ns})
  Path Group:             **async_default**
  Path Type:              Recovery (Max at Slow Process Corner)
  Requirement:            16.000ns  (clk_fpga_0 rise@16.000ns - clk_fpga_0 rise@0.000ns)
  Data Path Delay:        2.804ns  (logic 0.773ns (27.568%)  route 2.031ns (72.432%))
  Logic Levels:           1  (LUT3=1)
  Clock Path Skew:        -0.025ns (DCD - SCD + CPR)
    Destination Clock Delay (DCD):    2.837ns = ( 18.837 - 16.000 ) 
    Source Clock Delay      (SCD):    3.131ns
    Clock Pessimism Removal (CPR):    0.269ns
  Clock Uncertainty:      0.243ns  ((TSJ^2 + TIJ^2)^1/2 + DJ) / 2 + PE
    Total System Jitter     (TSJ):    0.071ns
    Total Input Jitter      (TIJ):    0.480ns
    Discrete Jitter          (DJ):    0.000ns
    Phase Error              (PE):    0.000ns

    Location             Delay type                Incr(ns)  Path(ns)    Netlist Resource(s)
  -------------------------------------------------------------------    -------------------
                         (clock clk_fpga_0 rise edge)
                                                      0.000     0.000 r  
    PS7_X0Y0             PS7                          0.000     0.000 r  design_1_i/processing_system7_0/inst/PS7_i/FCLKCLK[0]
                         net (fo=1, routed)           1.193     1.193    design_1_i/processing_system7_0/inst/FCLK_CLK_unbuffered[0]
    BUFGCTRL_X0Y16                                                    r  design_1_i/processing_system7_0/inst/buffer_fclk_clk_0.FCLK_CLK_0_BUFG/I
    BUFGCTRL_X0Y16       BUFG (Prop_bufg_I_O)         0.101     1.294 r  design_1_i/processing_system7_0/inst/buffer_fclk_clk_0.FCLK_CLK_0_BUFG/O
                         net (fo=38067, routed)       1.837     3.131    design_1_i/axi_mem_intercon/m00_couplers/auto_pc/inst/gen_axi4_axi3.axi3_conv_inst/USE_READ.USE_SPLIT_R.read_addr_inst/USE_R_CHANNEL.cmd_queue/inst/fifo_gen_inst/inst_fifo_gen/gconvfifo.rf/grf.rf/rstblk/clk
    SLICE_X2Y42          FDRE                                         r  design_1_i/axi_mem_intercon/m00_couplers/auto_pc/inst/gen_axi4_axi3.axi3_conv_inst/USE_READ.USE_SPLIT_R.read_addr_inst/USE_R_CHANNEL.cmd_queue/inst/fifo_gen_inst/inst_fifo_gen/gconvfifo.rf/grf.rf/rstblk/ngwrdrst.grst.g7serrst.gnsckt_wrst.gcc_rst.sckt_wr_rst_cc_reg[1]/C
  -------------------------------------------------------------------    -------------------
    SLICE_X2Y42          FDRE (Prop_fdre_C_Q)         0.478     3.609 f  design_1_i/axi_mem_intercon/m00_couplers/auto_pc/inst/gen_axi4_axi3.axi3_conv_inst/USE_READ.USE_SPLIT_R.read_addr_inst/USE_R_CHANNEL.cmd_queue/inst/fifo_gen_inst/inst_fifo_gen/gconvfifo.rf/grf.rf/rstblk/ngwrdrst.grst.g7serrst.gnsckt_wrst.gcc_rst.sckt_wr_rst_cc_reg[1]/Q
                         net (fo=1, routed)           1.125     4.734    design_1_i/axi_mem_intercon/m00_couplers/auto_pc/inst/gen_axi4_axi3.axi3_conv_inst/USE_READ.USE_SPLIT_R.read_addr_inst/USE_R_CHANNEL.cmd_queue/inst/fifo_gen_inst/inst_fifo_gen/gconvfifo.rf/grf.rf/rstblk/sckt_wr_rst_cc[1]
    SLICE_X1Y44                                                       f  design_1_i/axi_mem_intercon/m00_couplers/auto_pc/inst/gen_axi4_axi3.axi3_conv_inst/USE_READ.USE_SPLIT_R.read_addr_inst/USE_R_CHANNEL.cmd_queue/inst/fifo_gen_inst/inst_fifo_gen/gconvfifo.rf/grf.rf/rstblk/gc0.count_d1[4]_i_2/I0
    SLICE_X1Y44          LUT3 (Prop_lut3_I0_O)        0.295     5.029 f  design_1_i/axi_mem_intercon/m00_couplers/auto_pc/inst/gen_axi4_axi3.axi3_conv_inst/USE_READ.USE_SPLIT_R.read_addr_inst/USE_R_CHANNEL.cmd_queue/inst/fifo_gen_inst/inst_fifo_gen/gconvfifo.rf/grf.rf/rstblk/gc0.count_d1[4]_i_2/O
                         net (fo=33, routed)          0.906     5.935    design_1_i/axi_mem_intercon/m00_couplers/auto_pc/inst/gen_axi4_axi3.axi3_conv_inst/USE_READ.USE_SPLIT_R.read_addr_inst/USE_R_CHANNEL.cmd_queue/inst/fifo_gen_inst/inst_fifo_gen/gconvfifo.rf/grf.rf/gntv_or_sync_fifo.gl0.wr/wpntr/gcc0.gc0.count_d1_reg[4]_0
    SLICE_X3Y41          FDCE                                         f  design_1_i/axi_mem_intercon/m00_couplers/auto_pc/inst/gen_axi4_axi3.axi3_conv_inst/USE_READ.USE_SPLIT_R.read_addr_inst/USE_R_CHANNEL.cmd_queue/inst/fifo_gen_inst/inst_fifo_gen/gconvfifo.rf/grf.rf/gntv_or_sync_fifo.gl0.wr/wpntr/gcc0.gc0.count_reg[2]/CLR
  -------------------------------------------------------------------    -------------------

                         (clock clk_fpga_0 rise edge)
                                                     16.000    16.000 r  
    PS7_X0Y0             PS7                          0.000    16.000 r  design_1_i/processing_system7_0/inst/PS7_i/FCLKCLK[0]
                         net (fo=1, routed)           1.088    17.088    design_1_i/processing_system7_0/inst/FCLK_CLK_unbuffered[0]
    BUFGCTRL_X0Y16                                                    r  design_1_i/processing_system7_0/inst/buffer_fclk_clk_0.FCLK_CLK_0_BUFG/I
    BUFGCTRL_X0Y16       BUFG (Prop_bufg_I_O)         0.091    17.179 r  design_1_i/processing_system7_0/inst/buffer_fclk_clk_0.FCLK_CLK_0_BUFG/O
                         net (fo=38067, routed)       1.658    18.837    design_1_i/axi_mem_intercon/m00_couplers/auto_pc/inst/gen_axi4_axi3.axi3_conv_inst/USE_READ.USE_SPLIT_R.read_addr_inst/USE_R_CHANNEL.cmd_queue/inst/fifo_gen_inst/inst_fifo_gen/gconvfifo.rf/grf.rf/gntv_or_sync_fifo.gl0.wr/wpntr/clk
    SLICE_X3Y41          FDCE                                         r  design_1_i/axi_mem_intercon/m00_couplers/auto_pc/inst/gen_axi4_axi3.axi3_conv_inst/USE_READ.USE_SPLIT_R.read_addr_inst/USE_R_CHANNEL.cmd_queue/inst/fifo_gen_inst/inst_fifo_gen/gconvfifo.rf/grf.rf/gntv_or_sync_fifo.gl0.wr/wpntr/gcc0.gc0.count_reg[2]/C
                         clock pessimism              0.269    19.106    
                         clock uncertainty           -0.243    18.863    
    SLICE_X3Y41          FDCE (Recov_fdce_C_CLR)     -0.405    18.458    design_1_i/axi_mem_intercon/m00_couplers/auto_pc/inst/gen_axi4_axi3.axi3_conv_inst/USE_READ.USE_SPLIT_R.read_addr_inst/USE_R_CHANNEL.cmd_queue/inst/fifo_gen_inst/inst_fifo_gen/gconvfifo.rf/grf.rf/gntv_or_sync_fifo.gl0.wr/wpntr/gcc0.gc0.count_reg[2]
  -------------------------------------------------------------------
                         required time                         18.458    
                         arrival time                          -5.935    
  -------------------------------------------------------------------
                         slack                                 12.523    

Slack (MET) :             12.523ns  (required time - arrival time)
  Source:                 design_1_i/axi_mem_intercon/m00_couplers/auto_pc/inst/gen_axi4_axi3.axi3_conv_inst/USE_READ.USE_SPLIT_R.read_addr_inst/USE_R_CHANNEL.cmd_queue/inst/fifo_gen_inst/inst_fifo_gen/gconvfifo.rf/grf.rf/rstblk/ngwrdrst.grst.g7serrst.gnsckt_wrst.gcc_rst.sckt_wr_rst_cc_reg[1]/C
                            (rising edge-triggered cell FDRE clocked by clk_fpga_0  {rise@0.000ns fall@8.000ns period=16.000ns})
  Destination:            design_1_i/axi_mem_intercon/m00_couplers/auto_pc/inst/gen_axi4_axi3.axi3_conv_inst/USE_READ.USE_SPLIT_R.read_addr_inst/USE_R_CHANNEL.cmd_queue/inst/fifo_gen_inst/inst_fifo_gen/gconvfifo.rf/grf.rf/gntv_or_sync_fifo.gl0.wr/wpntr/gcc0.gc0.count_reg[3]/CLR
                            (recovery check against rising-edge clock clk_fpga_0  {rise@0.000ns fall@8.000ns period=16.000ns})
  Path Group:             **async_default**
  Path Type:              Recovery (Max at Slow Process Corner)
  Requirement:            16.000ns  (clk_fpga_0 rise@16.000ns - clk_fpga_0 rise@0.000ns)
  Data Path Delay:        2.804ns  (logic 0.773ns (27.568%)  route 2.031ns (72.432%))
  Logic Levels:           1  (LUT3=1)
  Clock Path Skew:        -0.025ns (DCD - SCD + CPR)
    Destination Clock Delay (DCD):    2.837ns = ( 18.837 - 16.000 ) 
    Source Clock Delay      (SCD):    3.131ns
    Clock Pessimism Removal (CPR):    0.269ns
  Clock Uncertainty:      0.243ns  ((TSJ^2 + TIJ^2)^1/2 + DJ) / 2 + PE
    Total System Jitter     (TSJ):    0.071ns
    Total Input Jitter      (TIJ):    0.480ns
    Discrete Jitter          (DJ):    0.000ns
    Phase Error              (PE):    0.000ns

    Location             Delay type                Incr(ns)  Path(ns)    Netlist Resource(s)
  -------------------------------------------------------------------    -------------------
                         (clock clk_fpga_0 rise edge)
                                                      0.000     0.000 r  
    PS7_X0Y0             PS7                          0.000     0.000 r  design_1_i/processing_system7_0/inst/PS7_i/FCLKCLK[0]
                         net (fo=1, routed)           1.193     1.193    design_1_i/processing_system7_0/inst/FCLK_CLK_unbuffered[0]
    BUFGCTRL_X0Y16                                                    r  design_1_i/processing_system7_0/inst/buffer_fclk_clk_0.FCLK_CLK_0_BUFG/I
    BUFGCTRL_X0Y16       BUFG (Prop_bufg_I_O)         0.101     1.294 r  design_1_i/processing_system7_0/inst/buffer_fclk_clk_0.FCLK_CLK_0_BUFG/O
                         net (fo=38067, routed)       1.837     3.131    design_1_i/axi_mem_intercon/m00_couplers/auto_pc/inst/gen_axi4_axi3.axi3_conv_inst/USE_READ.USE_SPLIT_R.read_addr_inst/USE_R_CHANNEL.cmd_queue/inst/fifo_gen_inst/inst_fifo_gen/gconvfifo.rf/grf.rf/rstblk/clk
    SLICE_X2Y42          FDRE                                         r  design_1_i/axi_mem_intercon/m00_couplers/auto_pc/inst/gen_axi4_axi3.axi3_conv_inst/USE_READ.USE_SPLIT_R.read_addr_inst/USE_R_CHANNEL.cmd_queue/inst/fifo_gen_inst/inst_fifo_gen/gconvfifo.rf/grf.rf/rstblk/ngwrdrst.grst.g7serrst.gnsckt_wrst.gcc_rst.sckt_wr_rst_cc_reg[1]/C
  -------------------------------------------------------------------    -------------------
    SLICE_X2Y42          FDRE (Prop_fdre_C_Q)         0.478     3.609 f  design_1_i/axi_mem_intercon/m00_couplers/auto_pc/inst/gen_axi4_axi3.axi3_conv_inst/USE_READ.USE_SPLIT_R.read_addr_inst/USE_R_CHANNEL.cmd_queue/inst/fifo_gen_inst/inst_fifo_gen/gconvfifo.rf/grf.rf/rstblk/ngwrdrst.grst.g7serrst.gnsckt_wrst.gcc_rst.sckt_wr_rst_cc_reg[1]/Q
                         net (fo=1, routed)           1.125     4.734    design_1_i/axi_mem_intercon/m00_couplers/auto_pc/inst/gen_axi4_axi3.axi3_conv_inst/USE_READ.USE_SPLIT_R.read_addr_inst/USE_R_CHANNEL.cmd_queue/inst/fifo_gen_inst/inst_fifo_gen/gconvfifo.rf/grf.rf/rstblk/sckt_wr_rst_cc[1]
    SLICE_X1Y44                                                       f  design_1_i/axi_mem_intercon/m00_couplers/auto_pc/inst/gen_axi4_axi3.axi3_conv_inst/USE_READ.USE_SPLIT_R.read_addr_inst/USE_R_CHANNEL.cmd_queue/inst/fifo_gen_inst/inst_fifo_gen/gconvfifo.rf/grf.rf/rstblk/gc0.count_d1[4]_i_2/I0
    SLICE_X1Y44          LUT3 (Prop_lut3_I0_O)        0.295     5.029 f  design_1_i/axi_mem_intercon/m00_couplers/auto_pc/inst/gen_axi4_axi3.axi3_conv_inst/USE_READ.USE_SPLIT_R.read_addr_inst/USE_R_CHANNEL.cmd_queue/inst/fifo_gen_inst/inst_fifo_gen/gconvfifo.rf/grf.rf/rstblk/gc0.count_d1[4]_i_2/O
                         net (fo=33, routed)          0.906     5.935    design_1_i/axi_mem_intercon/m00_couplers/auto_pc/inst/gen_axi4_axi3.axi3_conv_inst/USE_READ.USE_SPLIT_R.read_addr_inst/USE_R_CHANNEL.cmd_queue/inst/fifo_gen_inst/inst_fifo_gen/gconvfifo.rf/grf.rf/gntv_or_sync_fifo.gl0.wr/wpntr/gcc0.gc0.count_d1_reg[4]_0
    SLICE_X3Y41          FDCE                                         f  design_1_i/axi_mem_intercon/m00_couplers/auto_pc/inst/gen_axi4_axi3.axi3_conv_inst/USE_READ.USE_SPLIT_R.read_addr_inst/USE_R_CHANNEL.cmd_queue/inst/fifo_gen_inst/inst_fifo_gen/gconvfifo.rf/grf.rf/gntv_or_sync_fifo.gl0.wr/wpntr/gcc0.gc0.count_reg[3]/CLR
  -------------------------------------------------------------------    -------------------

                         (clock clk_fpga_0 rise edge)
                                                     16.000    16.000 r  
    PS7_X0Y0             PS7                          0.000    16.000 r  design_1_i/processing_system7_0/inst/PS7_i/FCLKCLK[0]
                         net (fo=1, routed)           1.088    17.088    design_1_i/processing_system7_0/inst/FCLK_CLK_unbuffered[0]
    BUFGCTRL_X0Y16                                                    r  design_1_i/processing_system7_0/inst/buffer_fclk_clk_0.FCLK_CLK_0_BUFG/I
    BUFGCTRL_X0Y16       BUFG (Prop_bufg_I_O)         0.091    17.179 r  design_1_i/processing_system7_0/inst/buffer_fclk_clk_0.FCLK_CLK_0_BUFG/O
                         net (fo=38067, routed)       1.658    18.837    design_1_i/axi_mem_intercon/m00_couplers/auto_pc/inst/gen_axi4_axi3.axi3_conv_inst/USE_READ.USE_SPLIT_R.read_addr_inst/USE_R_CHANNEL.cmd_queue/inst/fifo_gen_inst/inst_fifo_gen/gconvfifo.rf/grf.rf/gntv_or_sync_fifo.gl0.wr/wpntr/clk
    SLICE_X3Y41          FDCE                                         r  design_1_i/axi_mem_intercon/m00_couplers/auto_pc/inst/gen_axi4_axi3.axi3_conv_inst/USE_READ.USE_SPLIT_R.read_addr_inst/USE_R_CHANNEL.cmd_queue/inst/fifo_gen_inst/inst_fifo_gen/gconvfifo.rf/grf.rf/gntv_or_sync_fifo.gl0.wr/wpntr/gcc0.gc0.count_reg[3]/C
                         clock pessimism              0.269    19.106    
                         clock uncertainty           -0.243    18.863    
    SLICE_X3Y41          FDCE (Recov_fdce_C_CLR)     -0.405    18.458    design_1_i/axi_mem_intercon/m00_couplers/auto_pc/inst/gen_axi4_axi3.axi3_conv_inst/USE_READ.USE_SPLIT_R.read_addr_inst/USE_R_CHANNEL.cmd_queue/inst/fifo_gen_inst/inst_fifo_gen/gconvfifo.rf/grf.rf/gntv_or_sync_fifo.gl0.wr/wpntr/gcc0.gc0.count_reg[3]
  -------------------------------------------------------------------
                         required time                         18.458    
                         arrival time                          -5.935    
  -------------------------------------------------------------------
                         slack                                 12.523    

Slack (MET) :             12.523ns  (required time - arrival time)
  Source:                 design_1_i/axi_mem_intercon/m00_couplers/auto_pc/inst/gen_axi4_axi3.axi3_conv_inst/USE_READ.USE_SPLIT_R.read_addr_inst/USE_R_CHANNEL.cmd_queue/inst/fifo_gen_inst/inst_fifo_gen/gconvfifo.rf/grf.rf/rstblk/ngwrdrst.grst.g7serrst.gnsckt_wrst.gcc_rst.sckt_wr_rst_cc_reg[1]/C
                            (rising edge-triggered cell FDRE clocked by clk_fpga_0  {rise@0.000ns fall@8.000ns period=16.000ns})
  Destination:            design_1_i/axi_mem_intercon/m00_couplers/auto_pc/inst/gen_axi4_axi3.axi3_conv_inst/USE_READ.USE_SPLIT_R.read_addr_inst/USE_R_CHANNEL.cmd_queue/inst/fifo_gen_inst/inst_fifo_gen/gconvfifo.rf/grf.rf/gntv_or_sync_fifo.gl0.wr/wpntr/gcc0.gc0.count_reg[4]/CLR
                            (recovery check against rising-edge clock clk_fpga_0  {rise@0.000ns fall@8.000ns period=16.000ns})
  Path Group:             **async_default**
  Path Type:              Recovery (Max at Slow Process Corner)
  Requirement:            16.000ns  (clk_fpga_0 rise@16.000ns - clk_fpga_0 rise@0.000ns)
  Data Path Delay:        2.804ns  (logic 0.773ns (27.568%)  route 2.031ns (72.432%))
  Logic Levels:           1  (LUT3=1)
  Clock Path Skew:        -0.025ns (DCD - SCD + CPR)
    Destination Clock Delay (DCD):    2.837ns = ( 18.837 - 16.000 ) 
    Source Clock Delay      (SCD):    3.131ns
    Clock Pessimism Removal (CPR):    0.269ns
  Clock Uncertainty:      0.243ns  ((TSJ^2 + TIJ^2)^1/2 + DJ) / 2 + PE
    Total System Jitter     (TSJ):    0.071ns
    Total Input Jitter      (TIJ):    0.480ns
    Discrete Jitter          (DJ):    0.000ns
    Phase Error              (PE):    0.000ns

    Location             Delay type                Incr(ns)  Path(ns)    Netlist Resource(s)
  -------------------------------------------------------------------    -------------------
                         (clock clk_fpga_0 rise edge)
                                                      0.000     0.000 r  
    PS7_X0Y0             PS7                          0.000     0.000 r  design_1_i/processing_system7_0/inst/PS7_i/FCLKCLK[0]
                         net (fo=1, routed)           1.193     1.193    design_1_i/processing_system7_0/inst/FCLK_CLK_unbuffered[0]
    BUFGCTRL_X0Y16                                                    r  design_1_i/processing_system7_0/inst/buffer_fclk_clk_0.FCLK_CLK_0_BUFG/I
    BUFGCTRL_X0Y16       BUFG (Prop_bufg_I_O)         0.101     1.294 r  design_1_i/processing_system7_0/inst/buffer_fclk_clk_0.FCLK_CLK_0_BUFG/O
                         net (fo=38067, routed)       1.837     3.131    design_1_i/axi_mem_intercon/m00_couplers/auto_pc/inst/gen_axi4_axi3.axi3_conv_inst/USE_READ.USE_SPLIT_R.read_addr_inst/USE_R_CHANNEL.cmd_queue/inst/fifo_gen_inst/inst_fifo_gen/gconvfifo.rf/grf.rf/rstblk/clk
    SLICE_X2Y42          FDRE                                         r  design_1_i/axi_mem_intercon/m00_couplers/auto_pc/inst/gen_axi4_axi3.axi3_conv_inst/USE_READ.USE_SPLIT_R.read_addr_inst/USE_R_CHANNEL.cmd_queue/inst/fifo_gen_inst/inst_fifo_gen/gconvfifo.rf/grf.rf/rstblk/ngwrdrst.grst.g7serrst.gnsckt_wrst.gcc_rst.sckt_wr_rst_cc_reg[1]/C
  -------------------------------------------------------------------    -------------------
    SLICE_X2Y42          FDRE (Prop_fdre_C_Q)         0.478     3.609 f  design_1_i/axi_mem_intercon/m00_couplers/auto_pc/inst/gen_axi4_axi3.axi3_conv_inst/USE_READ.USE_SPLIT_R.read_addr_inst/USE_R_CHANNEL.cmd_queue/inst/fifo_gen_inst/inst_fifo_gen/gconvfifo.rf/grf.rf/rstblk/ngwrdrst.grst.g7serrst.gnsckt_wrst.gcc_rst.sckt_wr_rst_cc_reg[1]/Q
                         net (fo=1, routed)           1.125     4.734    design_1_i/axi_mem_intercon/m00_couplers/auto_pc/inst/gen_axi4_axi3.axi3_conv_inst/USE_READ.USE_SPLIT_R.read_addr_inst/USE_R_CHANNEL.cmd_queue/inst/fifo_gen_inst/inst_fifo_gen/gconvfifo.rf/grf.rf/rstblk/sckt_wr_rst_cc[1]
    SLICE_X1Y44                                                       f  design_1_i/axi_mem_intercon/m00_couplers/auto_pc/inst/gen_axi4_axi3.axi3_conv_inst/USE_READ.USE_SPLIT_R.read_addr_inst/USE_R_CHANNEL.cmd_queue/inst/fifo_gen_inst/inst_fifo_gen/gconvfifo.rf/grf.rf/rstblk/gc0.count_d1[4]_i_2/I0
    SLICE_X1Y44          LUT3 (Prop_lut3_I0_O)        0.295     5.029 f  design_1_i/axi_mem_intercon/m00_couplers/auto_pc/inst/gen_axi4_axi3.axi3_conv_inst/USE_READ.USE_SPLIT_R.read_addr_inst/USE_R_CHANNEL.cmd_queue/inst/fifo_gen_inst/inst_fifo_gen/gconvfifo.rf/grf.rf/rstblk/gc0.count_d1[4]_i_2/O
                         net (fo=33, routed)          0.906     5.935    design_1_i/axi_mem_intercon/m00_couplers/auto_pc/inst/gen_axi4_axi3.axi3_conv_inst/USE_READ.USE_SPLIT_R.read_addr_inst/USE_R_CHANNEL.cmd_queue/inst/fifo_gen_inst/inst_fifo_gen/gconvfifo.rf/grf.rf/gntv_or_sync_fifo.gl0.wr/wpntr/gcc0.gc0.count_d1_reg[4]_0
    SLICE_X3Y41          FDCE                                         f  design_1_i/axi_mem_intercon/m00_couplers/auto_pc/inst/gen_axi4_axi3.axi3_conv_inst/USE_READ.USE_SPLIT_R.read_addr_inst/USE_R_CHANNEL.cmd_queue/inst/fifo_gen_inst/inst_fifo_gen/gconvfifo.rf/grf.rf/gntv_or_sync_fifo.gl0.wr/wpntr/gcc0.gc0.count_reg[4]/CLR
  -------------------------------------------------------------------    -------------------

                         (clock clk_fpga_0 rise edge)
                                                     16.000    16.000 r  
    PS7_X0Y0             PS7                          0.000    16.000 r  design_1_i/processing_system7_0/inst/PS7_i/FCLKCLK[0]
                         net (fo=1, routed)           1.088    17.088    design_1_i/processing_system7_0/inst/FCLK_CLK_unbuffered[0]
    BUFGCTRL_X0Y16                                                    r  design_1_i/processing_system7_0/inst/buffer_fclk_clk_0.FCLK_CLK_0_BUFG/I
    BUFGCTRL_X0Y16       BUFG (Prop_bufg_I_O)         0.091    17.179 r  design_1_i/processing_system7_0/inst/buffer_fclk_clk_0.FCLK_CLK_0_BUFG/O
                         net (fo=38067, routed)       1.658    18.837    design_1_i/axi_mem_intercon/m00_couplers/auto_pc/inst/gen_axi4_axi3.axi3_conv_inst/USE_READ.USE_SPLIT_R.read_addr_inst/USE_R_CHANNEL.cmd_queue/inst/fifo_gen_inst/inst_fifo_gen/gconvfifo.rf/grf.rf/gntv_or_sync_fifo.gl0.wr/wpntr/clk
    SLICE_X3Y41          FDCE                                         r  design_1_i/axi_mem_intercon/m00_couplers/auto_pc/inst/gen_axi4_axi3.axi3_conv_inst/USE_READ.USE_SPLIT_R.read_addr_inst/USE_R_CHANNEL.cmd_queue/inst/fifo_gen_inst/inst_fifo_gen/gconvfifo.rf/grf.rf/gntv_or_sync_fifo.gl0.wr/wpntr/gcc0.gc0.count_reg[4]/C
                         clock pessimism              0.269    19.106    
                         clock uncertainty           -0.243    18.863    
    SLICE_X3Y41          FDCE (Recov_fdce_C_CLR)     -0.405    18.458    design_1_i/axi_mem_intercon/m00_couplers/auto_pc/inst/gen_axi4_axi3.axi3_conv_inst/USE_READ.USE_SPLIT_R.read_addr_inst/USE_R_CHANNEL.cmd_queue/inst/fifo_gen_inst/inst_fifo_gen/gconvfifo.rf/grf.rf/gntv_or_sync_fifo.gl0.wr/wpntr/gcc0.gc0.count_reg[4]
  -------------------------------------------------------------------
                         required time                         18.458    
                         arrival time                          -5.935    
  -------------------------------------------------------------------
                         slack                                 12.523    

Slack (MET) :             12.524ns  (required time - arrival time)
  Source:                 design_1_i/axi_mem_intercon/m00_couplers/auto_pc/inst/gen_axi4_axi3.axi3_conv_inst/USE_READ.USE_SPLIT_R.read_addr_inst/USE_R_CHANNEL.cmd_queue/inst/fifo_gen_inst/inst_fifo_gen/gconvfifo.rf/grf.rf/rstblk/ngwrdrst.grst.g7serrst.gnsckt_wrst.gcc_rst.sckt_wr_rst_cc_reg[1]/C
                            (rising edge-triggered cell FDRE clocked by clk_fpga_0  {rise@0.000ns fall@8.000ns period=16.000ns})
  Destination:            design_1_i/axi_mem_intercon/m00_couplers/auto_pc/inst/gen_axi4_axi3.axi3_conv_inst/USE_READ.USE_SPLIT_R.read_addr_inst/USE_R_CHANNEL.cmd_queue/inst/fifo_gen_inst/inst_fifo_gen/gconvfifo.rf/grf.rf/gntv_or_sync_fifo.gl0.rd/gr1.gr1_int.rfwft/gpregsm1.curr_fwft_state_reg[1]/CLR
                            (recovery check against rising-edge clock clk_fpga_0  {rise@0.000ns fall@8.000ns period=16.000ns})
  Path Group:             **async_default**
  Path Type:              Recovery (Max at Slow Process Corner)
  Requirement:            16.000ns  (clk_fpga_0 rise@16.000ns - clk_fpga_0 rise@0.000ns)
  Data Path Delay:        2.764ns  (logic 0.773ns (27.968%)  route 1.991ns (72.032%))
  Logic Levels:           1  (LUT3=1)
  Clock Path Skew:        -0.065ns (DCD - SCD + CPR)
    Destination Clock Delay (DCD):    2.836ns = ( 18.837 - 16.000 ) 
    Source Clock Delay      (SCD):    3.131ns
    Clock Pessimism Removal (CPR):    0.230ns
  Clock Uncertainty:      0.243ns  ((TSJ^2 + TIJ^2)^1/2 + DJ) / 2 + PE
    Total System Jitter     (TSJ):    0.071ns
    Total Input Jitter      (TIJ):    0.480ns
    Discrete Jitter          (DJ):    0.000ns
    Phase Error              (PE):    0.000ns

    Location             Delay type                Incr(ns)  Path(ns)    Netlist Resource(s)
  -------------------------------------------------------------------    -------------------
                         (clock clk_fpga_0 rise edge)
                                                      0.000     0.000 r  
    PS7_X0Y0             PS7                          0.000     0.000 r  design_1_i/processing_system7_0/inst/PS7_i/FCLKCLK[0]
                         net (fo=1, routed)           1.193     1.193    design_1_i/processing_system7_0/inst/FCLK_CLK_unbuffered[0]
    BUFGCTRL_X0Y16                                                    r  design_1_i/processing_system7_0/inst/buffer_fclk_clk_0.FCLK_CLK_0_BUFG/I
    BUFGCTRL_X0Y16       BUFG (Prop_bufg_I_O)         0.101     1.294 r  design_1_i/processing_system7_0/inst/buffer_fclk_clk_0.FCLK_CLK_0_BUFG/O
                         net (fo=38067, routed)       1.837     3.131    design_1_i/axi_mem_intercon/m00_couplers/auto_pc/inst/gen_axi4_axi3.axi3_conv_inst/USE_READ.USE_SPLIT_R.read_addr_inst/USE_R_CHANNEL.cmd_queue/inst/fifo_gen_inst/inst_fifo_gen/gconvfifo.rf/grf.rf/rstblk/clk
    SLICE_X2Y42          FDRE                                         r  design_1_i/axi_mem_intercon/m00_couplers/auto_pc/inst/gen_axi4_axi3.axi3_conv_inst/USE_READ.USE_SPLIT_R.read_addr_inst/USE_R_CHANNEL.cmd_queue/inst/fifo_gen_inst/inst_fifo_gen/gconvfifo.rf/grf.rf/rstblk/ngwrdrst.grst.g7serrst.gnsckt_wrst.gcc_rst.sckt_wr_rst_cc_reg[1]/C
  -------------------------------------------------------------------    -------------------
    SLICE_X2Y42          FDRE (Prop_fdre_C_Q)         0.478     3.609 f  design_1_i/axi_mem_intercon/m00_couplers/auto_pc/inst/gen_axi4_axi3.axi3_conv_inst/USE_READ.USE_SPLIT_R.read_addr_inst/USE_R_CHANNEL.cmd_queue/inst/fifo_gen_inst/inst_fifo_gen/gconvfifo.rf/grf.rf/rstblk/ngwrdrst.grst.g7serrst.gnsckt_wrst.gcc_rst.sckt_wr_rst_cc_reg[1]/Q
                         net (fo=1, routed)           1.125     4.734    design_1_i/axi_mem_intercon/m00_couplers/auto_pc/inst/gen_axi4_axi3.axi3_conv_inst/USE_READ.USE_SPLIT_R.read_addr_inst/USE_R_CHANNEL.cmd_queue/inst/fifo_gen_inst/inst_fifo_gen/gconvfifo.rf/grf.rf/rstblk/sckt_wr_rst_cc[1]
    SLICE_X1Y44                                                       f  design_1_i/axi_mem_intercon/m00_couplers/auto_pc/inst/gen_axi4_axi3.axi3_conv_inst/USE_READ.USE_SPLIT_R.read_addr_inst/USE_R_CHANNEL.cmd_queue/inst/fifo_gen_inst/inst_fifo_gen/gconvfifo.rf/grf.rf/rstblk/gc0.count_d1[4]_i_2/I0
    SLICE_X1Y44          LUT3 (Prop_lut3_I0_O)        0.295     5.029 f  design_1_i/axi_mem_intercon/m00_couplers/auto_pc/inst/gen_axi4_axi3.axi3_conv_inst/USE_READ.USE_SPLIT_R.read_addr_inst/USE_R_CHANNEL.cmd_queue/inst/fifo_gen_inst/inst_fifo_gen/gconvfifo.rf/grf.rf/rstblk/gc0.count_d1[4]_i_2/O
                         net (fo=33, routed)          0.866     5.895    design_1_i/axi_mem_intercon/m00_couplers/auto_pc/inst/gen_axi4_axi3.axi3_conv_inst/USE_READ.USE_SPLIT_R.read_addr_inst/USE_R_CHANNEL.cmd_queue/inst/fifo_gen_inst/inst_fifo_gen/gconvfifo.rf/grf.rf/gntv_or_sync_fifo.gl0.rd/gr1.gr1_int.rfwft/gpregsm1.user_valid_reg_0
    SLICE_X5Y42          FDCE                                         f  design_1_i/axi_mem_intercon/m00_couplers/auto_pc/inst/gen_axi4_axi3.axi3_conv_inst/USE_READ.USE_SPLIT_R.read_addr_inst/USE_R_CHANNEL.cmd_queue/inst/fifo_gen_inst/inst_fifo_gen/gconvfifo.rf/grf.rf/gntv_or_sync_fifo.gl0.rd/gr1.gr1_int.rfwft/gpregsm1.curr_fwft_state_reg[1]/CLR
  -------------------------------------------------------------------    -------------------

                         (clock clk_fpga_0 rise edge)
                                                     16.000    16.000 r  
    PS7_X0Y0             PS7                          0.000    16.000 r  design_1_i/processing_system7_0/inst/PS7_i/FCLKCLK[0]
                         net (fo=1, routed)           1.088    17.088    design_1_i/processing_system7_0/inst/FCLK_CLK_unbuffered[0]
    BUFGCTRL_X0Y16                                                    r  design_1_i/processing_system7_0/inst/buffer_fclk_clk_0.FCLK_CLK_0_BUFG/I
    BUFGCTRL_X0Y16       BUFG (Prop_bufg_I_O)         0.091    17.179 r  design_1_i/processing_system7_0/inst/buffer_fclk_clk_0.FCLK_CLK_0_BUFG/O
                         net (fo=38067, routed)       1.657    18.837    design_1_i/axi_mem_intercon/m00_couplers/auto_pc/inst/gen_axi4_axi3.axi3_conv_inst/USE_READ.USE_SPLIT_R.read_addr_inst/USE_R_CHANNEL.cmd_queue/inst/fifo_gen_inst/inst_fifo_gen/gconvfifo.rf/grf.rf/gntv_or_sync_fifo.gl0.rd/gr1.gr1_int.rfwft/clk
    SLICE_X5Y42          FDCE                                         r  design_1_i/axi_mem_intercon/m00_couplers/auto_pc/inst/gen_axi4_axi3.axi3_conv_inst/USE_READ.USE_SPLIT_R.read_addr_inst/USE_R_CHANNEL.cmd_queue/inst/fifo_gen_inst/inst_fifo_gen/gconvfifo.rf/grf.rf/gntv_or_sync_fifo.gl0.rd/gr1.gr1_int.rfwft/gpregsm1.curr_fwft_state_reg[1]/C
                         clock pessimism              0.230    19.066    
                         clock uncertainty           -0.243    18.823    
    SLICE_X5Y42          FDCE (Recov_fdce_C_CLR)     -0.405    18.418    design_1_i/axi_mem_intercon/m00_couplers/auto_pc/inst/gen_axi4_axi3.axi3_conv_inst/USE_READ.USE_SPLIT_R.read_addr_inst/USE_R_CHANNEL.cmd_queue/inst/fifo_gen_inst/inst_fifo_gen/gconvfifo.rf/grf.rf/gntv_or_sync_fifo.gl0.rd/gr1.gr1_int.rfwft/gpregsm1.curr_fwft_state_reg[1]
  -------------------------------------------------------------------
                         required time                         18.418    
                         arrival time                          -5.895    
  -------------------------------------------------------------------
                         slack                                 12.524    

Slack (MET) :             12.524ns  (required time - arrival time)
  Source:                 design_1_i/axi_mem_intercon/m00_couplers/auto_pc/inst/gen_axi4_axi3.axi3_conv_inst/USE_READ.USE_SPLIT_R.read_addr_inst/USE_R_CHANNEL.cmd_queue/inst/fifo_gen_inst/inst_fifo_gen/gconvfifo.rf/grf.rf/rstblk/ngwrdrst.grst.g7serrst.gnsckt_wrst.gcc_rst.sckt_wr_rst_cc_reg[1]/C
                            (rising edge-triggered cell FDRE clocked by clk_fpga_0  {rise@0.000ns fall@8.000ns period=16.000ns})
  Destination:            design_1_i/axi_mem_intercon/m00_couplers/auto_pc/inst/gen_axi4_axi3.axi3_conv_inst/USE_READ.USE_SPLIT_R.read_addr_inst/USE_R_CHANNEL.cmd_queue/inst/fifo_gen_inst/inst_fifo_gen/gconvfifo.rf/grf.rf/gntv_or_sync_fifo.gl0.wr/gwss.wsts/ram_full_fb_i_reg/CLR
                            (recovery check against rising-edge clock clk_fpga_0  {rise@0.000ns fall@8.000ns period=16.000ns})
  Path Group:             **async_default**
  Path Type:              Recovery (Max at Slow Process Corner)
  Requirement:            16.000ns  (clk_fpga_0 rise@16.000ns - clk_fpga_0 rise@0.000ns)
  Data Path Delay:        2.764ns  (logic 0.773ns (27.968%)  route 1.991ns (72.032%))
  Logic Levels:           1  (LUT3=1)
  Clock Path Skew:        -0.065ns (DCD - SCD + CPR)
    Destination Clock Delay (DCD):    2.836ns = ( 18.837 - 16.000 ) 
    Source Clock Delay      (SCD):    3.131ns
    Clock Pessimism Removal (CPR):    0.230ns
  Clock Uncertainty:      0.243ns  ((TSJ^2 + TIJ^2)^1/2 + DJ) / 2 + PE
    Total System Jitter     (TSJ):    0.071ns
    Total Input Jitter      (TIJ):    0.480ns
    Discrete Jitter          (DJ):    0.000ns
    Phase Error              (PE):    0.000ns

    Location             Delay type                Incr(ns)  Path(ns)    Netlist Resource(s)
  -------------------------------------------------------------------    -------------------
                         (clock clk_fpga_0 rise edge)
                                                      0.000     0.000 r  
    PS7_X0Y0             PS7                          0.000     0.000 r  design_1_i/processing_system7_0/inst/PS7_i/FCLKCLK[0]
                         net (fo=1, routed)           1.193     1.193    design_1_i/processing_system7_0/inst/FCLK_CLK_unbuffered[0]
    BUFGCTRL_X0Y16                                                    r  design_1_i/processing_system7_0/inst/buffer_fclk_clk_0.FCLK_CLK_0_BUFG/I
    BUFGCTRL_X0Y16       BUFG (Prop_bufg_I_O)         0.101     1.294 r  design_1_i/processing_system7_0/inst/buffer_fclk_clk_0.FCLK_CLK_0_BUFG/O
                         net (fo=38067, routed)       1.837     3.131    design_1_i/axi_mem_intercon/m00_couplers/auto_pc/inst/gen_axi4_axi3.axi3_conv_inst/USE_READ.USE_SPLIT_R.read_addr_inst/USE_R_CHANNEL.cmd_queue/inst/fifo_gen_inst/inst_fifo_gen/gconvfifo.rf/grf.rf/rstblk/clk
    SLICE_X2Y42          FDRE                                         r  design_1_i/axi_mem_intercon/m00_couplers/auto_pc/inst/gen_axi4_axi3.axi3_conv_inst/USE_READ.USE_SPLIT_R.read_addr_inst/USE_R_CHANNEL.cmd_queue/inst/fifo_gen_inst/inst_fifo_gen/gconvfifo.rf/grf.rf/rstblk/ngwrdrst.grst.g7serrst.gnsckt_wrst.gcc_rst.sckt_wr_rst_cc_reg[1]/C
  -------------------------------------------------------------------    -------------------
    SLICE_X2Y42          FDRE (Prop_fdre_C_Q)         0.478     3.609 f  design_1_i/axi_mem_intercon/m00_couplers/auto_pc/inst/gen_axi4_axi3.axi3_conv_inst/USE_READ.USE_SPLIT_R.read_addr_inst/USE_R_CHANNEL.cmd_queue/inst/fifo_gen_inst/inst_fifo_gen/gconvfifo.rf/grf.rf/rstblk/ngwrdrst.grst.g7serrst.gnsckt_wrst.gcc_rst.sckt_wr_rst_cc_reg[1]/Q
                         net (fo=1, routed)           1.125     4.734    design_1_i/axi_mem_intercon/m00_couplers/auto_pc/inst/gen_axi4_axi3.axi3_conv_inst/USE_READ.USE_SPLIT_R.read_addr_inst/USE_R_CHANNEL.cmd_queue/inst/fifo_gen_inst/inst_fifo_gen/gconvfifo.rf/grf.rf/rstblk/sckt_wr_rst_cc[1]
    SLICE_X1Y44                                                       f  design_1_i/axi_mem_intercon/m00_couplers/auto_pc/inst/gen_axi4_axi3.axi3_conv_inst/USE_READ.USE_SPLIT_R.read_addr_inst/USE_R_CHANNEL.cmd_queue/inst/fifo_gen_inst/inst_fifo_gen/gconvfifo.rf/grf.rf/rstblk/gc0.count_d1[4]_i_2/I0
    SLICE_X1Y44          LUT3 (Prop_lut3_I0_O)        0.295     5.029 f  design_1_i/axi_mem_intercon/m00_couplers/auto_pc/inst/gen_axi4_axi3.axi3_conv_inst/USE_READ.USE_SPLIT_R.read_addr_inst/USE_R_CHANNEL.cmd_queue/inst/fifo_gen_inst/inst_fifo_gen/gconvfifo.rf/grf.rf/rstblk/gc0.count_d1[4]_i_2/O
                         net (fo=33, routed)          0.866     5.895    design_1_i/axi_mem_intercon/m00_couplers/auto_pc/inst/gen_axi4_axi3.axi3_conv_inst/USE_READ.USE_SPLIT_R.read_addr_inst/USE_R_CHANNEL.cmd_queue/inst/fifo_gen_inst/inst_fifo_gen/gconvfifo.rf/grf.rf/gntv_or_sync_fifo.gl0.wr/gwss.wsts/ram_full_i_reg_0
    SLICE_X5Y42          FDCE                                         f  design_1_i/axi_mem_intercon/m00_couplers/auto_pc/inst/gen_axi4_axi3.axi3_conv_inst/USE_READ.USE_SPLIT_R.read_addr_inst/USE_R_CHANNEL.cmd_queue/inst/fifo_gen_inst/inst_fifo_gen/gconvfifo.rf/grf.rf/gntv_or_sync_fifo.gl0.wr/gwss.wsts/ram_full_fb_i_reg/CLR
  -------------------------------------------------------------------    -------------------

                         (clock clk_fpga_0 rise edge)
                                                     16.000    16.000 r  
    PS7_X0Y0             PS7                          0.000    16.000 r  design_1_i/processing_system7_0/inst/PS7_i/FCLKCLK[0]
                         net (fo=1, routed)           1.088    17.088    design_1_i/processing_system7_0/inst/FCLK_CLK_unbuffered[0]
    BUFGCTRL_X0Y16                                                    r  design_1_i/processing_system7_0/inst/buffer_fclk_clk_0.FCLK_CLK_0_BUFG/I
    BUFGCTRL_X0Y16       BUFG (Prop_bufg_I_O)         0.091    17.179 r  design_1_i/processing_system7_0/inst/buffer_fclk_clk_0.FCLK_CLK_0_BUFG/O
                         net (fo=38067, routed)       1.657    18.837    design_1_i/axi_mem_intercon/m00_couplers/auto_pc/inst/gen_axi4_axi3.axi3_conv_inst/USE_READ.USE_SPLIT_R.read_addr_inst/USE_R_CHANNEL.cmd_queue/inst/fifo_gen_inst/inst_fifo_gen/gconvfifo.rf/grf.rf/gntv_or_sync_fifo.gl0.wr/gwss.wsts/clk
    SLICE_X5Y42          FDCE                                         r  design_1_i/axi_mem_intercon/m00_couplers/auto_pc/inst/gen_axi4_axi3.axi3_conv_inst/USE_READ.USE_SPLIT_R.read_addr_inst/USE_R_CHANNEL.cmd_queue/inst/fifo_gen_inst/inst_fifo_gen/gconvfifo.rf/grf.rf/gntv_or_sync_fifo.gl0.wr/gwss.wsts/ram_full_fb_i_reg/C
                         clock pessimism              0.230    19.066    
                         clock uncertainty           -0.243    18.823    
    SLICE_X5Y42          FDCE (Recov_fdce_C_CLR)     -0.405    18.418    design_1_i/axi_mem_intercon/m00_couplers/auto_pc/inst/gen_axi4_axi3.axi3_conv_inst/USE_READ.USE_SPLIT_R.read_addr_inst/USE_R_CHANNEL.cmd_queue/inst/fifo_gen_inst/inst_fifo_gen/gconvfifo.rf/grf.rf/gntv_or_sync_fifo.gl0.wr/gwss.wsts/ram_full_fb_i_reg
  -------------------------------------------------------------------
                         required time                         18.418    
                         arrival time                          -5.895    
  -------------------------------------------------------------------
                         slack                                 12.524    

Slack (MET) :             12.567ns  (required time - arrival time)
  Source:                 design_1_i/axi_mem_intercon/m00_couplers/auto_pc/inst/gen_axi4_axi3.axi3_conv_inst/USE_READ.USE_SPLIT_R.read_addr_inst/USE_R_CHANNEL.cmd_queue/inst/fifo_gen_inst/inst_fifo_gen/gconvfifo.rf/grf.rf/rstblk/ngwrdrst.grst.g7serrst.gnsckt_wrst.gcc_rst.sckt_wr_rst_cc_reg[1]/C
                            (rising edge-triggered cell FDRE clocked by clk_fpga_0  {rise@0.000ns fall@8.000ns period=16.000ns})
  Destination:            design_1_i/axi_mem_intercon/m00_couplers/auto_pc/inst/gen_axi4_axi3.axi3_conv_inst/USE_READ.USE_SPLIT_R.read_addr_inst/USE_R_CHANNEL.cmd_queue/inst/fifo_gen_inst/inst_fifo_gen/gconvfifo.rf/grf.rf/gntv_or_sync_fifo.gl0.rd/rpntr/gc0.count_reg[4]/CLR
                            (recovery check against rising-edge clock clk_fpga_0  {rise@0.000ns fall@8.000ns period=16.000ns})
  Path Group:             **async_default**
  Path Type:              Recovery (Max at Slow Process Corner)
  Requirement:            16.000ns  (clk_fpga_0 rise@16.000ns - clk_fpga_0 rise@0.000ns)
  Data Path Delay:        2.804ns  (logic 0.773ns (27.568%)  route 2.031ns (72.432%))
  Logic Levels:           1  (LUT3=1)
  Clock Path Skew:        -0.025ns (DCD - SCD + CPR)
    Destination Clock Delay (DCD):    2.837ns = ( 18.837 - 16.000 ) 
    Source Clock Delay      (SCD):    3.131ns
    Clock Pessimism Removal (CPR):    0.269ns
  Clock Uncertainty:      0.243ns  ((TSJ^2 + TIJ^2)^1/2 + DJ) / 2 + PE
    Total System Jitter     (TSJ):    0.071ns
    Total Input Jitter      (TIJ):    0.480ns
    Discrete Jitter          (DJ):    0.000ns
    Phase Error              (PE):    0.000ns

    Location             Delay type                Incr(ns)  Path(ns)    Netlist Resource(s)
  -------------------------------------------------------------------    -------------------
                         (clock clk_fpga_0 rise edge)
                                                      0.000     0.000 r  
    PS7_X0Y0             PS7                          0.000     0.000 r  design_1_i/processing_system7_0/inst/PS7_i/FCLKCLK[0]
                         net (fo=1, routed)           1.193     1.193    design_1_i/processing_system7_0/inst/FCLK_CLK_unbuffered[0]
    BUFGCTRL_X0Y16                                                    r  design_1_i/processing_system7_0/inst/buffer_fclk_clk_0.FCLK_CLK_0_BUFG/I
    BUFGCTRL_X0Y16       BUFG (Prop_bufg_I_O)         0.101     1.294 r  design_1_i/processing_system7_0/inst/buffer_fclk_clk_0.FCLK_CLK_0_BUFG/O
                         net (fo=38067, routed)       1.837     3.131    design_1_i/axi_mem_intercon/m00_couplers/auto_pc/inst/gen_axi4_axi3.axi3_conv_inst/USE_READ.USE_SPLIT_R.read_addr_inst/USE_R_CHANNEL.cmd_queue/inst/fifo_gen_inst/inst_fifo_gen/gconvfifo.rf/grf.rf/rstblk/clk
    SLICE_X2Y42          FDRE                                         r  design_1_i/axi_mem_intercon/m00_couplers/auto_pc/inst/gen_axi4_axi3.axi3_conv_inst/USE_READ.USE_SPLIT_R.read_addr_inst/USE_R_CHANNEL.cmd_queue/inst/fifo_gen_inst/inst_fifo_gen/gconvfifo.rf/grf.rf/rstblk/ngwrdrst.grst.g7serrst.gnsckt_wrst.gcc_rst.sckt_wr_rst_cc_reg[1]/C
  -------------------------------------------------------------------    -------------------
    SLICE_X2Y42          FDRE (Prop_fdre_C_Q)         0.478     3.609 f  design_1_i/axi_mem_intercon/m00_couplers/auto_pc/inst/gen_axi4_axi3.axi3_conv_inst/USE_READ.USE_SPLIT_R.read_addr_inst/USE_R_CHANNEL.cmd_queue/inst/fifo_gen_inst/inst_fifo_gen/gconvfifo.rf/grf.rf/rstblk/ngwrdrst.grst.g7serrst.gnsckt_wrst.gcc_rst.sckt_wr_rst_cc_reg[1]/Q
                         net (fo=1, routed)           1.125     4.734    design_1_i/axi_mem_intercon/m00_couplers/auto_pc/inst/gen_axi4_axi3.axi3_conv_inst/USE_READ.USE_SPLIT_R.read_addr_inst/USE_R_CHANNEL.cmd_queue/inst/fifo_gen_inst/inst_fifo_gen/gconvfifo.rf/grf.rf/rstblk/sckt_wr_rst_cc[1]
    SLICE_X1Y44                                                       f  design_1_i/axi_mem_intercon/m00_couplers/auto_pc/inst/gen_axi4_axi3.axi3_conv_inst/USE_READ.USE_SPLIT_R.read_addr_inst/USE_R_CHANNEL.cmd_queue/inst/fifo_gen_inst/inst_fifo_gen/gconvfifo.rf/grf.rf/rstblk/gc0.count_d1[4]_i_2/I0
    SLICE_X1Y44          LUT3 (Prop_lut3_I0_O)        0.295     5.029 f  design_1_i/axi_mem_intercon/m00_couplers/auto_pc/inst/gen_axi4_axi3.axi3_conv_inst/USE_READ.USE_SPLIT_R.read_addr_inst/USE_R_CHANNEL.cmd_queue/inst/fifo_gen_inst/inst_fifo_gen/gconvfifo.rf/grf.rf/rstblk/gc0.count_d1[4]_i_2/O
                         net (fo=33, routed)          0.906     5.935    design_1_i/axi_mem_intercon/m00_couplers/auto_pc/inst/gen_axi4_axi3.axi3_conv_inst/USE_READ.USE_SPLIT_R.read_addr_inst/USE_R_CHANNEL.cmd_queue/inst/fifo_gen_inst/inst_fifo_gen/gconvfifo.rf/grf.rf/gntv_or_sync_fifo.gl0.rd/rpntr/gc0.count_d1_reg[0]_0
    SLICE_X2Y41          FDCE                                         f  design_1_i/axi_mem_intercon/m00_couplers/auto_pc/inst/gen_axi4_axi3.axi3_conv_inst/USE_READ.USE_SPLIT_R.read_addr_inst/USE_R_CHANNEL.cmd_queue/inst/fifo_gen_inst/inst_fifo_gen/gconvfifo.rf/grf.rf/gntv_or_sync_fifo.gl0.rd/rpntr/gc0.count_reg[4]/CLR
  -------------------------------------------------------------------    -------------------

                         (clock clk_fpga_0 rise edge)
                                                     16.000    16.000 r  
    PS7_X0Y0             PS7                          0.000    16.000 r  design_1_i/processing_system7_0/inst/PS7_i/FCLKCLK[0]
                         net (fo=1, routed)           1.088    17.088    design_1_i/processing_system7_0/inst/FCLK_CLK_unbuffered[0]
    BUFGCTRL_X0Y16                                                    r  design_1_i/processing_system7_0/inst/buffer_fclk_clk_0.FCLK_CLK_0_BUFG/I
    BUFGCTRL_X0Y16       BUFG (Prop_bufg_I_O)         0.091    17.179 r  design_1_i/processing_system7_0/inst/buffer_fclk_clk_0.FCLK_CLK_0_BUFG/O
                         net (fo=38067, routed)       1.658    18.837    design_1_i/axi_mem_intercon/m00_couplers/auto_pc/inst/gen_axi4_axi3.axi3_conv_inst/USE_READ.USE_SPLIT_R.read_addr_inst/USE_R_CHANNEL.cmd_queue/inst/fifo_gen_inst/inst_fifo_gen/gconvfifo.rf/grf.rf/gntv_or_sync_fifo.gl0.rd/rpntr/clk
    SLICE_X2Y41          FDCE                                         r  design_1_i/axi_mem_intercon/m00_couplers/auto_pc/inst/gen_axi4_axi3.axi3_conv_inst/USE_READ.USE_SPLIT_R.read_addr_inst/USE_R_CHANNEL.cmd_queue/inst/fifo_gen_inst/inst_fifo_gen/gconvfifo.rf/grf.rf/gntv_or_sync_fifo.gl0.rd/rpntr/gc0.count_reg[4]/C
                         clock pessimism              0.269    19.106    
                         clock uncertainty           -0.243    18.863    
    SLICE_X2Y41          FDCE (Recov_fdce_C_CLR)     -0.361    18.502    design_1_i/axi_mem_intercon/m00_couplers/auto_pc/inst/gen_axi4_axi3.axi3_conv_inst/USE_READ.USE_SPLIT_R.read_addr_inst/USE_R_CHANNEL.cmd_queue/inst/fifo_gen_inst/inst_fifo_gen/gconvfifo.rf/grf.rf/gntv_or_sync_fifo.gl0.rd/rpntr/gc0.count_reg[4]
  -------------------------------------------------------------------
                         required time                         18.502    
                         arrival time                          -5.935    
  -------------------------------------------------------------------
                         slack                                 12.567    





Min Delay Paths
--------------------------------------------------------------------------------------
Slack (MET) :             0.568ns  (arrival time - required time)
  Source:                 design_1_i/axi_mem_intercon/m00_couplers/auto_pc/inst/gen_axi4_axi3.axi3_conv_inst/USE_WRITE.write_addr_inst/USE_BURSTS.cmd_queue/inst/fifo_gen_inst/inst_fifo_gen/gconvfifo.rf/grf.rf/rstblk/ngwrdrst.grst.g7serrst.gnsckt_wrst.gcc_rst.sckt_wr_rst_cc_reg[1]/C
                            (rising edge-triggered cell FDRE clocked by clk_fpga_0  {rise@0.000ns fall@8.000ns period=16.000ns})
  Destination:            design_1_i/axi_mem_intercon/m00_couplers/auto_pc/inst/gen_axi4_axi3.axi3_conv_inst/USE_WRITE.write_addr_inst/USE_BURSTS.cmd_queue/inst/fifo_gen_inst/inst_fifo_gen/gconvfifo.rf/grf.rf/gntv_or_sync_fifo.gl0.rd/gr1.gr1_int.rfwft/gpregsm1.curr_fwft_state_reg[1]/CLR
                            (removal check against rising-edge clock clk_fpga_0  {rise@0.000ns fall@8.000ns period=16.000ns})
  Path Group:             **async_default**
  Path Type:              Removal (Min at Fast Process Corner)
  Requirement:            0.000ns  (clk_fpga_0 rise@0.000ns - clk_fpga_0 rise@0.000ns)
  Data Path Delay:        0.518ns  (logic 0.226ns (43.671%)  route 0.292ns (56.329%))
  Logic Levels:           1  (LUT3=1)
  Clock Path Skew:        0.017ns (DCD - SCD - CPR)
    Destination Clock Delay (DCD):    1.262ns
    Source Clock Delay      (SCD):    0.961ns
    Clock Pessimism Removal (CPR):    0.284ns

    Location             Delay type                Incr(ns)  Path(ns)    Netlist Resource(s)
  -------------------------------------------------------------------    -------------------
                         (clock clk_fpga_0 rise edge)
                                                      0.000     0.000 r  
    PS7_X0Y0             PS7                          0.000     0.000 r  design_1_i/processing_system7_0/inst/PS7_i/FCLKCLK[0]
                         net (fo=1, routed)           0.310     0.310    design_1_i/processing_system7_0/inst/FCLK_CLK_unbuffered[0]
    BUFGCTRL_X0Y16                                                    r  design_1_i/processing_system7_0/inst/buffer_fclk_clk_0.FCLK_CLK_0_BUFG/I
    BUFGCTRL_X0Y16       BUFG (Prop_bufg_I_O)         0.026     0.336 r  design_1_i/processing_system7_0/inst/buffer_fclk_clk_0.FCLK_CLK_0_BUFG/O
                         net (fo=38067, routed)       0.625     0.961    design_1_i/axi_mem_intercon/m00_couplers/auto_pc/inst/gen_axi4_axi3.axi3_conv_inst/USE_WRITE.write_addr_inst/USE_BURSTS.cmd_queue/inst/fifo_gen_inst/inst_fifo_gen/gconvfifo.rf/grf.rf/rstblk/clk
    SLICE_X3Y46          FDRE                                         r  design_1_i/axi_mem_intercon/m00_couplers/auto_pc/inst/gen_axi4_axi3.axi3_conv_inst/USE_WRITE.write_addr_inst/USE_BURSTS.cmd_queue/inst/fifo_gen_inst/inst_fifo_gen/gconvfifo.rf/grf.rf/rstblk/ngwrdrst.grst.g7serrst.gnsckt_wrst.gcc_rst.sckt_wr_rst_cc_reg[1]/C
  -------------------------------------------------------------------    -------------------
    SLICE_X3Y46          FDRE (Prop_fdre_C_Q)         0.128     1.089 f  design_1_i/axi_mem_intercon/m00_couplers/auto_pc/inst/gen_axi4_axi3.axi3_conv_inst/USE_WRITE.write_addr_inst/USE_BURSTS.cmd_queue/inst/fifo_gen_inst/inst_fifo_gen/gconvfifo.rf/grf.rf/rstblk/ngwrdrst.grst.g7serrst.gnsckt_wrst.gcc_rst.sckt_wr_rst_cc_reg[1]/Q
                         net (fo=2, routed)           0.151     1.239    design_1_i/axi_mem_intercon/m00_couplers/auto_pc/inst/gen_axi4_axi3.axi3_conv_inst/USE_WRITE.write_addr_inst/USE_BURSTS.cmd_queue/inst/fifo_gen_inst/inst_fifo_gen/gconvfifo.rf/grf.rf/rstblk/sckt_wr_rst_cc[1]
    SLICE_X3Y47                                                       f  design_1_i/axi_mem_intercon/m00_couplers/auto_pc/inst/gen_axi4_axi3.axi3_conv_inst/USE_WRITE.write_addr_inst/USE_BURSTS.cmd_queue/inst/fifo_gen_inst/inst_fifo_gen/gconvfifo.rf/grf.rf/rstblk/gc0.count_d1[4]_i_2/I0
    SLICE_X3Y47          LUT3 (Prop_lut3_I0_O)        0.098     1.337 f  design_1_i/axi_mem_intercon/m00_couplers/auto_pc/inst/gen_axi4_axi3.axi3_conv_inst/USE_WRITE.write_addr_inst/USE_BURSTS.cmd_queue/inst/fifo_gen_inst/inst_fifo_gen/gconvfifo.rf/grf.rf/rstblk/gc0.count_d1[4]_i_2/O
                         net (fo=32, routed)          0.141     1.478    design_1_i/axi_mem_intercon/m00_couplers/auto_pc/inst/gen_axi4_axi3.axi3_conv_inst/USE_WRITE.write_addr_inst/USE_BURSTS.cmd_queue/inst/fifo_gen_inst/inst_fifo_gen/gconvfifo.rf/grf.rf/gntv_or_sync_fifo.gl0.rd/gr1.gr1_int.rfwft/gpregsm1.user_valid_reg_0
    SLICE_X2Y47          FDCE                                         f  design_1_i/axi_mem_intercon/m00_couplers/auto_pc/inst/gen_axi4_axi3.axi3_conv_inst/USE_WRITE.write_addr_inst/USE_BURSTS.cmd_queue/inst/fifo_gen_inst/inst_fifo_gen/gconvfifo.rf/grf.rf/gntv_or_sync_fifo.gl0.rd/gr1.gr1_int.rfwft/gpregsm1.curr_fwft_state_reg[1]/CLR
  -------------------------------------------------------------------    -------------------

                         (clock clk_fpga_0 rise edge)
                                                      0.000     0.000 r  
    PS7_X0Y0             PS7                          0.000     0.000 r  design_1_i/processing_system7_0/inst/PS7_i/FCLKCLK[0]
                         net (fo=1, routed)           0.337     0.337    design_1_i/processing_system7_0/inst/FCLK_CLK_unbuffered[0]
    BUFGCTRL_X0Y16                                                    r  design_1_i/processing_system7_0/inst/buffer_fclk_clk_0.FCLK_CLK_0_BUFG/I
    BUFGCTRL_X0Y16       BUFG (Prop_bufg_I_O)         0.029     0.366 r  design_1_i/processing_system7_0/inst/buffer_fclk_clk_0.FCLK_CLK_0_BUFG/O
                         net (fo=38067, routed)       0.896     1.262    design_1_i/axi_mem_intercon/m00_couplers/auto_pc/inst/gen_axi4_axi3.axi3_conv_inst/USE_WRITE.write_addr_inst/USE_BURSTS.cmd_queue/inst/fifo_gen_inst/inst_fifo_gen/gconvfifo.rf/grf.rf/gntv_or_sync_fifo.gl0.rd/gr1.gr1_int.rfwft/clk
    SLICE_X2Y47          FDCE                                         r  design_1_i/axi_mem_intercon/m00_couplers/auto_pc/inst/gen_axi4_axi3.axi3_conv_inst/USE_WRITE.write_addr_inst/USE_BURSTS.cmd_queue/inst/fifo_gen_inst/inst_fifo_gen/gconvfifo.rf/grf.rf/gntv_or_sync_fifo.gl0.rd/gr1.gr1_int.rfwft/gpregsm1.curr_fwft_state_reg[1]/C
                         clock pessimism             -0.284     0.978    
    SLICE_X2Y47          FDCE (Remov_fdce_C_CLR)     -0.067     0.911    design_1_i/axi_mem_intercon/m00_couplers/auto_pc/inst/gen_axi4_axi3.axi3_conv_inst/USE_WRITE.write_addr_inst/USE_BURSTS.cmd_queue/inst/fifo_gen_inst/inst_fifo_gen/gconvfifo.rf/grf.rf/gntv_or_sync_fifo.gl0.rd/gr1.gr1_int.rfwft/gpregsm1.curr_fwft_state_reg[1]
  -------------------------------------------------------------------
                         required time                         -0.911    
                         arrival time                           1.478    
  -------------------------------------------------------------------
                         slack                                  0.568    

Slack (MET) :             0.572ns  (arrival time - required time)
  Source:                 design_1_i/axi_mem_intercon/m00_couplers/auto_pc/inst/gen_axi4_axi3.axi3_conv_inst/USE_WRITE.write_addr_inst/USE_BURSTS.cmd_queue/inst/fifo_gen_inst/inst_fifo_gen/gconvfifo.rf/grf.rf/rstblk/ngwrdrst.grst.g7serrst.gnsckt_wrst.gcc_rst.sckt_wr_rst_cc_reg[1]/C
                            (rising edge-triggered cell FDRE clocked by clk_fpga_0  {rise@0.000ns fall@8.000ns period=16.000ns})
  Destination:            design_1_i/axi_mem_intercon/m00_couplers/auto_pc/inst/gen_axi4_axi3.axi3_conv_inst/USE_WRITE.write_addr_inst/USE_BURSTS.cmd_queue/inst/fifo_gen_inst/inst_fifo_gen/gconvfifo.rf/grf.rf/gntv_or_sync_fifo.gl0.rd/gr1.gr1_int.rfwft/aempty_fwft_fb_i_reg/PRE
                            (removal check against rising-edge clock clk_fpga_0  {rise@0.000ns fall@8.000ns period=16.000ns})
  Path Group:             **async_default**
  Path Type:              Removal (Min at Fast Process Corner)
  Requirement:            0.000ns  (clk_fpga_0 rise@0.000ns - clk_fpga_0 rise@0.000ns)
  Data Path Delay:        0.518ns  (logic 0.226ns (43.671%)  route 0.292ns (56.329%))
  Logic Levels:           1  (LUT3=1)
  Clock Path Skew:        0.017ns (DCD - SCD - CPR)
    Destination Clock Delay (DCD):    1.262ns
    Source Clock Delay      (SCD):    0.961ns
    Clock Pessimism Removal (CPR):    0.284ns

    Location             Delay type                Incr(ns)  Path(ns)    Netlist Resource(s)
  -------------------------------------------------------------------    -------------------
                         (clock clk_fpga_0 rise edge)
                                                      0.000     0.000 r  
    PS7_X0Y0             PS7                          0.000     0.000 r  design_1_i/processing_system7_0/inst/PS7_i/FCLKCLK[0]
                         net (fo=1, routed)           0.310     0.310    design_1_i/processing_system7_0/inst/FCLK_CLK_unbuffered[0]
    BUFGCTRL_X0Y16                                                    r  design_1_i/processing_system7_0/inst/buffer_fclk_clk_0.FCLK_CLK_0_BUFG/I
    BUFGCTRL_X0Y16       BUFG (Prop_bufg_I_O)         0.026     0.336 r  design_1_i/processing_system7_0/inst/buffer_fclk_clk_0.FCLK_CLK_0_BUFG/O
                         net (fo=38067, routed)       0.625     0.961    design_1_i/axi_mem_intercon/m00_couplers/auto_pc/inst/gen_axi4_axi3.axi3_conv_inst/USE_WRITE.write_addr_inst/USE_BURSTS.cmd_queue/inst/fifo_gen_inst/inst_fifo_gen/gconvfifo.rf/grf.rf/rstblk/clk
    SLICE_X3Y46          FDRE                                         r  design_1_i/axi_mem_intercon/m00_couplers/auto_pc/inst/gen_axi4_axi3.axi3_conv_inst/USE_WRITE.write_addr_inst/USE_BURSTS.cmd_queue/inst/fifo_gen_inst/inst_fifo_gen/gconvfifo.rf/grf.rf/rstblk/ngwrdrst.grst.g7serrst.gnsckt_wrst.gcc_rst.sckt_wr_rst_cc_reg[1]/C
  -------------------------------------------------------------------    -------------------
    SLICE_X3Y46          FDRE (Prop_fdre_C_Q)         0.128     1.089 f  design_1_i/axi_mem_intercon/m00_couplers/auto_pc/inst/gen_axi4_axi3.axi3_conv_inst/USE_WRITE.write_addr_inst/USE_BURSTS.cmd_queue/inst/fifo_gen_inst/inst_fifo_gen/gconvfifo.rf/grf.rf/rstblk/ngwrdrst.grst.g7serrst.gnsckt_wrst.gcc_rst.sckt_wr_rst_cc_reg[1]/Q
                         net (fo=2, routed)           0.151     1.239    design_1_i/axi_mem_intercon/m00_couplers/auto_pc/inst/gen_axi4_axi3.axi3_conv_inst/USE_WRITE.write_addr_inst/USE_BURSTS.cmd_queue/inst/fifo_gen_inst/inst_fifo_gen/gconvfifo.rf/grf.rf/rstblk/sckt_wr_rst_cc[1]
    SLICE_X3Y47                                                       f  design_1_i/axi_mem_intercon/m00_couplers/auto_pc/inst/gen_axi4_axi3.axi3_conv_inst/USE_WRITE.write_addr_inst/USE_BURSTS.cmd_queue/inst/fifo_gen_inst/inst_fifo_gen/gconvfifo.rf/grf.rf/rstblk/gc0.count_d1[4]_i_2/I0
    SLICE_X3Y47          LUT3 (Prop_lut3_I0_O)        0.098     1.337 f  design_1_i/axi_mem_intercon/m00_couplers/auto_pc/inst/gen_axi4_axi3.axi3_conv_inst/USE_WRITE.write_addr_inst/USE_BURSTS.cmd_queue/inst/fifo_gen_inst/inst_fifo_gen/gconvfifo.rf/grf.rf/rstblk/gc0.count_d1[4]_i_2/O
                         net (fo=32, routed)          0.141     1.478    design_1_i/axi_mem_intercon/m00_couplers/auto_pc/inst/gen_axi4_axi3.axi3_conv_inst/USE_WRITE.write_addr_inst/USE_BURSTS.cmd_queue/inst/fifo_gen_inst/inst_fifo_gen/gconvfifo.rf/grf.rf/gntv_or_sync_fifo.gl0.rd/gr1.gr1_int.rfwft/gpregsm1.user_valid_reg_0
    SLICE_X2Y47          FDPE                                         f  design_1_i/axi_mem_intercon/m00_couplers/auto_pc/inst/gen_axi4_axi3.axi3_conv_inst/USE_WRITE.write_addr_inst/USE_BURSTS.cmd_queue/inst/fifo_gen_inst/inst_fifo_gen/gconvfifo.rf/grf.rf/gntv_or_sync_fifo.gl0.rd/gr1.gr1_int.rfwft/aempty_fwft_fb_i_reg/PRE
  -------------------------------------------------------------------    -------------------

                         (clock clk_fpga_0 rise edge)
                                                      0.000     0.000 r  
    PS7_X0Y0             PS7                          0.000     0.000 r  design_1_i/processing_system7_0/inst/PS7_i/FCLKCLK[0]
                         net (fo=1, routed)           0.337     0.337    design_1_i/processing_system7_0/inst/FCLK_CLK_unbuffered[0]
    BUFGCTRL_X0Y16                                                    r  design_1_i/processing_system7_0/inst/buffer_fclk_clk_0.FCLK_CLK_0_BUFG/I
    BUFGCTRL_X0Y16       BUFG (Prop_bufg_I_O)         0.029     0.366 r  design_1_i/processing_system7_0/inst/buffer_fclk_clk_0.FCLK_CLK_0_BUFG/O
                         net (fo=38067, routed)       0.896     1.262    design_1_i/axi_mem_intercon/m00_couplers/auto_pc/inst/gen_axi4_axi3.axi3_conv_inst/USE_WRITE.write_addr_inst/USE_BURSTS.cmd_queue/inst/fifo_gen_inst/inst_fifo_gen/gconvfifo.rf/grf.rf/gntv_or_sync_fifo.gl0.rd/gr1.gr1_int.rfwft/clk
    SLICE_X2Y47          FDPE                                         r  design_1_i/axi_mem_intercon/m00_couplers/auto_pc/inst/gen_axi4_axi3.axi3_conv_inst/USE_WRITE.write_addr_inst/USE_BURSTS.cmd_queue/inst/fifo_gen_inst/inst_fifo_gen/gconvfifo.rf/grf.rf/gntv_or_sync_fifo.gl0.rd/gr1.gr1_int.rfwft/aempty_fwft_fb_i_reg/C
                         clock pessimism             -0.284     0.978    
    SLICE_X2Y47          FDPE (Remov_fdpe_C_PRE)     -0.071     0.907    design_1_i/axi_mem_intercon/m00_couplers/auto_pc/inst/gen_axi4_axi3.axi3_conv_inst/USE_WRITE.write_addr_inst/USE_BURSTS.cmd_queue/inst/fifo_gen_inst/inst_fifo_gen/gconvfifo.rf/grf.rf/gntv_or_sync_fifo.gl0.rd/gr1.gr1_int.rfwft/aempty_fwft_fb_i_reg
  -------------------------------------------------------------------
                         required time                         -0.907    
                         arrival time                           1.478    
  -------------------------------------------------------------------
                         slack                                  0.572    

Slack (MET) :             0.572ns  (arrival time - required time)
  Source:                 design_1_i/axi_mem_intercon/m00_couplers/auto_pc/inst/gen_axi4_axi3.axi3_conv_inst/USE_WRITE.write_addr_inst/USE_BURSTS.cmd_queue/inst/fifo_gen_inst/inst_fifo_gen/gconvfifo.rf/grf.rf/rstblk/ngwrdrst.grst.g7serrst.gnsckt_wrst.gcc_rst.sckt_wr_rst_cc_reg[1]/C
                            (rising edge-triggered cell FDRE clocked by clk_fpga_0  {rise@0.000ns fall@8.000ns period=16.000ns})
  Destination:            design_1_i/axi_mem_intercon/m00_couplers/auto_pc/inst/gen_axi4_axi3.axi3_conv_inst/USE_WRITE.write_addr_inst/USE_BURSTS.cmd_queue/inst/fifo_gen_inst/inst_fifo_gen/gconvfifo.rf/grf.rf/gntv_or_sync_fifo.gl0.rd/gr1.gr1_int.rfwft/aempty_fwft_i_reg/PRE
                            (removal check against rising-edge clock clk_fpga_0  {rise@0.000ns fall@8.000ns period=16.000ns})
  Path Group:             **async_default**
  Path Type:              Removal (Min at Fast Process Corner)
  Requirement:            0.000ns  (clk_fpga_0 rise@0.000ns - clk_fpga_0 rise@0.000ns)
  Data Path Delay:        0.518ns  (logic 0.226ns (43.671%)  route 0.292ns (56.329%))
  Logic Levels:           1  (LUT3=1)
  Clock Path Skew:        0.017ns (DCD - SCD - CPR)
    Destination Clock Delay (DCD):    1.262ns
    Source Clock Delay      (SCD):    0.961ns
    Clock Pessimism Removal (CPR):    0.284ns

    Location             Delay type                Incr(ns)  Path(ns)    Netlist Resource(s)
  -------------------------------------------------------------------    -------------------
                         (clock clk_fpga_0 rise edge)
                                                      0.000     0.000 r  
    PS7_X0Y0             PS7                          0.000     0.000 r  design_1_i/processing_system7_0/inst/PS7_i/FCLKCLK[0]
                         net (fo=1, routed)           0.310     0.310    design_1_i/processing_system7_0/inst/FCLK_CLK_unbuffered[0]
    BUFGCTRL_X0Y16                                                    r  design_1_i/processing_system7_0/inst/buffer_fclk_clk_0.FCLK_CLK_0_BUFG/I
    BUFGCTRL_X0Y16       BUFG (Prop_bufg_I_O)         0.026     0.336 r  design_1_i/processing_system7_0/inst/buffer_fclk_clk_0.FCLK_CLK_0_BUFG/O
                         net (fo=38067, routed)       0.625     0.961    design_1_i/axi_mem_intercon/m00_couplers/auto_pc/inst/gen_axi4_axi3.axi3_conv_inst/USE_WRITE.write_addr_inst/USE_BURSTS.cmd_queue/inst/fifo_gen_inst/inst_fifo_gen/gconvfifo.rf/grf.rf/rstblk/clk
    SLICE_X3Y46          FDRE                                         r  design_1_i/axi_mem_intercon/m00_couplers/auto_pc/inst/gen_axi4_axi3.axi3_conv_inst/USE_WRITE.write_addr_inst/USE_BURSTS.cmd_queue/inst/fifo_gen_inst/inst_fifo_gen/gconvfifo.rf/grf.rf/rstblk/ngwrdrst.grst.g7serrst.gnsckt_wrst.gcc_rst.sckt_wr_rst_cc_reg[1]/C
  -------------------------------------------------------------------    -------------------
    SLICE_X3Y46          FDRE (Prop_fdre_C_Q)         0.128     1.089 f  design_1_i/axi_mem_intercon/m00_couplers/auto_pc/inst/gen_axi4_axi3.axi3_conv_inst/USE_WRITE.write_addr_inst/USE_BURSTS.cmd_queue/inst/fifo_gen_inst/inst_fifo_gen/gconvfifo.rf/grf.rf/rstblk/ngwrdrst.grst.g7serrst.gnsckt_wrst.gcc_rst.sckt_wr_rst_cc_reg[1]/Q
                         net (fo=2, routed)           0.151     1.239    design_1_i/axi_mem_intercon/m00_couplers/auto_pc/inst/gen_axi4_axi3.axi3_conv_inst/USE_WRITE.write_addr_inst/USE_BURSTS.cmd_queue/inst/fifo_gen_inst/inst_fifo_gen/gconvfifo.rf/grf.rf/rstblk/sckt_wr_rst_cc[1]
    SLICE_X3Y47                                                       f  design_1_i/axi_mem_intercon/m00_couplers/auto_pc/inst/gen_axi4_axi3.axi3_conv_inst/USE_WRITE.write_addr_inst/USE_BURSTS.cmd_queue/inst/fifo_gen_inst/inst_fifo_gen/gconvfifo.rf/grf.rf/rstblk/gc0.count_d1[4]_i_2/I0
    SLICE_X3Y47          LUT3 (Prop_lut3_I0_O)        0.098     1.337 f  design_1_i/axi_mem_intercon/m00_couplers/auto_pc/inst/gen_axi4_axi3.axi3_conv_inst/USE_WRITE.write_addr_inst/USE_BURSTS.cmd_queue/inst/fifo_gen_inst/inst_fifo_gen/gconvfifo.rf/grf.rf/rstblk/gc0.count_d1[4]_i_2/O
                         net (fo=32, routed)          0.141     1.478    design_1_i/axi_mem_intercon/m00_couplers/auto_pc/inst/gen_axi4_axi3.axi3_conv_inst/USE_WRITE.write_addr_inst/USE_BURSTS.cmd_queue/inst/fifo_gen_inst/inst_fifo_gen/gconvfifo.rf/grf.rf/gntv_or_sync_fifo.gl0.rd/gr1.gr1_int.rfwft/gpregsm1.user_valid_reg_0
    SLICE_X2Y47          FDPE                                         f  design_1_i/axi_mem_intercon/m00_couplers/auto_pc/inst/gen_axi4_axi3.axi3_conv_inst/USE_WRITE.write_addr_inst/USE_BURSTS.cmd_queue/inst/fifo_gen_inst/inst_fifo_gen/gconvfifo.rf/grf.rf/gntv_or_sync_fifo.gl0.rd/gr1.gr1_int.rfwft/aempty_fwft_i_reg/PRE
  -------------------------------------------------------------------    -------------------

                         (clock clk_fpga_0 rise edge)
                                                      0.000     0.000 r  
    PS7_X0Y0             PS7                          0.000     0.000 r  design_1_i/processing_system7_0/inst/PS7_i/FCLKCLK[0]
                         net (fo=1, routed)           0.337     0.337    design_1_i/processing_system7_0/inst/FCLK_CLK_unbuffered[0]
    BUFGCTRL_X0Y16                                                    r  design_1_i/processing_system7_0/inst/buffer_fclk_clk_0.FCLK_CLK_0_BUFG/I
    BUFGCTRL_X0Y16       BUFG (Prop_bufg_I_O)         0.029     0.366 r  design_1_i/processing_system7_0/inst/buffer_fclk_clk_0.FCLK_CLK_0_BUFG/O
                         net (fo=38067, routed)       0.896     1.262    design_1_i/axi_mem_intercon/m00_couplers/auto_pc/inst/gen_axi4_axi3.axi3_conv_inst/USE_WRITE.write_addr_inst/USE_BURSTS.cmd_queue/inst/fifo_gen_inst/inst_fifo_gen/gconvfifo.rf/grf.rf/gntv_or_sync_fifo.gl0.rd/gr1.gr1_int.rfwft/clk
    SLICE_X2Y47          FDPE                                         r  design_1_i/axi_mem_intercon/m00_couplers/auto_pc/inst/gen_axi4_axi3.axi3_conv_inst/USE_WRITE.write_addr_inst/USE_BURSTS.cmd_queue/inst/fifo_gen_inst/inst_fifo_gen/gconvfifo.rf/grf.rf/gntv_or_sync_fifo.gl0.rd/gr1.gr1_int.rfwft/aempty_fwft_i_reg/C
                         clock pessimism             -0.284     0.978    
    SLICE_X2Y47          FDPE (Remov_fdpe_C_PRE)     -0.071     0.907    design_1_i/axi_mem_intercon/m00_couplers/auto_pc/inst/gen_axi4_axi3.axi3_conv_inst/USE_WRITE.write_addr_inst/USE_BURSTS.cmd_queue/inst/fifo_gen_inst/inst_fifo_gen/gconvfifo.rf/grf.rf/gntv_or_sync_fifo.gl0.rd/gr1.gr1_int.rfwft/aempty_fwft_i_reg
  -------------------------------------------------------------------
                         required time                         -0.907    
                         arrival time                           1.478    
  -------------------------------------------------------------------
                         slack                                  0.572    

Slack (MET) :             0.593ns  (arrival time - required time)
  Source:                 design_1_i/axi_mem_intercon/m00_couplers/auto_pc/inst/gen_axi4_axi3.axi3_conv_inst/USE_WRITE.write_addr_inst/USE_BURSTS.cmd_queue/inst/fifo_gen_inst/inst_fifo_gen/gconvfifo.rf/grf.rf/rstblk/ngwrdrst.grst.g7serrst.gnsckt_wrst.gcc_rst.sckt_wr_rst_cc_reg[1]/C
                            (rising edge-triggered cell FDRE clocked by clk_fpga_0  {rise@0.000ns fall@8.000ns period=16.000ns})
  Destination:            design_1_i/axi_mem_intercon/m00_couplers/auto_pc/inst/gen_axi4_axi3.axi3_conv_inst/USE_WRITE.write_addr_inst/USE_BURSTS.cmd_queue/inst/fifo_gen_inst/inst_fifo_gen/gconvfifo.rf/grf.rf/gntv_or_sync_fifo.gl0.wr/gwss.wsts/ram_full_fb_i_reg/CLR
                            (removal check against rising-edge clock clk_fpga_0  {rise@0.000ns fall@8.000ns period=16.000ns})
  Path Group:             **async_default**
  Path Type:              Removal (Min at Fast Process Corner)
  Requirement:            0.000ns  (clk_fpga_0 rise@0.000ns - clk_fpga_0 rise@0.000ns)
  Data Path Delay:        0.518ns  (logic 0.226ns (43.671%)  route 0.292ns (56.329%))
  Logic Levels:           1  (LUT3=1)
  Clock Path Skew:        0.017ns (DCD - SCD - CPR)
    Destination Clock Delay (DCD):    1.262ns
    Source Clock Delay      (SCD):    0.961ns
    Clock Pessimism Removal (CPR):    0.284ns

    Location             Delay type                Incr(ns)  Path(ns)    Netlist Resource(s)
  -------------------------------------------------------------------    -------------------
                         (clock clk_fpga_0 rise edge)
                                                      0.000     0.000 r  
    PS7_X0Y0             PS7                          0.000     0.000 r  design_1_i/processing_system7_0/inst/PS7_i/FCLKCLK[0]
                         net (fo=1, routed)           0.310     0.310    design_1_i/processing_system7_0/inst/FCLK_CLK_unbuffered[0]
    BUFGCTRL_X0Y16                                                    r  design_1_i/processing_system7_0/inst/buffer_fclk_clk_0.FCLK_CLK_0_BUFG/I
    BUFGCTRL_X0Y16       BUFG (Prop_bufg_I_O)         0.026     0.336 r  design_1_i/processing_system7_0/inst/buffer_fclk_clk_0.FCLK_CLK_0_BUFG/O
                         net (fo=38067, routed)       0.625     0.961    design_1_i/axi_mem_intercon/m00_couplers/auto_pc/inst/gen_axi4_axi3.axi3_conv_inst/USE_WRITE.write_addr_inst/USE_BURSTS.cmd_queue/inst/fifo_gen_inst/inst_fifo_gen/gconvfifo.rf/grf.rf/rstblk/clk
    SLICE_X3Y46          FDRE                                         r  design_1_i/axi_mem_intercon/m00_couplers/auto_pc/inst/gen_axi4_axi3.axi3_conv_inst/USE_WRITE.write_addr_inst/USE_BURSTS.cmd_queue/inst/fifo_gen_inst/inst_fifo_gen/gconvfifo.rf/grf.rf/rstblk/ngwrdrst.grst.g7serrst.gnsckt_wrst.gcc_rst.sckt_wr_rst_cc_reg[1]/C
  -------------------------------------------------------------------    -------------------
    SLICE_X3Y46          FDRE (Prop_fdre_C_Q)         0.128     1.089 f  design_1_i/axi_mem_intercon/m00_couplers/auto_pc/inst/gen_axi4_axi3.axi3_conv_inst/USE_WRITE.write_addr_inst/USE_BURSTS.cmd_queue/inst/fifo_gen_inst/inst_fifo_gen/gconvfifo.rf/grf.rf/rstblk/ngwrdrst.grst.g7serrst.gnsckt_wrst.gcc_rst.sckt_wr_rst_cc_reg[1]/Q
                         net (fo=2, routed)           0.151     1.239    design_1_i/axi_mem_intercon/m00_couplers/auto_pc/inst/gen_axi4_axi3.axi3_conv_inst/USE_WRITE.write_addr_inst/USE_BURSTS.cmd_queue/inst/fifo_gen_inst/inst_fifo_gen/gconvfifo.rf/grf.rf/rstblk/sckt_wr_rst_cc[1]
    SLICE_X3Y47                                                       f  design_1_i/axi_mem_intercon/m00_couplers/auto_pc/inst/gen_axi4_axi3.axi3_conv_inst/USE_WRITE.write_addr_inst/USE_BURSTS.cmd_queue/inst/fifo_gen_inst/inst_fifo_gen/gconvfifo.rf/grf.rf/rstblk/gc0.count_d1[4]_i_2/I0
    SLICE_X3Y47          LUT3 (Prop_lut3_I0_O)        0.098     1.337 f  design_1_i/axi_mem_intercon/m00_couplers/auto_pc/inst/gen_axi4_axi3.axi3_conv_inst/USE_WRITE.write_addr_inst/USE_BURSTS.cmd_queue/inst/fifo_gen_inst/inst_fifo_gen/gconvfifo.rf/grf.rf/rstblk/gc0.count_d1[4]_i_2/O
                         net (fo=32, routed)          0.141     1.478    design_1_i/axi_mem_intercon/m00_couplers/auto_pc/inst/gen_axi4_axi3.axi3_conv_inst/USE_WRITE.write_addr_inst/USE_BURSTS.cmd_queue/inst/fifo_gen_inst/inst_fifo_gen/gconvfifo.rf/grf.rf/gntv_or_sync_fifo.gl0.wr/gwss.wsts/AR[0]
    SLICE_X3Y47          FDCE                                         f  design_1_i/axi_mem_intercon/m00_couplers/auto_pc/inst/gen_axi4_axi3.axi3_conv_inst/USE_WRITE.write_addr_inst/USE_BURSTS.cmd_queue/inst/fifo_gen_inst/inst_fifo_gen/gconvfifo.rf/grf.rf/gntv_or_sync_fifo.gl0.wr/gwss.wsts/ram_full_fb_i_reg/CLR
  -------------------------------------------------------------------    -------------------

                         (clock clk_fpga_0 rise edge)
                                                      0.000     0.000 r  
    PS7_X0Y0             PS7                          0.000     0.000 r  design_1_i/processing_system7_0/inst/PS7_i/FCLKCLK[0]
                         net (fo=1, routed)           0.337     0.337    design_1_i/processing_system7_0/inst/FCLK_CLK_unbuffered[0]
    BUFGCTRL_X0Y16                                                    r  design_1_i/processing_system7_0/inst/buffer_fclk_clk_0.FCLK_CLK_0_BUFG/I
    BUFGCTRL_X0Y16       BUFG (Prop_bufg_I_O)         0.029     0.366 r  design_1_i/processing_system7_0/inst/buffer_fclk_clk_0.FCLK_CLK_0_BUFG/O
                         net (fo=38067, routed)       0.896     1.262    design_1_i/axi_mem_intercon/m00_couplers/auto_pc/inst/gen_axi4_axi3.axi3_conv_inst/USE_WRITE.write_addr_inst/USE_BURSTS.cmd_queue/inst/fifo_gen_inst/inst_fifo_gen/gconvfifo.rf/grf.rf/gntv_or_sync_fifo.gl0.wr/gwss.wsts/clk
    SLICE_X3Y47          FDCE                                         r  design_1_i/axi_mem_intercon/m00_couplers/auto_pc/inst/gen_axi4_axi3.axi3_conv_inst/USE_WRITE.write_addr_inst/USE_BURSTS.cmd_queue/inst/fifo_gen_inst/inst_fifo_gen/gconvfifo.rf/grf.rf/gntv_or_sync_fifo.gl0.wr/gwss.wsts/ram_full_fb_i_reg/C
                         clock pessimism             -0.284     0.978    
    SLICE_X3Y47          FDCE (Remov_fdce_C_CLR)     -0.092     0.886    design_1_i/axi_mem_intercon/m00_couplers/auto_pc/inst/gen_axi4_axi3.axi3_conv_inst/USE_WRITE.write_addr_inst/USE_BURSTS.cmd_queue/inst/fifo_gen_inst/inst_fifo_gen/gconvfifo.rf/grf.rf/gntv_or_sync_fifo.gl0.wr/gwss.wsts/ram_full_fb_i_reg
  -------------------------------------------------------------------
                         required time                         -0.886    
                         arrival time                           1.478    
  -------------------------------------------------------------------
                         slack                                  0.593    

Slack (MET) :             0.593ns  (arrival time - required time)
  Source:                 design_1_i/axi_mem_intercon/m00_couplers/auto_pc/inst/gen_axi4_axi3.axi3_conv_inst/USE_WRITE.write_addr_inst/USE_BURSTS.cmd_queue/inst/fifo_gen_inst/inst_fifo_gen/gconvfifo.rf/grf.rf/rstblk/ngwrdrst.grst.g7serrst.gnsckt_wrst.gcc_rst.sckt_wr_rst_cc_reg[1]/C
                            (rising edge-triggered cell FDRE clocked by clk_fpga_0  {rise@0.000ns fall@8.000ns period=16.000ns})
  Destination:            design_1_i/axi_mem_intercon/m00_couplers/auto_pc/inst/gen_axi4_axi3.axi3_conv_inst/USE_WRITE.write_addr_inst/USE_BURSTS.cmd_queue/inst/fifo_gen_inst/inst_fifo_gen/gconvfifo.rf/grf.rf/gntv_or_sync_fifo.gl0.wr/gwss.wsts/ram_full_i_reg/CLR
                            (removal check against rising-edge clock clk_fpga_0  {rise@0.000ns fall@8.000ns period=16.000ns})
  Path Group:             **async_default**
  Path Type:              Removal (Min at Fast Process Corner)
  Requirement:            0.000ns  (clk_fpga_0 rise@0.000ns - clk_fpga_0 rise@0.000ns)
  Data Path Delay:        0.518ns  (logic 0.226ns (43.671%)  route 0.292ns (56.329%))
  Logic Levels:           1  (LUT3=1)
  Clock Path Skew:        0.017ns (DCD - SCD - CPR)
    Destination Clock Delay (DCD):    1.262ns
    Source Clock Delay      (SCD):    0.961ns
    Clock Pessimism Removal (CPR):    0.284ns

    Location             Delay type                Incr(ns)  Path(ns)    Netlist Resource(s)
  -------------------------------------------------------------------    -------------------
                         (clock clk_fpga_0 rise edge)
                                                      0.000     0.000 r  
    PS7_X0Y0             PS7                          0.000     0.000 r  design_1_i/processing_system7_0/inst/PS7_i/FCLKCLK[0]
                         net (fo=1, routed)           0.310     0.310    design_1_i/processing_system7_0/inst/FCLK_CLK_unbuffered[0]
    BUFGCTRL_X0Y16                                                    r  design_1_i/processing_system7_0/inst/buffer_fclk_clk_0.FCLK_CLK_0_BUFG/I
    BUFGCTRL_X0Y16       BUFG (Prop_bufg_I_O)         0.026     0.336 r  design_1_i/processing_system7_0/inst/buffer_fclk_clk_0.FCLK_CLK_0_BUFG/O
                         net (fo=38067, routed)       0.625     0.961    design_1_i/axi_mem_intercon/m00_couplers/auto_pc/inst/gen_axi4_axi3.axi3_conv_inst/USE_WRITE.write_addr_inst/USE_BURSTS.cmd_queue/inst/fifo_gen_inst/inst_fifo_gen/gconvfifo.rf/grf.rf/rstblk/clk
    SLICE_X3Y46          FDRE                                         r  design_1_i/axi_mem_intercon/m00_couplers/auto_pc/inst/gen_axi4_axi3.axi3_conv_inst/USE_WRITE.write_addr_inst/USE_BURSTS.cmd_queue/inst/fifo_gen_inst/inst_fifo_gen/gconvfifo.rf/grf.rf/rstblk/ngwrdrst.grst.g7serrst.gnsckt_wrst.gcc_rst.sckt_wr_rst_cc_reg[1]/C
  -------------------------------------------------------------------    -------------------
    SLICE_X3Y46          FDRE (Prop_fdre_C_Q)         0.128     1.089 f  design_1_i/axi_mem_intercon/m00_couplers/auto_pc/inst/gen_axi4_axi3.axi3_conv_inst/USE_WRITE.write_addr_inst/USE_BURSTS.cmd_queue/inst/fifo_gen_inst/inst_fifo_gen/gconvfifo.rf/grf.rf/rstblk/ngwrdrst.grst.g7serrst.gnsckt_wrst.gcc_rst.sckt_wr_rst_cc_reg[1]/Q
                         net (fo=2, routed)           0.151     1.239    design_1_i/axi_mem_intercon/m00_couplers/auto_pc/inst/gen_axi4_axi3.axi3_conv_inst/USE_WRITE.write_addr_inst/USE_BURSTS.cmd_queue/inst/fifo_gen_inst/inst_fifo_gen/gconvfifo.rf/grf.rf/rstblk/sckt_wr_rst_cc[1]
    SLICE_X3Y47                                                       f  design_1_i/axi_mem_intercon/m00_couplers/auto_pc/inst/gen_axi4_axi3.axi3_conv_inst/USE_WRITE.write_addr_inst/USE_BURSTS.cmd_queue/inst/fifo_gen_inst/inst_fifo_gen/gconvfifo.rf/grf.rf/rstblk/gc0.count_d1[4]_i_2/I0
    SLICE_X3Y47          LUT3 (Prop_lut3_I0_O)        0.098     1.337 f  design_1_i/axi_mem_intercon/m00_couplers/auto_pc/inst/gen_axi4_axi3.axi3_conv_inst/USE_WRITE.write_addr_inst/USE_BURSTS.cmd_queue/inst/fifo_gen_inst/inst_fifo_gen/gconvfifo.rf/grf.rf/rstblk/gc0.count_d1[4]_i_2/O
                         net (fo=32, routed)          0.141     1.478    design_1_i/axi_mem_intercon/m00_couplers/auto_pc/inst/gen_axi4_axi3.axi3_conv_inst/USE_WRITE.write_addr_inst/USE_BURSTS.cmd_queue/inst/fifo_gen_inst/inst_fifo_gen/gconvfifo.rf/grf.rf/gntv_or_sync_fifo.gl0.wr/gwss.wsts/AR[0]
    SLICE_X3Y47          FDCE                                         f  design_1_i/axi_mem_intercon/m00_couplers/auto_pc/inst/gen_axi4_axi3.axi3_conv_inst/USE_WRITE.write_addr_inst/USE_BURSTS.cmd_queue/inst/fifo_gen_inst/inst_fifo_gen/gconvfifo.rf/grf.rf/gntv_or_sync_fifo.gl0.wr/gwss.wsts/ram_full_i_reg/CLR
  -------------------------------------------------------------------    -------------------

                         (clock clk_fpga_0 rise edge)
                                                      0.000     0.000 r  
    PS7_X0Y0             PS7                          0.000     0.000 r  design_1_i/processing_system7_0/inst/PS7_i/FCLKCLK[0]
                         net (fo=1, routed)           0.337     0.337    design_1_i/processing_system7_0/inst/FCLK_CLK_unbuffered[0]
    BUFGCTRL_X0Y16                                                    r  design_1_i/processing_system7_0/inst/buffer_fclk_clk_0.FCLK_CLK_0_BUFG/I
    BUFGCTRL_X0Y16       BUFG (Prop_bufg_I_O)         0.029     0.366 r  design_1_i/processing_system7_0/inst/buffer_fclk_clk_0.FCLK_CLK_0_BUFG/O
                         net (fo=38067, routed)       0.896     1.262    design_1_i/axi_mem_intercon/m00_couplers/auto_pc/inst/gen_axi4_axi3.axi3_conv_inst/USE_WRITE.write_addr_inst/USE_BURSTS.cmd_queue/inst/fifo_gen_inst/inst_fifo_gen/gconvfifo.rf/grf.rf/gntv_or_sync_fifo.gl0.wr/gwss.wsts/clk
    SLICE_X3Y47          FDCE                                         r  design_1_i/axi_mem_intercon/m00_couplers/auto_pc/inst/gen_axi4_axi3.axi3_conv_inst/USE_WRITE.write_addr_inst/USE_BURSTS.cmd_queue/inst/fifo_gen_inst/inst_fifo_gen/gconvfifo.rf/grf.rf/gntv_or_sync_fifo.gl0.wr/gwss.wsts/ram_full_i_reg/C
                         clock pessimism             -0.284     0.978    
    SLICE_X3Y47          FDCE (Remov_fdce_C_CLR)     -0.092     0.886    design_1_i/axi_mem_intercon/m00_couplers/auto_pc/inst/gen_axi4_axi3.axi3_conv_inst/USE_WRITE.write_addr_inst/USE_BURSTS.cmd_queue/inst/fifo_gen_inst/inst_fifo_gen/gconvfifo.rf/grf.rf/gntv_or_sync_fifo.gl0.wr/gwss.wsts/ram_full_i_reg
  -------------------------------------------------------------------
                         required time                         -0.886    
                         arrival time                           1.478    
  -------------------------------------------------------------------
                         slack                                  0.593    

Slack (MET) :             0.594ns  (arrival time - required time)
  Source:                 design_1_i/axi_mem_intercon/m00_couplers/auto_pc/inst/gen_axi4_axi3.axi3_conv_inst/USE_WRITE.write_addr_inst/USE_BURSTS.cmd_queue/inst/fifo_gen_inst/inst_fifo_gen/gconvfifo.rf/grf.rf/rstblk/ngwrdrst.grst.g7serrst.gnsckt_wrst.gcc_rst.sckt_wr_rst_cc_reg[1]/C
                            (rising edge-triggered cell FDRE clocked by clk_fpga_0  {rise@0.000ns fall@8.000ns period=16.000ns})
  Destination:            design_1_i/axi_mem_intercon/m00_couplers/auto_pc/inst/gen_axi4_axi3.axi3_conv_inst/USE_WRITE.write_addr_inst/USE_BURSTS.cmd_queue/inst/fifo_gen_inst/inst_fifo_gen/gconvfifo.rf/grf.rf/gntv_or_sync_fifo.gl0.wr/wpntr/gcc0.gc0.count_reg[0]/PRE
                            (removal check against rising-edge clock clk_fpga_0  {rise@0.000ns fall@8.000ns period=16.000ns})
  Path Group:             **async_default**
  Path Type:              Removal (Min at Fast Process Corner)
  Requirement:            0.000ns  (clk_fpga_0 rise@0.000ns - clk_fpga_0 rise@0.000ns)
  Data Path Delay:        0.560ns  (logic 0.226ns (40.359%)  route 0.334ns (59.641%))
  Logic Levels:           1  (LUT3=1)
  Clock Path Skew:        0.037ns (DCD - SCD - CPR)
    Destination Clock Delay (DCD):    1.261ns
    Source Clock Delay      (SCD):    0.961ns
    Clock Pessimism Removal (CPR):    0.263ns

    Location             Delay type                Incr(ns)  Path(ns)    Netlist Resource(s)
  -------------------------------------------------------------------    -------------------
                         (clock clk_fpga_0 rise edge)
                                                      0.000     0.000 r  
    PS7_X0Y0             PS7                          0.000     0.000 r  design_1_i/processing_system7_0/inst/PS7_i/FCLKCLK[0]
                         net (fo=1, routed)           0.310     0.310    design_1_i/processing_system7_0/inst/FCLK_CLK_unbuffered[0]
    BUFGCTRL_X0Y16                                                    r  design_1_i/processing_system7_0/inst/buffer_fclk_clk_0.FCLK_CLK_0_BUFG/I
    BUFGCTRL_X0Y16       BUFG (Prop_bufg_I_O)         0.026     0.336 r  design_1_i/processing_system7_0/inst/buffer_fclk_clk_0.FCLK_CLK_0_BUFG/O
                         net (fo=38067, routed)       0.625     0.961    design_1_i/axi_mem_intercon/m00_couplers/auto_pc/inst/gen_axi4_axi3.axi3_conv_inst/USE_WRITE.write_addr_inst/USE_BURSTS.cmd_queue/inst/fifo_gen_inst/inst_fifo_gen/gconvfifo.rf/grf.rf/rstblk/clk
    SLICE_X3Y46          FDRE                                         r  design_1_i/axi_mem_intercon/m00_couplers/auto_pc/inst/gen_axi4_axi3.axi3_conv_inst/USE_WRITE.write_addr_inst/USE_BURSTS.cmd_queue/inst/fifo_gen_inst/inst_fifo_gen/gconvfifo.rf/grf.rf/rstblk/ngwrdrst.grst.g7serrst.gnsckt_wrst.gcc_rst.sckt_wr_rst_cc_reg[1]/C
  -------------------------------------------------------------------    -------------------
    SLICE_X3Y46          FDRE (Prop_fdre_C_Q)         0.128     1.089 f  design_1_i/axi_mem_intercon/m00_couplers/auto_pc/inst/gen_axi4_axi3.axi3_conv_inst/USE_WRITE.write_addr_inst/USE_BURSTS.cmd_queue/inst/fifo_gen_inst/inst_fifo_gen/gconvfifo.rf/grf.rf/rstblk/ngwrdrst.grst.g7serrst.gnsckt_wrst.gcc_rst.sckt_wr_rst_cc_reg[1]/Q
                         net (fo=2, routed)           0.151     1.239    design_1_i/axi_mem_intercon/m00_couplers/auto_pc/inst/gen_axi4_axi3.axi3_conv_inst/USE_WRITE.write_addr_inst/USE_BURSTS.cmd_queue/inst/fifo_gen_inst/inst_fifo_gen/gconvfifo.rf/grf.rf/rstblk/sckt_wr_rst_cc[1]
    SLICE_X3Y47                                                       f  design_1_i/axi_mem_intercon/m00_couplers/auto_pc/inst/gen_axi4_axi3.axi3_conv_inst/USE_WRITE.write_addr_inst/USE_BURSTS.cmd_queue/inst/fifo_gen_inst/inst_fifo_gen/gconvfifo.rf/grf.rf/rstblk/gc0.count_d1[4]_i_2/I0
    SLICE_X3Y47          LUT3 (Prop_lut3_I0_O)        0.098     1.337 f  design_1_i/axi_mem_intercon/m00_couplers/auto_pc/inst/gen_axi4_axi3.axi3_conv_inst/USE_WRITE.write_addr_inst/USE_BURSTS.cmd_queue/inst/fifo_gen_inst/inst_fifo_gen/gconvfifo.rf/grf.rf/rstblk/gc0.count_d1[4]_i_2/O
                         net (fo=32, routed)          0.183     1.520    design_1_i/axi_mem_intercon/m00_couplers/auto_pc/inst/gen_axi4_axi3.axi3_conv_inst/USE_WRITE.write_addr_inst/USE_BURSTS.cmd_queue/inst/fifo_gen_inst/inst_fifo_gen/gconvfifo.rf/grf.rf/gntv_or_sync_fifo.gl0.wr/wpntr/AR[0]
    SLICE_X4Y48          FDPE                                         f  design_1_i/axi_mem_intercon/m00_couplers/auto_pc/inst/gen_axi4_axi3.axi3_conv_inst/USE_WRITE.write_addr_inst/USE_BURSTS.cmd_queue/inst/fifo_gen_inst/inst_fifo_gen/gconvfifo.rf/grf.rf/gntv_or_sync_fifo.gl0.wr/wpntr/gcc0.gc0.count_reg[0]/PRE
  -------------------------------------------------------------------    -------------------

                         (clock clk_fpga_0 rise edge)
                                                      0.000     0.000 r  
    PS7_X0Y0             PS7                          0.000     0.000 r  design_1_i/processing_system7_0/inst/PS7_i/FCLKCLK[0]
                         net (fo=1, routed)           0.337     0.337    design_1_i/processing_system7_0/inst/FCLK_CLK_unbuffered[0]
    BUFGCTRL_X0Y16                                                    r  design_1_i/processing_system7_0/inst/buffer_fclk_clk_0.FCLK_CLK_0_BUFG/I
    BUFGCTRL_X0Y16       BUFG (Prop_bufg_I_O)         0.029     0.366 r  design_1_i/processing_system7_0/inst/buffer_fclk_clk_0.FCLK_CLK_0_BUFG/O
                         net (fo=38067, routed)       0.895     1.261    design_1_i/axi_mem_intercon/m00_couplers/auto_pc/inst/gen_axi4_axi3.axi3_conv_inst/USE_WRITE.write_addr_inst/USE_BURSTS.cmd_queue/inst/fifo_gen_inst/inst_fifo_gen/gconvfifo.rf/grf.rf/gntv_or_sync_fifo.gl0.wr/wpntr/clk
    SLICE_X4Y48          FDPE                                         r  design_1_i/axi_mem_intercon/m00_couplers/auto_pc/inst/gen_axi4_axi3.axi3_conv_inst/USE_WRITE.write_addr_inst/USE_BURSTS.cmd_queue/inst/fifo_gen_inst/inst_fifo_gen/gconvfifo.rf/grf.rf/gntv_or_sync_fifo.gl0.wr/wpntr/gcc0.gc0.count_reg[0]/C
                         clock pessimism             -0.263     0.998    
    SLICE_X4Y48          FDPE (Remov_fdpe_C_PRE)     -0.071     0.927    design_1_i/axi_mem_intercon/m00_couplers/auto_pc/inst/gen_axi4_axi3.axi3_conv_inst/USE_WRITE.write_addr_inst/USE_BURSTS.cmd_queue/inst/fifo_gen_inst/inst_fifo_gen/gconvfifo.rf/grf.rf/gntv_or_sync_fifo.gl0.wr/wpntr/gcc0.gc0.count_reg[0]
  -------------------------------------------------------------------
                         required time                         -0.926    
                         arrival time                           1.520    
  -------------------------------------------------------------------
                         slack                                  0.594    

Slack (MET) :             0.596ns  (arrival time - required time)
  Source:                 design_1_i/axi_mem_intercon/m00_couplers/auto_pc/inst/gen_axi4_axi3.axi3_conv_inst/USE_WRITE.write_addr_inst/USE_BURSTS.cmd_queue/inst/fifo_gen_inst/inst_fifo_gen/gconvfifo.rf/grf.rf/rstblk/ngwrdrst.grst.g7serrst.gnsckt_wrst.gcc_rst.sckt_wr_rst_cc_reg[1]/C
                            (rising edge-triggered cell FDRE clocked by clk_fpga_0  {rise@0.000ns fall@8.000ns period=16.000ns})
  Destination:            design_1_i/axi_mem_intercon/m00_couplers/auto_pc/inst/gen_axi4_axi3.axi3_conv_inst/USE_WRITE.write_addr_inst/USE_BURSTS.cmd_queue/inst/fifo_gen_inst/inst_fifo_gen/gconvfifo.rf/grf.rf/gntv_or_sync_fifo.gl0.rd/grss.rsts/ram_empty_fb_i_reg/PRE
                            (removal check against rising-edge clock clk_fpga_0  {rise@0.000ns fall@8.000ns period=16.000ns})
  Path Group:             **async_default**
  Path Type:              Removal (Min at Fast Process Corner)
  Requirement:            0.000ns  (clk_fpga_0 rise@0.000ns - clk_fpga_0 rise@0.000ns)
  Data Path Delay:        0.518ns  (logic 0.226ns (43.671%)  route 0.292ns (56.329%))
  Logic Levels:           1  (LUT3=1)
  Clock Path Skew:        0.017ns (DCD - SCD - CPR)
    Destination Clock Delay (DCD):    1.262ns
    Source Clock Delay      (SCD):    0.961ns
    Clock Pessimism Removal (CPR):    0.284ns

    Location             Delay type                Incr(ns)  Path(ns)    Netlist Resource(s)
  -------------------------------------------------------------------    -------------------
                         (clock clk_fpga_0 rise edge)
                                                      0.000     0.000 r  
    PS7_X0Y0             PS7                          0.000     0.000 r  design_1_i/processing_system7_0/inst/PS7_i/FCLKCLK[0]
                         net (fo=1, routed)           0.310     0.310    design_1_i/processing_system7_0/inst/FCLK_CLK_unbuffered[0]
    BUFGCTRL_X0Y16                                                    r  design_1_i/processing_system7_0/inst/buffer_fclk_clk_0.FCLK_CLK_0_BUFG/I
    BUFGCTRL_X0Y16       BUFG (Prop_bufg_I_O)         0.026     0.336 r  design_1_i/processing_system7_0/inst/buffer_fclk_clk_0.FCLK_CLK_0_BUFG/O
                         net (fo=38067, routed)       0.625     0.961    design_1_i/axi_mem_intercon/m00_couplers/auto_pc/inst/gen_axi4_axi3.axi3_conv_inst/USE_WRITE.write_addr_inst/USE_BURSTS.cmd_queue/inst/fifo_gen_inst/inst_fifo_gen/gconvfifo.rf/grf.rf/rstblk/clk
    SLICE_X3Y46          FDRE                                         r  design_1_i/axi_mem_intercon/m00_couplers/auto_pc/inst/gen_axi4_axi3.axi3_conv_inst/USE_WRITE.write_addr_inst/USE_BURSTS.cmd_queue/inst/fifo_gen_inst/inst_fifo_gen/gconvfifo.rf/grf.rf/rstblk/ngwrdrst.grst.g7serrst.gnsckt_wrst.gcc_rst.sckt_wr_rst_cc_reg[1]/C
  -------------------------------------------------------------------    -------------------
    SLICE_X3Y46          FDRE (Prop_fdre_C_Q)         0.128     1.089 f  design_1_i/axi_mem_intercon/m00_couplers/auto_pc/inst/gen_axi4_axi3.axi3_conv_inst/USE_WRITE.write_addr_inst/USE_BURSTS.cmd_queue/inst/fifo_gen_inst/inst_fifo_gen/gconvfifo.rf/grf.rf/rstblk/ngwrdrst.grst.g7serrst.gnsckt_wrst.gcc_rst.sckt_wr_rst_cc_reg[1]/Q
                         net (fo=2, routed)           0.151     1.239    design_1_i/axi_mem_intercon/m00_couplers/auto_pc/inst/gen_axi4_axi3.axi3_conv_inst/USE_WRITE.write_addr_inst/USE_BURSTS.cmd_queue/inst/fifo_gen_inst/inst_fifo_gen/gconvfifo.rf/grf.rf/rstblk/sckt_wr_rst_cc[1]
    SLICE_X3Y47                                                       f  design_1_i/axi_mem_intercon/m00_couplers/auto_pc/inst/gen_axi4_axi3.axi3_conv_inst/USE_WRITE.write_addr_inst/USE_BURSTS.cmd_queue/inst/fifo_gen_inst/inst_fifo_gen/gconvfifo.rf/grf.rf/rstblk/gc0.count_d1[4]_i_2/I0
    SLICE_X3Y47          LUT3 (Prop_lut3_I0_O)        0.098     1.337 f  design_1_i/axi_mem_intercon/m00_couplers/auto_pc/inst/gen_axi4_axi3.axi3_conv_inst/USE_WRITE.write_addr_inst/USE_BURSTS.cmd_queue/inst/fifo_gen_inst/inst_fifo_gen/gconvfifo.rf/grf.rf/rstblk/gc0.count_d1[4]_i_2/O
                         net (fo=32, routed)          0.141     1.478    design_1_i/axi_mem_intercon/m00_couplers/auto_pc/inst/gen_axi4_axi3.axi3_conv_inst/USE_WRITE.write_addr_inst/USE_BURSTS.cmd_queue/inst/fifo_gen_inst/inst_fifo_gen/gconvfifo.rf/grf.rf/gntv_or_sync_fifo.gl0.rd/grss.rsts/ram_empty_fb_i_reg_0
    SLICE_X3Y47          FDPE                                         f  design_1_i/axi_mem_intercon/m00_couplers/auto_pc/inst/gen_axi4_axi3.axi3_conv_inst/USE_WRITE.write_addr_inst/USE_BURSTS.cmd_queue/inst/fifo_gen_inst/inst_fifo_gen/gconvfifo.rf/grf.rf/gntv_or_sync_fifo.gl0.rd/grss.rsts/ram_empty_fb_i_reg/PRE
  -------------------------------------------------------------------    -------------------

                         (clock clk_fpga_0 rise edge)
                                                      0.000     0.000 r  
    PS7_X0Y0             PS7                          0.000     0.000 r  design_1_i/processing_system7_0/inst/PS7_i/FCLKCLK[0]
                         net (fo=1, routed)           0.337     0.337    design_1_i/processing_system7_0/inst/FCLK_CLK_unbuffered[0]
    BUFGCTRL_X0Y16                                                    r  design_1_i/processing_system7_0/inst/buffer_fclk_clk_0.FCLK_CLK_0_BUFG/I
    BUFGCTRL_X0Y16       BUFG (Prop_bufg_I_O)         0.029     0.366 r  design_1_i/processing_system7_0/inst/buffer_fclk_clk_0.FCLK_CLK_0_BUFG/O
                         net (fo=38067, routed)       0.896     1.262    design_1_i/axi_mem_intercon/m00_couplers/auto_pc/inst/gen_axi4_axi3.axi3_conv_inst/USE_WRITE.write_addr_inst/USE_BURSTS.cmd_queue/inst/fifo_gen_inst/inst_fifo_gen/gconvfifo.rf/grf.rf/gntv_or_sync_fifo.gl0.rd/grss.rsts/clk
    SLICE_X3Y47          FDPE                                         r  design_1_i/axi_mem_intercon/m00_couplers/auto_pc/inst/gen_axi4_axi3.axi3_conv_inst/USE_WRITE.write_addr_inst/USE_BURSTS.cmd_queue/inst/fifo_gen_inst/inst_fifo_gen/gconvfifo.rf/grf.rf/gntv_or_sync_fifo.gl0.rd/grss.rsts/ram_empty_fb_i_reg/C
                         clock pessimism             -0.284     0.978    
    SLICE_X3Y47          FDPE (Remov_fdpe_C_PRE)     -0.095     0.883    design_1_i/axi_mem_intercon/m00_couplers/auto_pc/inst/gen_axi4_axi3.axi3_conv_inst/USE_WRITE.write_addr_inst/USE_BURSTS.cmd_queue/inst/fifo_gen_inst/inst_fifo_gen/gconvfifo.rf/grf.rf/gntv_or_sync_fifo.gl0.rd/grss.rsts/ram_empty_fb_i_reg
  -------------------------------------------------------------------
                         required time                         -0.883    
                         arrival time                           1.478    
  -------------------------------------------------------------------
                         slack                                  0.596    

Slack (MET) :             0.596ns  (arrival time - required time)
  Source:                 design_1_i/axi_mem_intercon/m00_couplers/auto_pc/inst/gen_axi4_axi3.axi3_conv_inst/USE_WRITE.write_addr_inst/USE_BURSTS.cmd_queue/inst/fifo_gen_inst/inst_fifo_gen/gconvfifo.rf/grf.rf/rstblk/ngwrdrst.grst.g7serrst.gnsckt_wrst.gcc_rst.sckt_wr_rst_cc_reg[1]/C
                            (rising edge-triggered cell FDRE clocked by clk_fpga_0  {rise@0.000ns fall@8.000ns period=16.000ns})
  Destination:            design_1_i/axi_mem_intercon/m00_couplers/auto_pc/inst/gen_axi4_axi3.axi3_conv_inst/USE_WRITE.write_addr_inst/USE_BURSTS.cmd_queue/inst/fifo_gen_inst/inst_fifo_gen/gconvfifo.rf/grf.rf/gntv_or_sync_fifo.gl0.rd/grss.rsts/ram_empty_i_reg/PRE
                            (removal check against rising-edge clock clk_fpga_0  {rise@0.000ns fall@8.000ns period=16.000ns})
  Path Group:             **async_default**
  Path Type:              Removal (Min at Fast Process Corner)
  Requirement:            0.000ns  (clk_fpga_0 rise@0.000ns - clk_fpga_0 rise@0.000ns)
  Data Path Delay:        0.518ns  (logic 0.226ns (43.671%)  route 0.292ns (56.329%))
  Logic Levels:           1  (LUT3=1)
  Clock Path Skew:        0.017ns (DCD - SCD - CPR)
    Destination Clock Delay (DCD):    1.262ns
    Source Clock Delay      (SCD):    0.961ns
    Clock Pessimism Removal (CPR):    0.284ns

    Location             Delay type                Incr(ns)  Path(ns)    Netlist Resource(s)
  -------------------------------------------------------------------    -------------------
                         (clock clk_fpga_0 rise edge)
                                                      0.000     0.000 r  
    PS7_X0Y0             PS7                          0.000     0.000 r  design_1_i/processing_system7_0/inst/PS7_i/FCLKCLK[0]
                         net (fo=1, routed)           0.310     0.310    design_1_i/processing_system7_0/inst/FCLK_CLK_unbuffered[0]
    BUFGCTRL_X0Y16                                                    r  design_1_i/processing_system7_0/inst/buffer_fclk_clk_0.FCLK_CLK_0_BUFG/I
    BUFGCTRL_X0Y16       BUFG (Prop_bufg_I_O)         0.026     0.336 r  design_1_i/processing_system7_0/inst/buffer_fclk_clk_0.FCLK_CLK_0_BUFG/O
                         net (fo=38067, routed)       0.625     0.961    design_1_i/axi_mem_intercon/m00_couplers/auto_pc/inst/gen_axi4_axi3.axi3_conv_inst/USE_WRITE.write_addr_inst/USE_BURSTS.cmd_queue/inst/fifo_gen_inst/inst_fifo_gen/gconvfifo.rf/grf.rf/rstblk/clk
    SLICE_X3Y46          FDRE                                         r  design_1_i/axi_mem_intercon/m00_couplers/auto_pc/inst/gen_axi4_axi3.axi3_conv_inst/USE_WRITE.write_addr_inst/USE_BURSTS.cmd_queue/inst/fifo_gen_inst/inst_fifo_gen/gconvfifo.rf/grf.rf/rstblk/ngwrdrst.grst.g7serrst.gnsckt_wrst.gcc_rst.sckt_wr_rst_cc_reg[1]/C
  -------------------------------------------------------------------    -------------------
    SLICE_X3Y46          FDRE (Prop_fdre_C_Q)         0.128     1.089 f  design_1_i/axi_mem_intercon/m00_couplers/auto_pc/inst/gen_axi4_axi3.axi3_conv_inst/USE_WRITE.write_addr_inst/USE_BURSTS.cmd_queue/inst/fifo_gen_inst/inst_fifo_gen/gconvfifo.rf/grf.rf/rstblk/ngwrdrst.grst.g7serrst.gnsckt_wrst.gcc_rst.sckt_wr_rst_cc_reg[1]/Q
                         net (fo=2, routed)           0.151     1.239    design_1_i/axi_mem_intercon/m00_couplers/auto_pc/inst/gen_axi4_axi3.axi3_conv_inst/USE_WRITE.write_addr_inst/USE_BURSTS.cmd_queue/inst/fifo_gen_inst/inst_fifo_gen/gconvfifo.rf/grf.rf/rstblk/sckt_wr_rst_cc[1]
    SLICE_X3Y47                                                       f  design_1_i/axi_mem_intercon/m00_couplers/auto_pc/inst/gen_axi4_axi3.axi3_conv_inst/USE_WRITE.write_addr_inst/USE_BURSTS.cmd_queue/inst/fifo_gen_inst/inst_fifo_gen/gconvfifo.rf/grf.rf/rstblk/gc0.count_d1[4]_i_2/I0
    SLICE_X3Y47          LUT3 (Prop_lut3_I0_O)        0.098     1.337 f  design_1_i/axi_mem_intercon/m00_couplers/auto_pc/inst/gen_axi4_axi3.axi3_conv_inst/USE_WRITE.write_addr_inst/USE_BURSTS.cmd_queue/inst/fifo_gen_inst/inst_fifo_gen/gconvfifo.rf/grf.rf/rstblk/gc0.count_d1[4]_i_2/O
                         net (fo=32, routed)          0.141     1.478    design_1_i/axi_mem_intercon/m00_couplers/auto_pc/inst/gen_axi4_axi3.axi3_conv_inst/USE_WRITE.write_addr_inst/USE_BURSTS.cmd_queue/inst/fifo_gen_inst/inst_fifo_gen/gconvfifo.rf/grf.rf/gntv_or_sync_fifo.gl0.rd/grss.rsts/ram_empty_fb_i_reg_0
    SLICE_X3Y47          FDPE                                         f  design_1_i/axi_mem_intercon/m00_couplers/auto_pc/inst/gen_axi4_axi3.axi3_conv_inst/USE_WRITE.write_addr_inst/USE_BURSTS.cmd_queue/inst/fifo_gen_inst/inst_fifo_gen/gconvfifo.rf/grf.rf/gntv_or_sync_fifo.gl0.rd/grss.rsts/ram_empty_i_reg/PRE
  -------------------------------------------------------------------    -------------------

                         (clock clk_fpga_0 rise edge)
                                                      0.000     0.000 r  
    PS7_X0Y0             PS7                          0.000     0.000 r  design_1_i/processing_system7_0/inst/PS7_i/FCLKCLK[0]
                         net (fo=1, routed)           0.337     0.337    design_1_i/processing_system7_0/inst/FCLK_CLK_unbuffered[0]
    BUFGCTRL_X0Y16                                                    r  design_1_i/processing_system7_0/inst/buffer_fclk_clk_0.FCLK_CLK_0_BUFG/I
    BUFGCTRL_X0Y16       BUFG (Prop_bufg_I_O)         0.029     0.366 r  design_1_i/processing_system7_0/inst/buffer_fclk_clk_0.FCLK_CLK_0_BUFG/O
                         net (fo=38067, routed)       0.896     1.262    design_1_i/axi_mem_intercon/m00_couplers/auto_pc/inst/gen_axi4_axi3.axi3_conv_inst/USE_WRITE.write_addr_inst/USE_BURSTS.cmd_queue/inst/fifo_gen_inst/inst_fifo_gen/gconvfifo.rf/grf.rf/gntv_or_sync_fifo.gl0.rd/grss.rsts/clk
    SLICE_X3Y47          FDPE                                         r  design_1_i/axi_mem_intercon/m00_couplers/auto_pc/inst/gen_axi4_axi3.axi3_conv_inst/USE_WRITE.write_addr_inst/USE_BURSTS.cmd_queue/inst/fifo_gen_inst/inst_fifo_gen/gconvfifo.rf/grf.rf/gntv_or_sync_fifo.gl0.rd/grss.rsts/ram_empty_i_reg/C
                         clock pessimism             -0.284     0.978    
    SLICE_X3Y47          FDPE (Remov_fdpe_C_PRE)     -0.095     0.883    design_1_i/axi_mem_intercon/m00_couplers/auto_pc/inst/gen_axi4_axi3.axi3_conv_inst/USE_WRITE.write_addr_inst/USE_BURSTS.cmd_queue/inst/fifo_gen_inst/inst_fifo_gen/gconvfifo.rf/grf.rf/gntv_or_sync_fifo.gl0.rd/grss.rsts/ram_empty_i_reg
  -------------------------------------------------------------------
                         required time                         -0.883    
                         arrival time                           1.478    
  -------------------------------------------------------------------
                         slack                                  0.596    

Slack (MET) :             0.627ns  (arrival time - required time)
  Source:                 design_1_i/axi_mem_intercon/m00_couplers/auto_pc/inst/gen_axi4_axi3.axi3_conv_inst/USE_WRITE.write_addr_inst/USE_B_CHANNEL.cmd_b_queue/inst/fifo_gen_inst/inst_fifo_gen/gconvfifo.rf/grf.rf/rstblk/ngwrdrst.grst.g7serrst.gnsckt_wrst.gcc_rst.sckt_wr_rst_cc_reg[1]/C
                            (rising edge-triggered cell FDRE clocked by clk_fpga_0  {rise@0.000ns fall@8.000ns period=16.000ns})
  Destination:            design_1_i/axi_mem_intercon/m00_couplers/auto_pc/inst/gen_axi4_axi3.axi3_conv_inst/USE_WRITE.write_addr_inst/USE_B_CHANNEL.cmd_b_queue/inst/fifo_gen_inst/inst_fifo_gen/gconvfifo.rf/grf.rf/gntv_or_sync_fifo.gl0.rd/rpntr/gc0.count_reg[1]/CLR
                            (removal check against rising-edge clock clk_fpga_0  {rise@0.000ns fall@8.000ns period=16.000ns})
  Path Group:             **async_default**
  Path Type:              Removal (Min at Fast Process Corner)
  Requirement:            0.000ns  (clk_fpga_0 rise@0.000ns - clk_fpga_0 rise@0.000ns)
  Data Path Delay:        0.577ns  (logic 0.209ns (36.226%)  route 0.368ns (63.774%))
  Logic Levels:           1  (LUT3=1)
  Clock Path Skew:        0.017ns (DCD - SCD - CPR)
    Destination Clock Delay (DCD):    1.261ns
    Source Clock Delay      (SCD):    0.960ns
    Clock Pessimism Removal (CPR):    0.284ns

    Location             Delay type                Incr(ns)  Path(ns)    Netlist Resource(s)
  -------------------------------------------------------------------    -------------------
                         (clock clk_fpga_0 rise edge)
                                                      0.000     0.000 r  
    PS7_X0Y0             PS7                          0.000     0.000 r  design_1_i/processing_system7_0/inst/PS7_i/FCLKCLK[0]
                         net (fo=1, routed)           0.310     0.310    design_1_i/processing_system7_0/inst/FCLK_CLK_unbuffered[0]
    BUFGCTRL_X0Y16                                                    r  design_1_i/processing_system7_0/inst/buffer_fclk_clk_0.FCLK_CLK_0_BUFG/I
    BUFGCTRL_X0Y16       BUFG (Prop_bufg_I_O)         0.026     0.336 r  design_1_i/processing_system7_0/inst/buffer_fclk_clk_0.FCLK_CLK_0_BUFG/O
                         net (fo=38067, routed)       0.624     0.960    design_1_i/axi_mem_intercon/m00_couplers/auto_pc/inst/gen_axi4_axi3.axi3_conv_inst/USE_WRITE.write_addr_inst/USE_B_CHANNEL.cmd_b_queue/inst/fifo_gen_inst/inst_fifo_gen/gconvfifo.rf/grf.rf/rstblk/clk
    SLICE_X2Y42          FDRE                                         r  design_1_i/axi_mem_intercon/m00_couplers/auto_pc/inst/gen_axi4_axi3.axi3_conv_inst/USE_WRITE.write_addr_inst/USE_B_CHANNEL.cmd_b_queue/inst/fifo_gen_inst/inst_fifo_gen/gconvfifo.rf/grf.rf/rstblk/ngwrdrst.grst.g7serrst.gnsckt_wrst.gcc_rst.sckt_wr_rst_cc_reg[1]/C
  -------------------------------------------------------------------    -------------------
    SLICE_X2Y42          FDRE (Prop_fdre_C_Q)         0.164     1.124 f  design_1_i/axi_mem_intercon/m00_couplers/auto_pc/inst/gen_axi4_axi3.axi3_conv_inst/USE_WRITE.write_addr_inst/USE_B_CHANNEL.cmd_b_queue/inst/fifo_gen_inst/inst_fifo_gen/gconvfifo.rf/grf.rf/rstblk/ngwrdrst.grst.g7serrst.gnsckt_wrst.gcc_rst.sckt_wr_rst_cc_reg[1]/Q
                         net (fo=2, routed)           0.177     1.300    design_1_i/axi_mem_intercon/m00_couplers/auto_pc/inst/gen_axi4_axi3.axi3_conv_inst/USE_WRITE.write_addr_inst/USE_B_CHANNEL.cmd_b_queue/inst/fifo_gen_inst/inst_fifo_gen/gconvfifo.rf/grf.rf/rstblk/sckt_wr_rst_cc[1]
    SLICE_X0Y43                                                       f  design_1_i/axi_mem_intercon/m00_couplers/auto_pc/inst/gen_axi4_axi3.axi3_conv_inst/USE_WRITE.write_addr_inst/USE_B_CHANNEL.cmd_b_queue/inst/fifo_gen_inst/inst_fifo_gen/gconvfifo.rf/grf.rf/rstblk/gc0.count_d1[4]_i_2/I0
    SLICE_X0Y43          LUT3 (Prop_lut3_I0_O)        0.045     1.345 f  design_1_i/axi_mem_intercon/m00_couplers/auto_pc/inst/gen_axi4_axi3.axi3_conv_inst/USE_WRITE.write_addr_inst/USE_B_CHANNEL.cmd_b_queue/inst/fifo_gen_inst/inst_fifo_gen/gconvfifo.rf/grf.rf/rstblk/gc0.count_d1[4]_i_2/O
                         net (fo=32, routed)          0.191     1.536    design_1_i/axi_mem_intercon/m00_couplers/auto_pc/inst/gen_axi4_axi3.axi3_conv_inst/USE_WRITE.write_addr_inst/USE_B_CHANNEL.cmd_b_queue/inst/fifo_gen_inst/inst_fifo_gen/gconvfifo.rf/grf.rf/gntv_or_sync_fifo.gl0.rd/rpntr/gc0.count_d1_reg[0]_0
    SLICE_X0Y45          FDCE                                         f  design_1_i/axi_mem_intercon/m00_couplers/auto_pc/inst/gen_axi4_axi3.axi3_conv_inst/USE_WRITE.write_addr_inst/USE_B_CHANNEL.cmd_b_queue/inst/fifo_gen_inst/inst_fifo_gen/gconvfifo.rf/grf.rf/gntv_or_sync_fifo.gl0.rd/rpntr/gc0.count_reg[1]/CLR
  -------------------------------------------------------------------    -------------------

                         (clock clk_fpga_0 rise edge)
                                                      0.000     0.000 r  
    PS7_X0Y0             PS7                          0.000     0.000 r  design_1_i/processing_system7_0/inst/PS7_i/FCLKCLK[0]
                         net (fo=1, routed)           0.337     0.337    design_1_i/processing_system7_0/inst/FCLK_CLK_unbuffered[0]
    BUFGCTRL_X0Y16                                                    r  design_1_i/processing_system7_0/inst/buffer_fclk_clk_0.FCLK_CLK_0_BUFG/I
    BUFGCTRL_X0Y16       BUFG (Prop_bufg_I_O)         0.029     0.366 r  design_1_i/processing_system7_0/inst/buffer_fclk_clk_0.FCLK_CLK_0_BUFG/O
                         net (fo=38067, routed)       0.895     1.261    design_1_i/axi_mem_intercon/m00_couplers/auto_pc/inst/gen_axi4_axi3.axi3_conv_inst/USE_WRITE.write_addr_inst/USE_B_CHANNEL.cmd_b_queue/inst/fifo_gen_inst/inst_fifo_gen/gconvfifo.rf/grf.rf/gntv_or_sync_fifo.gl0.rd/rpntr/clk
    SLICE_X0Y45          FDCE                                         r  design_1_i/axi_mem_intercon/m00_couplers/auto_pc/inst/gen_axi4_axi3.axi3_conv_inst/USE_WRITE.write_addr_inst/USE_B_CHANNEL.cmd_b_queue/inst/fifo_gen_inst/inst_fifo_gen/gconvfifo.rf/grf.rf/gntv_or_sync_fifo.gl0.rd/rpntr/gc0.count_reg[1]/C
                         clock pessimism             -0.284     0.977    
    SLICE_X0Y45          FDCE (Remov_fdce_C_CLR)     -0.067     0.910    design_1_i/axi_mem_intercon/m00_couplers/auto_pc/inst/gen_axi4_axi3.axi3_conv_inst/USE_WRITE.write_addr_inst/USE_B_CHANNEL.cmd_b_queue/inst/fifo_gen_inst/inst_fifo_gen/gconvfifo.rf/grf.rf/gntv_or_sync_fifo.gl0.rd/rpntr/gc0.count_reg[1]
  -------------------------------------------------------------------
                         required time                         -0.910    
                         arrival time                           1.536    
  -------------------------------------------------------------------
                         slack                                  0.627    

Slack (MET) :             0.627ns  (arrival time - required time)
  Source:                 design_1_i/axi_mem_intercon/m00_couplers/auto_pc/inst/gen_axi4_axi3.axi3_conv_inst/USE_WRITE.write_addr_inst/USE_B_CHANNEL.cmd_b_queue/inst/fifo_gen_inst/inst_fifo_gen/gconvfifo.rf/grf.rf/rstblk/ngwrdrst.grst.g7serrst.gnsckt_wrst.gcc_rst.sckt_wr_rst_cc_reg[1]/C
                            (rising edge-triggered cell FDRE clocked by clk_fpga_0  {rise@0.000ns fall@8.000ns period=16.000ns})
  Destination:            design_1_i/axi_mem_intercon/m00_couplers/auto_pc/inst/gen_axi4_axi3.axi3_conv_inst/USE_WRITE.write_addr_inst/USE_B_CHANNEL.cmd_b_queue/inst/fifo_gen_inst/inst_fifo_gen/gconvfifo.rf/grf.rf/gntv_or_sync_fifo.gl0.rd/rpntr/gc0.count_reg[2]/CLR
                            (removal check against rising-edge clock clk_fpga_0  {rise@0.000ns fall@8.000ns period=16.000ns})
  Path Group:             **async_default**
  Path Type:              Removal (Min at Fast Process Corner)
  Requirement:            0.000ns  (clk_fpga_0 rise@0.000ns - clk_fpga_0 rise@0.000ns)
  Data Path Delay:        0.577ns  (logic 0.209ns (36.226%)  route 0.368ns (63.774%))
  Logic Levels:           1  (LUT3=1)
  Clock Path Skew:        0.017ns (DCD - SCD - CPR)
    Destination Clock Delay (DCD):    1.261ns
    Source Clock Delay      (SCD):    0.960ns
    Clock Pessimism Removal (CPR):    0.284ns

    Location             Delay type                Incr(ns)  Path(ns)    Netlist Resource(s)
  -------------------------------------------------------------------    -------------------
                         (clock clk_fpga_0 rise edge)
                                                      0.000     0.000 r  
    PS7_X0Y0             PS7                          0.000     0.000 r  design_1_i/processing_system7_0/inst/PS7_i/FCLKCLK[0]
                         net (fo=1, routed)           0.310     0.310    design_1_i/processing_system7_0/inst/FCLK_CLK_unbuffered[0]
    BUFGCTRL_X0Y16                                                    r  design_1_i/processing_system7_0/inst/buffer_fclk_clk_0.FCLK_CLK_0_BUFG/I
    BUFGCTRL_X0Y16       BUFG (Prop_bufg_I_O)         0.026     0.336 r  design_1_i/processing_system7_0/inst/buffer_fclk_clk_0.FCLK_CLK_0_BUFG/O
                         net (fo=38067, routed)       0.624     0.960    design_1_i/axi_mem_intercon/m00_couplers/auto_pc/inst/gen_axi4_axi3.axi3_conv_inst/USE_WRITE.write_addr_inst/USE_B_CHANNEL.cmd_b_queue/inst/fifo_gen_inst/inst_fifo_gen/gconvfifo.rf/grf.rf/rstblk/clk
    SLICE_X2Y42          FDRE                                         r  design_1_i/axi_mem_intercon/m00_couplers/auto_pc/inst/gen_axi4_axi3.axi3_conv_inst/USE_WRITE.write_addr_inst/USE_B_CHANNEL.cmd_b_queue/inst/fifo_gen_inst/inst_fifo_gen/gconvfifo.rf/grf.rf/rstblk/ngwrdrst.grst.g7serrst.gnsckt_wrst.gcc_rst.sckt_wr_rst_cc_reg[1]/C
  -------------------------------------------------------------------    -------------------
    SLICE_X2Y42          FDRE (Prop_fdre_C_Q)         0.164     1.124 f  design_1_i/axi_mem_intercon/m00_couplers/auto_pc/inst/gen_axi4_axi3.axi3_conv_inst/USE_WRITE.write_addr_inst/USE_B_CHANNEL.cmd_b_queue/inst/fifo_gen_inst/inst_fifo_gen/gconvfifo.rf/grf.rf/rstblk/ngwrdrst.grst.g7serrst.gnsckt_wrst.gcc_rst.sckt_wr_rst_cc_reg[1]/Q
                         net (fo=2, routed)           0.177     1.300    design_1_i/axi_mem_intercon/m00_couplers/auto_pc/inst/gen_axi4_axi3.axi3_conv_inst/USE_WRITE.write_addr_inst/USE_B_CHANNEL.cmd_b_queue/inst/fifo_gen_inst/inst_fifo_gen/gconvfifo.rf/grf.rf/rstblk/sckt_wr_rst_cc[1]
    SLICE_X0Y43                                                       f  design_1_i/axi_mem_intercon/m00_couplers/auto_pc/inst/gen_axi4_axi3.axi3_conv_inst/USE_WRITE.write_addr_inst/USE_B_CHANNEL.cmd_b_queue/inst/fifo_gen_inst/inst_fifo_gen/gconvfifo.rf/grf.rf/rstblk/gc0.count_d1[4]_i_2/I0
    SLICE_X0Y43          LUT3 (Prop_lut3_I0_O)        0.045     1.345 f  design_1_i/axi_mem_intercon/m00_couplers/auto_pc/inst/gen_axi4_axi3.axi3_conv_inst/USE_WRITE.write_addr_inst/USE_B_CHANNEL.cmd_b_queue/inst/fifo_gen_inst/inst_fifo_gen/gconvfifo.rf/grf.rf/rstblk/gc0.count_d1[4]_i_2/O
                         net (fo=32, routed)          0.191     1.536    design_1_i/axi_mem_intercon/m00_couplers/auto_pc/inst/gen_axi4_axi3.axi3_conv_inst/USE_WRITE.write_addr_inst/USE_B_CHANNEL.cmd_b_queue/inst/fifo_gen_inst/inst_fifo_gen/gconvfifo.rf/grf.rf/gntv_or_sync_fifo.gl0.rd/rpntr/gc0.count_d1_reg[0]_0
    SLICE_X0Y45          FDCE                                         f  design_1_i/axi_mem_intercon/m00_couplers/auto_pc/inst/gen_axi4_axi3.axi3_conv_inst/USE_WRITE.write_addr_inst/USE_B_CHANNEL.cmd_b_queue/inst/fifo_gen_inst/inst_fifo_gen/gconvfifo.rf/grf.rf/gntv_or_sync_fifo.gl0.rd/rpntr/gc0.count_reg[2]/CLR
  -------------------------------------------------------------------    -------------------

                         (clock clk_fpga_0 rise edge)
                                                      0.000     0.000 r  
    PS7_X0Y0             PS7                          0.000     0.000 r  design_1_i/processing_system7_0/inst/PS7_i/FCLKCLK[0]
                         net (fo=1, routed)           0.337     0.337    design_1_i/processing_system7_0/inst/FCLK_CLK_unbuffered[0]
    BUFGCTRL_X0Y16                                                    r  design_1_i/processing_system7_0/inst/buffer_fclk_clk_0.FCLK_CLK_0_BUFG/I
    BUFGCTRL_X0Y16       BUFG (Prop_bufg_I_O)         0.029     0.366 r  design_1_i/processing_system7_0/inst/buffer_fclk_clk_0.FCLK_CLK_0_BUFG/O
                         net (fo=38067, routed)       0.895     1.261    design_1_i/axi_mem_intercon/m00_couplers/auto_pc/inst/gen_axi4_axi3.axi3_conv_inst/USE_WRITE.write_addr_inst/USE_B_CHANNEL.cmd_b_queue/inst/fifo_gen_inst/inst_fifo_gen/gconvfifo.rf/grf.rf/gntv_or_sync_fifo.gl0.rd/rpntr/clk
    SLICE_X0Y45          FDCE                                         r  design_1_i/axi_mem_intercon/m00_couplers/auto_pc/inst/gen_axi4_axi3.axi3_conv_inst/USE_WRITE.write_addr_inst/USE_B_CHANNEL.cmd_b_queue/inst/fifo_gen_inst/inst_fifo_gen/gconvfifo.rf/grf.rf/gntv_or_sync_fifo.gl0.rd/rpntr/gc0.count_reg[2]/C
                         clock pessimism             -0.284     0.977    
    SLICE_X0Y45          FDCE (Remov_fdce_C_CLR)     -0.067     0.910    design_1_i/axi_mem_intercon/m00_couplers/auto_pc/inst/gen_axi4_axi3.axi3_conv_inst/USE_WRITE.write_addr_inst/USE_B_CHANNEL.cmd_b_queue/inst/fifo_gen_inst/inst_fifo_gen/gconvfifo.rf/grf.rf/gntv_or_sync_fifo.gl0.rd/rpntr/gc0.count_reg[2]
  -------------------------------------------------------------------
                         required time                         -0.910    
                         arrival time                           1.536    
  -------------------------------------------------------------------
                         slack                                  0.627    





--------------------------------------------------------------------------------------
Path Group:  (none)
From Clock:  
  To Clock:  clk_fpga_0

Max Delay             1 Endpoint
Min Delay             1 Endpoint
--------------------------------------------------------------------------------------


Max Delay Paths
--------------------------------------------------------------------------------------
Slack:                    inf
  Source:                 design_1_i/processing_system7_0/inst/PS7_i/FCLKRESETN[0]
                            (internal pin)
  Destination:            design_1_i/rst_ps7_0_50M/U0/EXT_LPF/ACTIVE_LOW_EXT.ACT_LO_EXT/GENERATE_LEVEL_P_S_CDC.SINGLE_BIT.CROSS_PLEVEL_IN2SCNDRY_IN_cdc_to/D
                            (rising edge-triggered cell FDRE clocked by clk_fpga_0  {rise@0.000ns fall@8.000ns period=16.000ns})
  Path Group:             (none)
  Path Type:              Setup (Max at Slow Process Corner)
  Data Path Delay:        3.994ns  (logic 0.124ns (3.105%)  route 3.870ns (96.895%))
  Logic Levels:           1  (LUT1=1)
  Clock Uncertainty:      0.241ns  ((TSJ^2 + TIJ^2)^1/2 + DJ) / 2 + PE
    Total System Jitter     (TSJ):    0.050ns
    Total Input Jitter      (TIJ):    0.480ns
    Discrete Jitter          (DJ):    0.000ns
    Phase Error              (PE):    0.000ns
  Timing Exception:       False Path

    Location             Delay type                Incr(ns)  Path(ns)    Netlist Resource(s)
  -------------------------------------------------------------------    -------------------
    PS7_X0Y0             PS7                          0.000     0.000 f  design_1_i/processing_system7_0/inst/PS7_i/FCLKRESETN[0]
                         net (fo=1, routed)           3.870     3.870    design_1_i/rst_ps7_0_50M/U0/EXT_LPF/ACTIVE_LOW_EXT.ACT_LO_EXT/ext_reset_in
    SLICE_X0Y17                                                       f  design_1_i/rst_ps7_0_50M/U0/EXT_LPF/ACTIVE_LOW_EXT.ACT_LO_EXT/GENERATE_LEVEL_P_S_CDC.SINGLE_BIT.CROSS_PLEVEL_IN2SCNDRY_IN_cdc_to_i_1/I0
    SLICE_X0Y17          LUT1 (Prop_lut1_I0_O)        0.124     3.994 r  design_1_i/rst_ps7_0_50M/U0/EXT_LPF/ACTIVE_LOW_EXT.ACT_LO_EXT/GENERATE_LEVEL_P_S_CDC.SINGLE_BIT.CROSS_PLEVEL_IN2SCNDRY_IN_cdc_to_i_1/O
                         net (fo=1, routed)           0.000     3.994    design_1_i/rst_ps7_0_50M/U0/EXT_LPF/ACTIVE_LOW_EXT.ACT_LO_EXT/exr_d1
    SLICE_X0Y17          FDRE                                         r  design_1_i/rst_ps7_0_50M/U0/EXT_LPF/ACTIVE_LOW_EXT.ACT_LO_EXT/GENERATE_LEVEL_P_S_CDC.SINGLE_BIT.CROSS_PLEVEL_IN2SCNDRY_IN_cdc_to/D
  -------------------------------------------------------------------    -------------------

                         (clock clk_fpga_0 rise edge)
                                                      0.000     0.000 r  
    PS7_X0Y0             PS7                          0.000     0.000 r  design_1_i/processing_system7_0/inst/PS7_i/FCLKCLK[0]
                         net (fo=1, routed)           1.088     1.088    design_1_i/processing_system7_0/inst/FCLK_CLK_unbuffered[0]
    BUFGCTRL_X0Y16                                                    r  design_1_i/processing_system7_0/inst/buffer_fclk_clk_0.FCLK_CLK_0_BUFG/I
    BUFGCTRL_X0Y16       BUFG (Prop_bufg_I_O)         0.091     1.179 r  design_1_i/processing_system7_0/inst/buffer_fclk_clk_0.FCLK_CLK_0_BUFG/O
                         net (fo=38067, routed)       1.651     2.830    design_1_i/rst_ps7_0_50M/U0/EXT_LPF/ACTIVE_LOW_EXT.ACT_LO_EXT/slowest_sync_clk
    SLICE_X0Y17          FDRE                                         r  design_1_i/rst_ps7_0_50M/U0/EXT_LPF/ACTIVE_LOW_EXT.ACT_LO_EXT/GENERATE_LEVEL_P_S_CDC.SINGLE_BIT.CROSS_PLEVEL_IN2SCNDRY_IN_cdc_to/C





Min Delay Paths
--------------------------------------------------------------------------------------
Slack:                    inf
  Source:                 design_1_i/processing_system7_0/inst/PS7_i/FCLKRESETN[0]
                            (internal pin)
  Destination:            design_1_i/rst_ps7_0_50M/U0/EXT_LPF/ACTIVE_LOW_EXT.ACT_LO_EXT/GENERATE_LEVEL_P_S_CDC.SINGLE_BIT.CROSS_PLEVEL_IN2SCNDRY_IN_cdc_to/D
                            (rising edge-triggered cell FDRE clocked by clk_fpga_0  {rise@0.000ns fall@8.000ns period=16.000ns})
  Path Group:             (none)
  Path Type:              Hold (Min at Fast Process Corner)
  Data Path Delay:        1.666ns  (logic 0.045ns (2.701%)  route 1.621ns (97.299%))
  Logic Levels:           1  (LUT1=1)
  Clock Uncertainty:      0.241ns  ((TSJ^2 + TIJ^2)^1/2 + DJ) / 2 + PE
    Total System Jitter     (TSJ):    0.050ns
    Total Input Jitter      (TIJ):    0.480ns
    Discrete Jitter          (DJ):    0.000ns
    Phase Error              (PE):    0.000ns
  Timing Exception:       False Path

    Location             Delay type                Incr(ns)  Path(ns)    Netlist Resource(s)
  -------------------------------------------------------------------    -------------------
    PS7_X0Y0             PS7                          0.000     0.000 f  design_1_i/processing_system7_0/inst/PS7_i/FCLKRESETN[0]
                         net (fo=1, routed)           1.621     1.621    design_1_i/rst_ps7_0_50M/U0/EXT_LPF/ACTIVE_LOW_EXT.ACT_LO_EXT/ext_reset_in
    SLICE_X0Y17                                                       f  design_1_i/rst_ps7_0_50M/U0/EXT_LPF/ACTIVE_LOW_EXT.ACT_LO_EXT/GENERATE_LEVEL_P_S_CDC.SINGLE_BIT.CROSS_PLEVEL_IN2SCNDRY_IN_cdc_to_i_1/I0
    SLICE_X0Y17          LUT1 (Prop_lut1_I0_O)        0.045     1.666 r  design_1_i/rst_ps7_0_50M/U0/EXT_LPF/ACTIVE_LOW_EXT.ACT_LO_EXT/GENERATE_LEVEL_P_S_CDC.SINGLE_BIT.CROSS_PLEVEL_IN2SCNDRY_IN_cdc_to_i_1/O
                         net (fo=1, routed)           0.000     1.666    design_1_i/rst_ps7_0_50M/U0/EXT_LPF/ACTIVE_LOW_EXT.ACT_LO_EXT/exr_d1
    SLICE_X0Y17          FDRE                                         r  design_1_i/rst_ps7_0_50M/U0/EXT_LPF/ACTIVE_LOW_EXT.ACT_LO_EXT/GENERATE_LEVEL_P_S_CDC.SINGLE_BIT.CROSS_PLEVEL_IN2SCNDRY_IN_cdc_to/D
  -------------------------------------------------------------------    -------------------

                         (clock clk_fpga_0 rise edge)
                                                      0.000     0.000 r  
    PS7_X0Y0             PS7                          0.000     0.000 r  design_1_i/processing_system7_0/inst/PS7_i/FCLKCLK[0]
                         net (fo=1, routed)           0.337     0.337    design_1_i/processing_system7_0/inst/FCLK_CLK_unbuffered[0]
    BUFGCTRL_X0Y16                                                    r  design_1_i/processing_system7_0/inst/buffer_fclk_clk_0.FCLK_CLK_0_BUFG/I
    BUFGCTRL_X0Y16       BUFG (Prop_bufg_I_O)         0.029     0.366 r  design_1_i/processing_system7_0/inst/buffer_fclk_clk_0.FCLK_CLK_0_BUFG/O
                         net (fo=38067, routed)       0.887     1.253    design_1_i/rst_ps7_0_50M/U0/EXT_LPF/ACTIVE_LOW_EXT.ACT_LO_EXT/slowest_sync_clk
    SLICE_X0Y17          FDRE                                         r  design_1_i/rst_ps7_0_50M/U0/EXT_LPF/ACTIVE_LOW_EXT.ACT_LO_EXT/GENERATE_LEVEL_P_S_CDC.SINGLE_BIT.CROSS_PLEVEL_IN2SCNDRY_IN_cdc_to/C





--------------------------------------------------------------------------------------
Path Group:  (none)
From Clock:  clk_fpga_0
  To Clock:  clk_fpga_0

Max Delay             6 Endpoints
Min Delay             6 Endpoints
--------------------------------------------------------------------------------------


Max Delay Paths
--------------------------------------------------------------------------------------
Slack:                    inf
  Source:                 design_1_i/rst_ps7_0_50M/U0/ACTIVE_LOW_PR_OUT_DFF[0].FDRE_PER_N/C
                            (rising edge-triggered cell FDRE clocked by clk_fpga_0  {rise@0.000ns fall@8.000ns period=16.000ns})
  Destination:            design_1_i/axi_mem_intercon/m00_couplers/auto_pc/inst/gen_axi4_axi3.axi3_conv_inst/USE_READ.USE_SPLIT_R.read_addr_inst/USE_R_CHANNEL.cmd_queue/inst/fifo_gen_inst/inst_fifo_gen/gconvfifo.rf/grf.rf/rstblk/ngwrdrst.grst.g7serrst.gnsckt_wrst.rst_wr_reg2_inst/arststages_ff_reg[0]/PRE
                            (recovery check against rising-edge clock clk_fpga_0  {rise@0.000ns fall@8.000ns period=16.000ns})
  Path Group:             (none)
  Path Type:              Recovery (Max at Slow Process Corner)
  Data Path Delay:        5.667ns  (logic 0.580ns (10.235%)  route 5.087ns (89.765%))
  Logic Levels:           1  (LUT1=1)
  Clock Path Skew:        -0.285ns (DCD - SCD + CPR)
    Destination Clock Delay (DCD):    2.838ns
    Source Clock Delay      (SCD):    3.123ns
    Clock Pessimism Removal (CPR):    0.000ns
  Clock Uncertainty:      0.243ns  ((TSJ^2 + TIJ^2)^1/2 + DJ) / 2 + PE
    Total System Jitter     (TSJ):    0.071ns
    Total Input Jitter      (TIJ):    0.480ns
    Discrete Jitter          (DJ):    0.000ns
    Phase Error              (PE):    0.000ns
  Timing Exception:       False Path

    Location             Delay type                Incr(ns)  Path(ns)    Netlist Resource(s)
  -------------------------------------------------------------------    -------------------
                         (clock clk_fpga_0 rise edge)
                                                      0.000     0.000 r  
    PS7_X0Y0             PS7                          0.000     0.000 r  design_1_i/processing_system7_0/inst/PS7_i/FCLKCLK[0]
                         net (fo=1, routed)           1.193     1.193    design_1_i/processing_system7_0/inst/FCLK_CLK_unbuffered[0]
    BUFGCTRL_X0Y16                                                    r  design_1_i/processing_system7_0/inst/buffer_fclk_clk_0.FCLK_CLK_0_BUFG/I
    BUFGCTRL_X0Y16       BUFG (Prop_bufg_I_O)         0.101     1.294 r  design_1_i/processing_system7_0/inst/buffer_fclk_clk_0.FCLK_CLK_0_BUFG/O
                         net (fo=38067, routed)       1.829     3.123    design_1_i/rst_ps7_0_50M/U0/slowest_sync_clk
    SLICE_X1Y17          FDRE                                         r  design_1_i/rst_ps7_0_50M/U0/ACTIVE_LOW_PR_OUT_DFF[0].FDRE_PER_N/C
  -------------------------------------------------------------------    -------------------
    SLICE_X1Y17          FDRE (Prop_fdre_C_Q)         0.456     3.579 r  design_1_i/rst_ps7_0_50M/U0/ACTIVE_LOW_PR_OUT_DFF[0].FDRE_PER_N/Q
                         net (fo=140, routed)         4.089     7.668    design_1_i/axi_mem_intercon/m00_couplers/auto_pc/inst/gen_axi4_axi3.axi3_conv_inst/USE_WRITE.write_addr_inst/USE_BURSTS.cmd_queue/inst/aresetn
    SLICE_X2Y47                                                       r  design_1_i/axi_mem_intercon/m00_couplers/auto_pc/inst/gen_axi4_axi3.axi3_conv_inst/USE_WRITE.write_addr_inst/USE_BURSTS.cmd_queue/inst/S_AXI_AREADY_I_i_1/I0
    SLICE_X2Y47          LUT1 (Prop_lut1_I0_O)        0.124     7.792 f  design_1_i/axi_mem_intercon/m00_couplers/auto_pc/inst/gen_axi4_axi3.axi3_conv_inst/USE_WRITE.write_addr_inst/USE_BURSTS.cmd_queue/inst/S_AXI_AREADY_I_i_1/O
                         net (fo=192, routed)         0.998     8.790    design_1_i/axi_mem_intercon/m00_couplers/auto_pc/inst/gen_axi4_axi3.axi3_conv_inst/USE_READ.USE_SPLIT_R.read_addr_inst/USE_R_CHANNEL.cmd_queue/inst/fifo_gen_inst/inst_fifo_gen/gconvfifo.rf/grf.rf/rstblk/ngwrdrst.grst.g7serrst.gnsckt_wrst.rst_wr_reg2_inst/src_arst
    SLICE_X1Y46          FDPE                                         f  design_1_i/axi_mem_intercon/m00_couplers/auto_pc/inst/gen_axi4_axi3.axi3_conv_inst/USE_READ.USE_SPLIT_R.read_addr_inst/USE_R_CHANNEL.cmd_queue/inst/fifo_gen_inst/inst_fifo_gen/gconvfifo.rf/grf.rf/rstblk/ngwrdrst.grst.g7serrst.gnsckt_wrst.rst_wr_reg2_inst/arststages_ff_reg[0]/PRE
  -------------------------------------------------------------------    -------------------

                         (clock clk_fpga_0 rise edge)
                                                      0.000     0.000 r  
    PS7_X0Y0             PS7                          0.000     0.000 r  design_1_i/processing_system7_0/inst/PS7_i/FCLKCLK[0]
                         net (fo=1, routed)           1.088     1.088    design_1_i/processing_system7_0/inst/FCLK_CLK_unbuffered[0]
    BUFGCTRL_X0Y16                                                    r  design_1_i/processing_system7_0/inst/buffer_fclk_clk_0.FCLK_CLK_0_BUFG/I
    BUFGCTRL_X0Y16       BUFG (Prop_bufg_I_O)         0.091     1.179 r  design_1_i/processing_system7_0/inst/buffer_fclk_clk_0.FCLK_CLK_0_BUFG/O
                         net (fo=38067, routed)       1.659     2.839    design_1_i/axi_mem_intercon/m00_couplers/auto_pc/inst/gen_axi4_axi3.axi3_conv_inst/USE_READ.USE_SPLIT_R.read_addr_inst/USE_R_CHANNEL.cmd_queue/inst/fifo_gen_inst/inst_fifo_gen/gconvfifo.rf/grf.rf/rstblk/ngwrdrst.grst.g7serrst.gnsckt_wrst.rst_wr_reg2_inst/dest_clk
    SLICE_X1Y46          FDPE                                         r  design_1_i/axi_mem_intercon/m00_couplers/auto_pc/inst/gen_axi4_axi3.axi3_conv_inst/USE_READ.USE_SPLIT_R.read_addr_inst/USE_R_CHANNEL.cmd_queue/inst/fifo_gen_inst/inst_fifo_gen/gconvfifo.rf/grf.rf/rstblk/ngwrdrst.grst.g7serrst.gnsckt_wrst.rst_wr_reg2_inst/arststages_ff_reg[0]/C

Slack:                    inf
  Source:                 design_1_i/rst_ps7_0_50M/U0/ACTIVE_LOW_PR_OUT_DFF[0].FDRE_PER_N/C
                            (rising edge-triggered cell FDRE clocked by clk_fpga_0  {rise@0.000ns fall@8.000ns period=16.000ns})
  Destination:            design_1_i/axi_mem_intercon/m00_couplers/auto_pc/inst/gen_axi4_axi3.axi3_conv_inst/USE_READ.USE_SPLIT_R.read_addr_inst/USE_R_CHANNEL.cmd_queue/inst/fifo_gen_inst/inst_fifo_gen/gconvfifo.rf/grf.rf/rstblk/ngwrdrst.grst.g7serrst.gnsckt_wrst.rst_wr_reg2_inst/arststages_ff_reg[1]/PRE
                            (recovery check against rising-edge clock clk_fpga_0  {rise@0.000ns fall@8.000ns period=16.000ns})
  Path Group:             (none)
  Path Type:              Recovery (Max at Slow Process Corner)
  Data Path Delay:        5.667ns  (logic 0.580ns (10.235%)  route 5.087ns (89.765%))
  Logic Levels:           1  (LUT1=1)
  Clock Path Skew:        -0.285ns (DCD - SCD + CPR)
    Destination Clock Delay (DCD):    2.838ns
    Source Clock Delay      (SCD):    3.123ns
    Clock Pessimism Removal (CPR):    0.000ns
  Clock Uncertainty:      0.243ns  ((TSJ^2 + TIJ^2)^1/2 + DJ) / 2 + PE
    Total System Jitter     (TSJ):    0.071ns
    Total Input Jitter      (TIJ):    0.480ns
    Discrete Jitter          (DJ):    0.000ns
    Phase Error              (PE):    0.000ns
  Timing Exception:       False Path

    Location             Delay type                Incr(ns)  Path(ns)    Netlist Resource(s)
  -------------------------------------------------------------------    -------------------
                         (clock clk_fpga_0 rise edge)
                                                      0.000     0.000 r  
    PS7_X0Y0             PS7                          0.000     0.000 r  design_1_i/processing_system7_0/inst/PS7_i/FCLKCLK[0]
                         net (fo=1, routed)           1.193     1.193    design_1_i/processing_system7_0/inst/FCLK_CLK_unbuffered[0]
    BUFGCTRL_X0Y16                                                    r  design_1_i/processing_system7_0/inst/buffer_fclk_clk_0.FCLK_CLK_0_BUFG/I
    BUFGCTRL_X0Y16       BUFG (Prop_bufg_I_O)         0.101     1.294 r  design_1_i/processing_system7_0/inst/buffer_fclk_clk_0.FCLK_CLK_0_BUFG/O
                         net (fo=38067, routed)       1.829     3.123    design_1_i/rst_ps7_0_50M/U0/slowest_sync_clk
    SLICE_X1Y17          FDRE                                         r  design_1_i/rst_ps7_0_50M/U0/ACTIVE_LOW_PR_OUT_DFF[0].FDRE_PER_N/C
  -------------------------------------------------------------------    -------------------
    SLICE_X1Y17          FDRE (Prop_fdre_C_Q)         0.456     3.579 r  design_1_i/rst_ps7_0_50M/U0/ACTIVE_LOW_PR_OUT_DFF[0].FDRE_PER_N/Q
                         net (fo=140, routed)         4.089     7.668    design_1_i/axi_mem_intercon/m00_couplers/auto_pc/inst/gen_axi4_axi3.axi3_conv_inst/USE_WRITE.write_addr_inst/USE_BURSTS.cmd_queue/inst/aresetn
    SLICE_X2Y47                                                       r  design_1_i/axi_mem_intercon/m00_couplers/auto_pc/inst/gen_axi4_axi3.axi3_conv_inst/USE_WRITE.write_addr_inst/USE_BURSTS.cmd_queue/inst/S_AXI_AREADY_I_i_1/I0
    SLICE_X2Y47          LUT1 (Prop_lut1_I0_O)        0.124     7.792 f  design_1_i/axi_mem_intercon/m00_couplers/auto_pc/inst/gen_axi4_axi3.axi3_conv_inst/USE_WRITE.write_addr_inst/USE_BURSTS.cmd_queue/inst/S_AXI_AREADY_I_i_1/O
                         net (fo=192, routed)         0.998     8.790    design_1_i/axi_mem_intercon/m00_couplers/auto_pc/inst/gen_axi4_axi3.axi3_conv_inst/USE_READ.USE_SPLIT_R.read_addr_inst/USE_R_CHANNEL.cmd_queue/inst/fifo_gen_inst/inst_fifo_gen/gconvfifo.rf/grf.rf/rstblk/ngwrdrst.grst.g7serrst.gnsckt_wrst.rst_wr_reg2_inst/src_arst
    SLICE_X1Y46          FDPE                                         f  design_1_i/axi_mem_intercon/m00_couplers/auto_pc/inst/gen_axi4_axi3.axi3_conv_inst/USE_READ.USE_SPLIT_R.read_addr_inst/USE_R_CHANNEL.cmd_queue/inst/fifo_gen_inst/inst_fifo_gen/gconvfifo.rf/grf.rf/rstblk/ngwrdrst.grst.g7serrst.gnsckt_wrst.rst_wr_reg2_inst/arststages_ff_reg[1]/PRE
  -------------------------------------------------------------------    -------------------

                         (clock clk_fpga_0 rise edge)
                                                      0.000     0.000 r  
    PS7_X0Y0             PS7                          0.000     0.000 r  design_1_i/processing_system7_0/inst/PS7_i/FCLKCLK[0]
                         net (fo=1, routed)           1.088     1.088    design_1_i/processing_system7_0/inst/FCLK_CLK_unbuffered[0]
    BUFGCTRL_X0Y16                                                    r  design_1_i/processing_system7_0/inst/buffer_fclk_clk_0.FCLK_CLK_0_BUFG/I
    BUFGCTRL_X0Y16       BUFG (Prop_bufg_I_O)         0.091     1.179 r  design_1_i/processing_system7_0/inst/buffer_fclk_clk_0.FCLK_CLK_0_BUFG/O
                         net (fo=38067, routed)       1.659     2.839    design_1_i/axi_mem_intercon/m00_couplers/auto_pc/inst/gen_axi4_axi3.axi3_conv_inst/USE_READ.USE_SPLIT_R.read_addr_inst/USE_R_CHANNEL.cmd_queue/inst/fifo_gen_inst/inst_fifo_gen/gconvfifo.rf/grf.rf/rstblk/ngwrdrst.grst.g7serrst.gnsckt_wrst.rst_wr_reg2_inst/dest_clk
    SLICE_X1Y46          FDPE                                         r  design_1_i/axi_mem_intercon/m00_couplers/auto_pc/inst/gen_axi4_axi3.axi3_conv_inst/USE_READ.USE_SPLIT_R.read_addr_inst/USE_R_CHANNEL.cmd_queue/inst/fifo_gen_inst/inst_fifo_gen/gconvfifo.rf/grf.rf/rstblk/ngwrdrst.grst.g7serrst.gnsckt_wrst.rst_wr_reg2_inst/arststages_ff_reg[1]/C

Slack:                    inf
  Source:                 design_1_i/rst_ps7_0_50M/U0/ACTIVE_LOW_PR_OUT_DFF[0].FDRE_PER_N/C
                            (rising edge-triggered cell FDRE clocked by clk_fpga_0  {rise@0.000ns fall@8.000ns period=16.000ns})
  Destination:            design_1_i/axi_mem_intercon/m00_couplers/auto_pc/inst/gen_axi4_axi3.axi3_conv_inst/USE_WRITE.write_addr_inst/USE_B_CHANNEL.cmd_b_queue/inst/fifo_gen_inst/inst_fifo_gen/gconvfifo.rf/grf.rf/rstblk/ngwrdrst.grst.g7serrst.gnsckt_wrst.rst_wr_reg2_inst/arststages_ff_reg[0]/PRE
                            (recovery check against rising-edge clock clk_fpga_0  {rise@0.000ns fall@8.000ns period=16.000ns})
  Path Group:             (none)
  Path Type:              Recovery (Max at Slow Process Corner)
  Data Path Delay:        5.667ns  (logic 0.580ns (10.235%)  route 5.087ns (89.765%))
  Logic Levels:           1  (LUT1=1)
  Clock Path Skew:        -0.285ns (DCD - SCD + CPR)
    Destination Clock Delay (DCD):    2.838ns
    Source Clock Delay      (SCD):    3.123ns
    Clock Pessimism Removal (CPR):    0.000ns
  Clock Uncertainty:      0.243ns  ((TSJ^2 + TIJ^2)^1/2 + DJ) / 2 + PE
    Total System Jitter     (TSJ):    0.071ns
    Total Input Jitter      (TIJ):    0.480ns
    Discrete Jitter          (DJ):    0.000ns
    Phase Error              (PE):    0.000ns
  Timing Exception:       False Path

    Location             Delay type                Incr(ns)  Path(ns)    Netlist Resource(s)
  -------------------------------------------------------------------    -------------------
                         (clock clk_fpga_0 rise edge)
                                                      0.000     0.000 r  
    PS7_X0Y0             PS7                          0.000     0.000 r  design_1_i/processing_system7_0/inst/PS7_i/FCLKCLK[0]
                         net (fo=1, routed)           1.193     1.193    design_1_i/processing_system7_0/inst/FCLK_CLK_unbuffered[0]
    BUFGCTRL_X0Y16                                                    r  design_1_i/processing_system7_0/inst/buffer_fclk_clk_0.FCLK_CLK_0_BUFG/I
    BUFGCTRL_X0Y16       BUFG (Prop_bufg_I_O)         0.101     1.294 r  design_1_i/processing_system7_0/inst/buffer_fclk_clk_0.FCLK_CLK_0_BUFG/O
                         net (fo=38067, routed)       1.829     3.123    design_1_i/rst_ps7_0_50M/U0/slowest_sync_clk
    SLICE_X1Y17          FDRE                                         r  design_1_i/rst_ps7_0_50M/U0/ACTIVE_LOW_PR_OUT_DFF[0].FDRE_PER_N/C
  -------------------------------------------------------------------    -------------------
    SLICE_X1Y17          FDRE (Prop_fdre_C_Q)         0.456     3.579 r  design_1_i/rst_ps7_0_50M/U0/ACTIVE_LOW_PR_OUT_DFF[0].FDRE_PER_N/Q
                         net (fo=140, routed)         4.089     7.668    design_1_i/axi_mem_intercon/m00_couplers/auto_pc/inst/gen_axi4_axi3.axi3_conv_inst/USE_WRITE.write_addr_inst/USE_BURSTS.cmd_queue/inst/aresetn
    SLICE_X2Y47                                                       r  design_1_i/axi_mem_intercon/m00_couplers/auto_pc/inst/gen_axi4_axi3.axi3_conv_inst/USE_WRITE.write_addr_inst/USE_BURSTS.cmd_queue/inst/S_AXI_AREADY_I_i_1/I0
    SLICE_X2Y47          LUT1 (Prop_lut1_I0_O)        0.124     7.792 f  design_1_i/axi_mem_intercon/m00_couplers/auto_pc/inst/gen_axi4_axi3.axi3_conv_inst/USE_WRITE.write_addr_inst/USE_BURSTS.cmd_queue/inst/S_AXI_AREADY_I_i_1/O
                         net (fo=192, routed)         0.998     8.790    design_1_i/axi_mem_intercon/m00_couplers/auto_pc/inst/gen_axi4_axi3.axi3_conv_inst/USE_WRITE.write_addr_inst/USE_B_CHANNEL.cmd_b_queue/inst/fifo_gen_inst/inst_fifo_gen/gconvfifo.rf/grf.rf/rstblk/ngwrdrst.grst.g7serrst.gnsckt_wrst.rst_wr_reg2_inst/src_arst
    SLICE_X1Y46          FDPE                                         f  design_1_i/axi_mem_intercon/m00_couplers/auto_pc/inst/gen_axi4_axi3.axi3_conv_inst/USE_WRITE.write_addr_inst/USE_B_CHANNEL.cmd_b_queue/inst/fifo_gen_inst/inst_fifo_gen/gconvfifo.rf/grf.rf/rstblk/ngwrdrst.grst.g7serrst.gnsckt_wrst.rst_wr_reg2_inst/arststages_ff_reg[0]/PRE
  -------------------------------------------------------------------    -------------------

                         (clock clk_fpga_0 rise edge)
                                                      0.000     0.000 r  
    PS7_X0Y0             PS7                          0.000     0.000 r  design_1_i/processing_system7_0/inst/PS7_i/FCLKCLK[0]
                         net (fo=1, routed)           1.088     1.088    design_1_i/processing_system7_0/inst/FCLK_CLK_unbuffered[0]
    BUFGCTRL_X0Y16                                                    r  design_1_i/processing_system7_0/inst/buffer_fclk_clk_0.FCLK_CLK_0_BUFG/I
    BUFGCTRL_X0Y16       BUFG (Prop_bufg_I_O)         0.091     1.179 r  design_1_i/processing_system7_0/inst/buffer_fclk_clk_0.FCLK_CLK_0_BUFG/O
                         net (fo=38067, routed)       1.659     2.839    design_1_i/axi_mem_intercon/m00_couplers/auto_pc/inst/gen_axi4_axi3.axi3_conv_inst/USE_WRITE.write_addr_inst/USE_B_CHANNEL.cmd_b_queue/inst/fifo_gen_inst/inst_fifo_gen/gconvfifo.rf/grf.rf/rstblk/ngwrdrst.grst.g7serrst.gnsckt_wrst.rst_wr_reg2_inst/dest_clk
    SLICE_X1Y46          FDPE                                         r  design_1_i/axi_mem_intercon/m00_couplers/auto_pc/inst/gen_axi4_axi3.axi3_conv_inst/USE_WRITE.write_addr_inst/USE_B_CHANNEL.cmd_b_queue/inst/fifo_gen_inst/inst_fifo_gen/gconvfifo.rf/grf.rf/rstblk/ngwrdrst.grst.g7serrst.gnsckt_wrst.rst_wr_reg2_inst/arststages_ff_reg[0]/C

Slack:                    inf
  Source:                 design_1_i/rst_ps7_0_50M/U0/ACTIVE_LOW_PR_OUT_DFF[0].FDRE_PER_N/C
                            (rising edge-triggered cell FDRE clocked by clk_fpga_0  {rise@0.000ns fall@8.000ns period=16.000ns})
  Destination:            design_1_i/axi_mem_intercon/m00_couplers/auto_pc/inst/gen_axi4_axi3.axi3_conv_inst/USE_WRITE.write_addr_inst/USE_B_CHANNEL.cmd_b_queue/inst/fifo_gen_inst/inst_fifo_gen/gconvfifo.rf/grf.rf/rstblk/ngwrdrst.grst.g7serrst.gnsckt_wrst.rst_wr_reg2_inst/arststages_ff_reg[1]/PRE
                            (recovery check against rising-edge clock clk_fpga_0  {rise@0.000ns fall@8.000ns period=16.000ns})
  Path Group:             (none)
  Path Type:              Recovery (Max at Slow Process Corner)
  Data Path Delay:        5.667ns  (logic 0.580ns (10.235%)  route 5.087ns (89.765%))
  Logic Levels:           1  (LUT1=1)
  Clock Path Skew:        -0.285ns (DCD - SCD + CPR)
    Destination Clock Delay (DCD):    2.838ns
    Source Clock Delay      (SCD):    3.123ns
    Clock Pessimism Removal (CPR):    0.000ns
  Clock Uncertainty:      0.243ns  ((TSJ^2 + TIJ^2)^1/2 + DJ) / 2 + PE
    Total System Jitter     (TSJ):    0.071ns
    Total Input Jitter      (TIJ):    0.480ns
    Discrete Jitter          (DJ):    0.000ns
    Phase Error              (PE):    0.000ns
  Timing Exception:       False Path

    Location             Delay type                Incr(ns)  Path(ns)    Netlist Resource(s)
  -------------------------------------------------------------------    -------------------
                         (clock clk_fpga_0 rise edge)
                                                      0.000     0.000 r  
    PS7_X0Y0             PS7                          0.000     0.000 r  design_1_i/processing_system7_0/inst/PS7_i/FCLKCLK[0]
                         net (fo=1, routed)           1.193     1.193    design_1_i/processing_system7_0/inst/FCLK_CLK_unbuffered[0]
    BUFGCTRL_X0Y16                                                    r  design_1_i/processing_system7_0/inst/buffer_fclk_clk_0.FCLK_CLK_0_BUFG/I
    BUFGCTRL_X0Y16       BUFG (Prop_bufg_I_O)         0.101     1.294 r  design_1_i/processing_system7_0/inst/buffer_fclk_clk_0.FCLK_CLK_0_BUFG/O
                         net (fo=38067, routed)       1.829     3.123    design_1_i/rst_ps7_0_50M/U0/slowest_sync_clk
    SLICE_X1Y17          FDRE                                         r  design_1_i/rst_ps7_0_50M/U0/ACTIVE_LOW_PR_OUT_DFF[0].FDRE_PER_N/C
  -------------------------------------------------------------------    -------------------
    SLICE_X1Y17          FDRE (Prop_fdre_C_Q)         0.456     3.579 r  design_1_i/rst_ps7_0_50M/U0/ACTIVE_LOW_PR_OUT_DFF[0].FDRE_PER_N/Q
                         net (fo=140, routed)         4.089     7.668    design_1_i/axi_mem_intercon/m00_couplers/auto_pc/inst/gen_axi4_axi3.axi3_conv_inst/USE_WRITE.write_addr_inst/USE_BURSTS.cmd_queue/inst/aresetn
    SLICE_X2Y47                                                       r  design_1_i/axi_mem_intercon/m00_couplers/auto_pc/inst/gen_axi4_axi3.axi3_conv_inst/USE_WRITE.write_addr_inst/USE_BURSTS.cmd_queue/inst/S_AXI_AREADY_I_i_1/I0
    SLICE_X2Y47          LUT1 (Prop_lut1_I0_O)        0.124     7.792 f  design_1_i/axi_mem_intercon/m00_couplers/auto_pc/inst/gen_axi4_axi3.axi3_conv_inst/USE_WRITE.write_addr_inst/USE_BURSTS.cmd_queue/inst/S_AXI_AREADY_I_i_1/O
                         net (fo=192, routed)         0.998     8.790    design_1_i/axi_mem_intercon/m00_couplers/auto_pc/inst/gen_axi4_axi3.axi3_conv_inst/USE_WRITE.write_addr_inst/USE_B_CHANNEL.cmd_b_queue/inst/fifo_gen_inst/inst_fifo_gen/gconvfifo.rf/grf.rf/rstblk/ngwrdrst.grst.g7serrst.gnsckt_wrst.rst_wr_reg2_inst/src_arst
    SLICE_X1Y46          FDPE                                         f  design_1_i/axi_mem_intercon/m00_couplers/auto_pc/inst/gen_axi4_axi3.axi3_conv_inst/USE_WRITE.write_addr_inst/USE_B_CHANNEL.cmd_b_queue/inst/fifo_gen_inst/inst_fifo_gen/gconvfifo.rf/grf.rf/rstblk/ngwrdrst.grst.g7serrst.gnsckt_wrst.rst_wr_reg2_inst/arststages_ff_reg[1]/PRE
  -------------------------------------------------------------------    -------------------

                         (clock clk_fpga_0 rise edge)
                                                      0.000     0.000 r  
    PS7_X0Y0             PS7                          0.000     0.000 r  design_1_i/processing_system7_0/inst/PS7_i/FCLKCLK[0]
                         net (fo=1, routed)           1.088     1.088    design_1_i/processing_system7_0/inst/FCLK_CLK_unbuffered[0]
    BUFGCTRL_X0Y16                                                    r  design_1_i/processing_system7_0/inst/buffer_fclk_clk_0.FCLK_CLK_0_BUFG/I
    BUFGCTRL_X0Y16       BUFG (Prop_bufg_I_O)         0.091     1.179 r  design_1_i/processing_system7_0/inst/buffer_fclk_clk_0.FCLK_CLK_0_BUFG/O
                         net (fo=38067, routed)       1.659     2.839    design_1_i/axi_mem_intercon/m00_couplers/auto_pc/inst/gen_axi4_axi3.axi3_conv_inst/USE_WRITE.write_addr_inst/USE_B_CHANNEL.cmd_b_queue/inst/fifo_gen_inst/inst_fifo_gen/gconvfifo.rf/grf.rf/rstblk/ngwrdrst.grst.g7serrst.gnsckt_wrst.rst_wr_reg2_inst/dest_clk
    SLICE_X1Y46          FDPE                                         r  design_1_i/axi_mem_intercon/m00_couplers/auto_pc/inst/gen_axi4_axi3.axi3_conv_inst/USE_WRITE.write_addr_inst/USE_B_CHANNEL.cmd_b_queue/inst/fifo_gen_inst/inst_fifo_gen/gconvfifo.rf/grf.rf/rstblk/ngwrdrst.grst.g7serrst.gnsckt_wrst.rst_wr_reg2_inst/arststages_ff_reg[1]/C

Slack:                    inf
  Source:                 design_1_i/rst_ps7_0_50M/U0/ACTIVE_LOW_PR_OUT_DFF[0].FDRE_PER_N/C
                            (rising edge-triggered cell FDRE clocked by clk_fpga_0  {rise@0.000ns fall@8.000ns period=16.000ns})
  Destination:            design_1_i/axi_mem_intercon/m00_couplers/auto_pc/inst/gen_axi4_axi3.axi3_conv_inst/USE_WRITE.write_addr_inst/USE_BURSTS.cmd_queue/inst/fifo_gen_inst/inst_fifo_gen/gconvfifo.rf/grf.rf/rstblk/ngwrdrst.grst.g7serrst.gnsckt_wrst.rst_wr_reg2_inst/arststages_ff_reg[0]/PRE
                            (recovery check against rising-edge clock clk_fpga_0  {rise@0.000ns fall@8.000ns period=16.000ns})
  Path Group:             (none)
  Path Type:              Recovery (Max at Slow Process Corner)
  Data Path Delay:        5.216ns  (logic 0.580ns (11.119%)  route 4.636ns (88.881%))
  Logic Levels:           1  (LUT1=1)
  Clock Path Skew:        -0.284ns (DCD - SCD + CPR)
    Destination Clock Delay (DCD):    2.839ns
    Source Clock Delay      (SCD):    3.123ns
    Clock Pessimism Removal (CPR):    0.000ns
  Clock Uncertainty:      0.243ns  ((TSJ^2 + TIJ^2)^1/2 + DJ) / 2 + PE
    Total System Jitter     (TSJ):    0.071ns
    Total Input Jitter      (TIJ):    0.480ns
    Discrete Jitter          (DJ):    0.000ns
    Phase Error              (PE):    0.000ns
  Timing Exception:       False Path

    Location             Delay type                Incr(ns)  Path(ns)    Netlist Resource(s)
  -------------------------------------------------------------------    -------------------
                         (clock clk_fpga_0 rise edge)
                                                      0.000     0.000 r  
    PS7_X0Y0             PS7                          0.000     0.000 r  design_1_i/processing_system7_0/inst/PS7_i/FCLKCLK[0]
                         net (fo=1, routed)           1.193     1.193    design_1_i/processing_system7_0/inst/FCLK_CLK_unbuffered[0]
    BUFGCTRL_X0Y16                                                    r  design_1_i/processing_system7_0/inst/buffer_fclk_clk_0.FCLK_CLK_0_BUFG/I
    BUFGCTRL_X0Y16       BUFG (Prop_bufg_I_O)         0.101     1.294 r  design_1_i/processing_system7_0/inst/buffer_fclk_clk_0.FCLK_CLK_0_BUFG/O
                         net (fo=38067, routed)       1.829     3.123    design_1_i/rst_ps7_0_50M/U0/slowest_sync_clk
    SLICE_X1Y17          FDRE                                         r  design_1_i/rst_ps7_0_50M/U0/ACTIVE_LOW_PR_OUT_DFF[0].FDRE_PER_N/C
  -------------------------------------------------------------------    -------------------
    SLICE_X1Y17          FDRE (Prop_fdre_C_Q)         0.456     3.579 r  design_1_i/rst_ps7_0_50M/U0/ACTIVE_LOW_PR_OUT_DFF[0].FDRE_PER_N/Q
                         net (fo=140, routed)         4.089     7.668    design_1_i/axi_mem_intercon/m00_couplers/auto_pc/inst/gen_axi4_axi3.axi3_conv_inst/USE_WRITE.write_addr_inst/USE_BURSTS.cmd_queue/inst/aresetn
    SLICE_X2Y47                                                       r  design_1_i/axi_mem_intercon/m00_couplers/auto_pc/inst/gen_axi4_axi3.axi3_conv_inst/USE_WRITE.write_addr_inst/USE_BURSTS.cmd_queue/inst/S_AXI_AREADY_I_i_1/I0
    SLICE_X2Y47          LUT1 (Prop_lut1_I0_O)        0.124     7.792 f  design_1_i/axi_mem_intercon/m00_couplers/auto_pc/inst/gen_axi4_axi3.axi3_conv_inst/USE_WRITE.write_addr_inst/USE_BURSTS.cmd_queue/inst/S_AXI_AREADY_I_i_1/O
                         net (fo=192, routed)         0.547     8.339    design_1_i/axi_mem_intercon/m00_couplers/auto_pc/inst/gen_axi4_axi3.axi3_conv_inst/USE_WRITE.write_addr_inst/USE_BURSTS.cmd_queue/inst/fifo_gen_inst/inst_fifo_gen/gconvfifo.rf/grf.rf/rstblk/ngwrdrst.grst.g7serrst.gnsckt_wrst.rst_wr_reg2_inst/src_arst
    SLICE_X0Y49          FDPE                                         f  design_1_i/axi_mem_intercon/m00_couplers/auto_pc/inst/gen_axi4_axi3.axi3_conv_inst/USE_WRITE.write_addr_inst/USE_BURSTS.cmd_queue/inst/fifo_gen_inst/inst_fifo_gen/gconvfifo.rf/grf.rf/rstblk/ngwrdrst.grst.g7serrst.gnsckt_wrst.rst_wr_reg2_inst/arststages_ff_reg[0]/PRE
  -------------------------------------------------------------------    -------------------

                         (clock clk_fpga_0 rise edge)
                                                      0.000     0.000 r  
    PS7_X0Y0             PS7                          0.000     0.000 r  design_1_i/processing_system7_0/inst/PS7_i/FCLKCLK[0]
                         net (fo=1, routed)           1.088     1.088    design_1_i/processing_system7_0/inst/FCLK_CLK_unbuffered[0]
    BUFGCTRL_X0Y16                                                    r  design_1_i/processing_system7_0/inst/buffer_fclk_clk_0.FCLK_CLK_0_BUFG/I
    BUFGCTRL_X0Y16       BUFG (Prop_bufg_I_O)         0.091     1.179 r  design_1_i/processing_system7_0/inst/buffer_fclk_clk_0.FCLK_CLK_0_BUFG/O
                         net (fo=38067, routed)       1.660     2.839    design_1_i/axi_mem_intercon/m00_couplers/auto_pc/inst/gen_axi4_axi3.axi3_conv_inst/USE_WRITE.write_addr_inst/USE_BURSTS.cmd_queue/inst/fifo_gen_inst/inst_fifo_gen/gconvfifo.rf/grf.rf/rstblk/ngwrdrst.grst.g7serrst.gnsckt_wrst.rst_wr_reg2_inst/dest_clk
    SLICE_X0Y49          FDPE                                         r  design_1_i/axi_mem_intercon/m00_couplers/auto_pc/inst/gen_axi4_axi3.axi3_conv_inst/USE_WRITE.write_addr_inst/USE_BURSTS.cmd_queue/inst/fifo_gen_inst/inst_fifo_gen/gconvfifo.rf/grf.rf/rstblk/ngwrdrst.grst.g7serrst.gnsckt_wrst.rst_wr_reg2_inst/arststages_ff_reg[0]/C

Slack:                    inf
  Source:                 design_1_i/rst_ps7_0_50M/U0/ACTIVE_LOW_PR_OUT_DFF[0].FDRE_PER_N/C
                            (rising edge-triggered cell FDRE clocked by clk_fpga_0  {rise@0.000ns fall@8.000ns period=16.000ns})
  Destination:            design_1_i/axi_mem_intercon/m00_couplers/auto_pc/inst/gen_axi4_axi3.axi3_conv_inst/USE_WRITE.write_addr_inst/USE_BURSTS.cmd_queue/inst/fifo_gen_inst/inst_fifo_gen/gconvfifo.rf/grf.rf/rstblk/ngwrdrst.grst.g7serrst.gnsckt_wrst.rst_wr_reg2_inst/arststages_ff_reg[1]/PRE
                            (recovery check against rising-edge clock clk_fpga_0  {rise@0.000ns fall@8.000ns period=16.000ns})
  Path Group:             (none)
  Path Type:              Recovery (Max at Slow Process Corner)
  Data Path Delay:        5.216ns  (logic 0.580ns (11.119%)  route 4.636ns (88.881%))
  Logic Levels:           1  (LUT1=1)
  Clock Path Skew:        -0.284ns (DCD - SCD + CPR)
    Destination Clock Delay (DCD):    2.839ns
    Source Clock Delay      (SCD):    3.123ns
    Clock Pessimism Removal (CPR):    0.000ns
  Clock Uncertainty:      0.243ns  ((TSJ^2 + TIJ^2)^1/2 + DJ) / 2 + PE
    Total System Jitter     (TSJ):    0.071ns
    Total Input Jitter      (TIJ):    0.480ns
    Discrete Jitter          (DJ):    0.000ns
    Phase Error              (PE):    0.000ns
  Timing Exception:       False Path

    Location             Delay type                Incr(ns)  Path(ns)    Netlist Resource(s)
  -------------------------------------------------------------------    -------------------
                         (clock clk_fpga_0 rise edge)
                                                      0.000     0.000 r  
    PS7_X0Y0             PS7                          0.000     0.000 r  design_1_i/processing_system7_0/inst/PS7_i/FCLKCLK[0]
                         net (fo=1, routed)           1.193     1.193    design_1_i/processing_system7_0/inst/FCLK_CLK_unbuffered[0]
    BUFGCTRL_X0Y16                                                    r  design_1_i/processing_system7_0/inst/buffer_fclk_clk_0.FCLK_CLK_0_BUFG/I
    BUFGCTRL_X0Y16       BUFG (Prop_bufg_I_O)         0.101     1.294 r  design_1_i/processing_system7_0/inst/buffer_fclk_clk_0.FCLK_CLK_0_BUFG/O
                         net (fo=38067, routed)       1.829     3.123    design_1_i/rst_ps7_0_50M/U0/slowest_sync_clk
    SLICE_X1Y17          FDRE                                         r  design_1_i/rst_ps7_0_50M/U0/ACTIVE_LOW_PR_OUT_DFF[0].FDRE_PER_N/C
  -------------------------------------------------------------------    -------------------
    SLICE_X1Y17          FDRE (Prop_fdre_C_Q)         0.456     3.579 r  design_1_i/rst_ps7_0_50M/U0/ACTIVE_LOW_PR_OUT_DFF[0].FDRE_PER_N/Q
                         net (fo=140, routed)         4.089     7.668    design_1_i/axi_mem_intercon/m00_couplers/auto_pc/inst/gen_axi4_axi3.axi3_conv_inst/USE_WRITE.write_addr_inst/USE_BURSTS.cmd_queue/inst/aresetn
    SLICE_X2Y47                                                       r  design_1_i/axi_mem_intercon/m00_couplers/auto_pc/inst/gen_axi4_axi3.axi3_conv_inst/USE_WRITE.write_addr_inst/USE_BURSTS.cmd_queue/inst/S_AXI_AREADY_I_i_1/I0
    SLICE_X2Y47          LUT1 (Prop_lut1_I0_O)        0.124     7.792 f  design_1_i/axi_mem_intercon/m00_couplers/auto_pc/inst/gen_axi4_axi3.axi3_conv_inst/USE_WRITE.write_addr_inst/USE_BURSTS.cmd_queue/inst/S_AXI_AREADY_I_i_1/O
                         net (fo=192, routed)         0.547     8.339    design_1_i/axi_mem_intercon/m00_couplers/auto_pc/inst/gen_axi4_axi3.axi3_conv_inst/USE_WRITE.write_addr_inst/USE_BURSTS.cmd_queue/inst/fifo_gen_inst/inst_fifo_gen/gconvfifo.rf/grf.rf/rstblk/ngwrdrst.grst.g7serrst.gnsckt_wrst.rst_wr_reg2_inst/src_arst
    SLICE_X0Y49          FDPE                                         f  design_1_i/axi_mem_intercon/m00_couplers/auto_pc/inst/gen_axi4_axi3.axi3_conv_inst/USE_WRITE.write_addr_inst/USE_BURSTS.cmd_queue/inst/fifo_gen_inst/inst_fifo_gen/gconvfifo.rf/grf.rf/rstblk/ngwrdrst.grst.g7serrst.gnsckt_wrst.rst_wr_reg2_inst/arststages_ff_reg[1]/PRE
  -------------------------------------------------------------------    -------------------

                         (clock clk_fpga_0 rise edge)
                                                      0.000     0.000 r  
    PS7_X0Y0             PS7                          0.000     0.000 r  design_1_i/processing_system7_0/inst/PS7_i/FCLKCLK[0]
                         net (fo=1, routed)           1.088     1.088    design_1_i/processing_system7_0/inst/FCLK_CLK_unbuffered[0]
    BUFGCTRL_X0Y16                                                    r  design_1_i/processing_system7_0/inst/buffer_fclk_clk_0.FCLK_CLK_0_BUFG/I
    BUFGCTRL_X0Y16       BUFG (Prop_bufg_I_O)         0.091     1.179 r  design_1_i/processing_system7_0/inst/buffer_fclk_clk_0.FCLK_CLK_0_BUFG/O
                         net (fo=38067, routed)       1.660     2.839    design_1_i/axi_mem_intercon/m00_couplers/auto_pc/inst/gen_axi4_axi3.axi3_conv_inst/USE_WRITE.write_addr_inst/USE_BURSTS.cmd_queue/inst/fifo_gen_inst/inst_fifo_gen/gconvfifo.rf/grf.rf/rstblk/ngwrdrst.grst.g7serrst.gnsckt_wrst.rst_wr_reg2_inst/dest_clk
    SLICE_X0Y49          FDPE                                         r  design_1_i/axi_mem_intercon/m00_couplers/auto_pc/inst/gen_axi4_axi3.axi3_conv_inst/USE_WRITE.write_addr_inst/USE_BURSTS.cmd_queue/inst/fifo_gen_inst/inst_fifo_gen/gconvfifo.rf/grf.rf/rstblk/ngwrdrst.grst.g7serrst.gnsckt_wrst.rst_wr_reg2_inst/arststages_ff_reg[1]/C





Min Delay Paths
--------------------------------------------------------------------------------------
Slack:                    inf
  Source:                 design_1_i/rst_ps7_0_50M/U0/ACTIVE_LOW_PR_OUT_DFF[0].FDRE_PER_N/C
                            (rising edge-triggered cell FDRE clocked by clk_fpga_0  {rise@0.000ns fall@8.000ns period=16.000ns})
  Destination:            design_1_i/axi_mem_intercon/m00_couplers/auto_pc/inst/gen_axi4_axi3.axi3_conv_inst/USE_WRITE.write_addr_inst/USE_BURSTS.cmd_queue/inst/fifo_gen_inst/inst_fifo_gen/gconvfifo.rf/grf.rf/rstblk/ngwrdrst.grst.g7serrst.gnsckt_wrst.rst_wr_reg2_inst/arststages_ff_reg[0]/PRE
                            (removal check against rising-edge clock clk_fpga_0  {rise@0.000ns fall@8.000ns period=16.000ns})
  Path Group:             (none)
  Path Type:              Removal (Min at Fast Process Corner)
  Data Path Delay:        2.268ns  (logic 0.186ns (8.200%)  route 2.082ns (91.800%))
  Logic Levels:           1  (LUT1=1)
  Clock Path Skew:        0.308ns (DCD - SCD - CPR)
    Destination Clock Delay (DCD):    1.262ns
    Source Clock Delay      (SCD):    0.955ns
    Clock Pessimism Removal (CPR):    -0.000ns
  Clock Uncertainty:      0.243ns  ((TSJ^2 + TIJ^2)^1/2 + DJ) / 2 + PE
    Total System Jitter     (TSJ):    0.071ns
    Total Input Jitter      (TIJ):    0.480ns
    Discrete Jitter          (DJ):    0.000ns
    Phase Error              (PE):    0.000ns
  Timing Exception:       False Path

    Location             Delay type                Incr(ns)  Path(ns)    Netlist Resource(s)
  -------------------------------------------------------------------    -------------------
                         (clock clk_fpga_0 rise edge)
                                                      0.000     0.000 r  
    PS7_X0Y0             PS7                          0.000     0.000 r  design_1_i/processing_system7_0/inst/PS7_i/FCLKCLK[0]
                         net (fo=1, routed)           0.310     0.310    design_1_i/processing_system7_0/inst/FCLK_CLK_unbuffered[0]
    BUFGCTRL_X0Y16                                                    r  design_1_i/processing_system7_0/inst/buffer_fclk_clk_0.FCLK_CLK_0_BUFG/I
    BUFGCTRL_X0Y16       BUFG (Prop_bufg_I_O)         0.026     0.336 r  design_1_i/processing_system7_0/inst/buffer_fclk_clk_0.FCLK_CLK_0_BUFG/O
                         net (fo=38067, routed)       0.619     0.955    design_1_i/rst_ps7_0_50M/U0/slowest_sync_clk
    SLICE_X1Y17          FDRE                                         r  design_1_i/rst_ps7_0_50M/U0/ACTIVE_LOW_PR_OUT_DFF[0].FDRE_PER_N/C
  -------------------------------------------------------------------    -------------------
    SLICE_X1Y17          FDRE (Prop_fdre_C_Q)         0.141     1.096 r  design_1_i/rst_ps7_0_50M/U0/ACTIVE_LOW_PR_OUT_DFF[0].FDRE_PER_N/Q
                         net (fo=140, routed)         1.844     2.940    design_1_i/axi_mem_intercon/m00_couplers/auto_pc/inst/gen_axi4_axi3.axi3_conv_inst/USE_WRITE.write_addr_inst/USE_BURSTS.cmd_queue/inst/aresetn
    SLICE_X2Y47                                                       r  design_1_i/axi_mem_intercon/m00_couplers/auto_pc/inst/gen_axi4_axi3.axi3_conv_inst/USE_WRITE.write_addr_inst/USE_BURSTS.cmd_queue/inst/S_AXI_AREADY_I_i_1/I0
    SLICE_X2Y47          LUT1 (Prop_lut1_I0_O)        0.045     2.985 f  design_1_i/axi_mem_intercon/m00_couplers/auto_pc/inst/gen_axi4_axi3.axi3_conv_inst/USE_WRITE.write_addr_inst/USE_BURSTS.cmd_queue/inst/S_AXI_AREADY_I_i_1/O
                         net (fo=192, routed)         0.238     3.223    design_1_i/axi_mem_intercon/m00_couplers/auto_pc/inst/gen_axi4_axi3.axi3_conv_inst/USE_WRITE.write_addr_inst/USE_BURSTS.cmd_queue/inst/fifo_gen_inst/inst_fifo_gen/gconvfifo.rf/grf.rf/rstblk/ngwrdrst.grst.g7serrst.gnsckt_wrst.rst_wr_reg2_inst/src_arst
    SLICE_X0Y49          FDPE                                         f  design_1_i/axi_mem_intercon/m00_couplers/auto_pc/inst/gen_axi4_axi3.axi3_conv_inst/USE_WRITE.write_addr_inst/USE_BURSTS.cmd_queue/inst/fifo_gen_inst/inst_fifo_gen/gconvfifo.rf/grf.rf/rstblk/ngwrdrst.grst.g7serrst.gnsckt_wrst.rst_wr_reg2_inst/arststages_ff_reg[0]/PRE
  -------------------------------------------------------------------    -------------------

                         (clock clk_fpga_0 rise edge)
                                                      0.000     0.000 r  
    PS7_X0Y0             PS7                          0.000     0.000 r  design_1_i/processing_system7_0/inst/PS7_i/FCLKCLK[0]
                         net (fo=1, routed)           0.337     0.337    design_1_i/processing_system7_0/inst/FCLK_CLK_unbuffered[0]
    BUFGCTRL_X0Y16                                                    r  design_1_i/processing_system7_0/inst/buffer_fclk_clk_0.FCLK_CLK_0_BUFG/I
    BUFGCTRL_X0Y16       BUFG (Prop_bufg_I_O)         0.029     0.366 r  design_1_i/processing_system7_0/inst/buffer_fclk_clk_0.FCLK_CLK_0_BUFG/O
                         net (fo=38067, routed)       0.896     1.262    design_1_i/axi_mem_intercon/m00_couplers/auto_pc/inst/gen_axi4_axi3.axi3_conv_inst/USE_WRITE.write_addr_inst/USE_BURSTS.cmd_queue/inst/fifo_gen_inst/inst_fifo_gen/gconvfifo.rf/grf.rf/rstblk/ngwrdrst.grst.g7serrst.gnsckt_wrst.rst_wr_reg2_inst/dest_clk
    SLICE_X0Y49          FDPE                                         r  design_1_i/axi_mem_intercon/m00_couplers/auto_pc/inst/gen_axi4_axi3.axi3_conv_inst/USE_WRITE.write_addr_inst/USE_BURSTS.cmd_queue/inst/fifo_gen_inst/inst_fifo_gen/gconvfifo.rf/grf.rf/rstblk/ngwrdrst.grst.g7serrst.gnsckt_wrst.rst_wr_reg2_inst/arststages_ff_reg[0]/C

Slack:                    inf
  Source:                 design_1_i/rst_ps7_0_50M/U0/ACTIVE_LOW_PR_OUT_DFF[0].FDRE_PER_N/C
                            (rising edge-triggered cell FDRE clocked by clk_fpga_0  {rise@0.000ns fall@8.000ns period=16.000ns})
  Destination:            design_1_i/axi_mem_intercon/m00_couplers/auto_pc/inst/gen_axi4_axi3.axi3_conv_inst/USE_WRITE.write_addr_inst/USE_BURSTS.cmd_queue/inst/fifo_gen_inst/inst_fifo_gen/gconvfifo.rf/grf.rf/rstblk/ngwrdrst.grst.g7serrst.gnsckt_wrst.rst_wr_reg2_inst/arststages_ff_reg[1]/PRE
                            (removal check against rising-edge clock clk_fpga_0  {rise@0.000ns fall@8.000ns period=16.000ns})
  Path Group:             (none)
  Path Type:              Removal (Min at Fast Process Corner)
  Data Path Delay:        2.268ns  (logic 0.186ns (8.200%)  route 2.082ns (91.800%))
  Logic Levels:           1  (LUT1=1)
  Clock Path Skew:        0.308ns (DCD - SCD - CPR)
    Destination Clock Delay (DCD):    1.262ns
    Source Clock Delay      (SCD):    0.955ns
    Clock Pessimism Removal (CPR):    -0.000ns
  Clock Uncertainty:      0.243ns  ((TSJ^2 + TIJ^2)^1/2 + DJ) / 2 + PE
    Total System Jitter     (TSJ):    0.071ns
    Total Input Jitter      (TIJ):    0.480ns
    Discrete Jitter          (DJ):    0.000ns
    Phase Error              (PE):    0.000ns
  Timing Exception:       False Path

    Location             Delay type                Incr(ns)  Path(ns)    Netlist Resource(s)
  -------------------------------------------------------------------    -------------------
                         (clock clk_fpga_0 rise edge)
                                                      0.000     0.000 r  
    PS7_X0Y0             PS7                          0.000     0.000 r  design_1_i/processing_system7_0/inst/PS7_i/FCLKCLK[0]
                         net (fo=1, routed)           0.310     0.310    design_1_i/processing_system7_0/inst/FCLK_CLK_unbuffered[0]
    BUFGCTRL_X0Y16                                                    r  design_1_i/processing_system7_0/inst/buffer_fclk_clk_0.FCLK_CLK_0_BUFG/I
    BUFGCTRL_X0Y16       BUFG (Prop_bufg_I_O)         0.026     0.336 r  design_1_i/processing_system7_0/inst/buffer_fclk_clk_0.FCLK_CLK_0_BUFG/O
                         net (fo=38067, routed)       0.619     0.955    design_1_i/rst_ps7_0_50M/U0/slowest_sync_clk
    SLICE_X1Y17          FDRE                                         r  design_1_i/rst_ps7_0_50M/U0/ACTIVE_LOW_PR_OUT_DFF[0].FDRE_PER_N/C
  -------------------------------------------------------------------    -------------------
    SLICE_X1Y17          FDRE (Prop_fdre_C_Q)         0.141     1.096 r  design_1_i/rst_ps7_0_50M/U0/ACTIVE_LOW_PR_OUT_DFF[0].FDRE_PER_N/Q
                         net (fo=140, routed)         1.844     2.940    design_1_i/axi_mem_intercon/m00_couplers/auto_pc/inst/gen_axi4_axi3.axi3_conv_inst/USE_WRITE.write_addr_inst/USE_BURSTS.cmd_queue/inst/aresetn
    SLICE_X2Y47                                                       r  design_1_i/axi_mem_intercon/m00_couplers/auto_pc/inst/gen_axi4_axi3.axi3_conv_inst/USE_WRITE.write_addr_inst/USE_BURSTS.cmd_queue/inst/S_AXI_AREADY_I_i_1/I0
    SLICE_X2Y47          LUT1 (Prop_lut1_I0_O)        0.045     2.985 f  design_1_i/axi_mem_intercon/m00_couplers/auto_pc/inst/gen_axi4_axi3.axi3_conv_inst/USE_WRITE.write_addr_inst/USE_BURSTS.cmd_queue/inst/S_AXI_AREADY_I_i_1/O
                         net (fo=192, routed)         0.238     3.223    design_1_i/axi_mem_intercon/m00_couplers/auto_pc/inst/gen_axi4_axi3.axi3_conv_inst/USE_WRITE.write_addr_inst/USE_BURSTS.cmd_queue/inst/fifo_gen_inst/inst_fifo_gen/gconvfifo.rf/grf.rf/rstblk/ngwrdrst.grst.g7serrst.gnsckt_wrst.rst_wr_reg2_inst/src_arst
    SLICE_X0Y49          FDPE                                         f  design_1_i/axi_mem_intercon/m00_couplers/auto_pc/inst/gen_axi4_axi3.axi3_conv_inst/USE_WRITE.write_addr_inst/USE_BURSTS.cmd_queue/inst/fifo_gen_inst/inst_fifo_gen/gconvfifo.rf/grf.rf/rstblk/ngwrdrst.grst.g7serrst.gnsckt_wrst.rst_wr_reg2_inst/arststages_ff_reg[1]/PRE
  -------------------------------------------------------------------    -------------------

                         (clock clk_fpga_0 rise edge)
                                                      0.000     0.000 r  
    PS7_X0Y0             PS7                          0.000     0.000 r  design_1_i/processing_system7_0/inst/PS7_i/FCLKCLK[0]
                         net (fo=1, routed)           0.337     0.337    design_1_i/processing_system7_0/inst/FCLK_CLK_unbuffered[0]
    BUFGCTRL_X0Y16                                                    r  design_1_i/processing_system7_0/inst/buffer_fclk_clk_0.FCLK_CLK_0_BUFG/I
    BUFGCTRL_X0Y16       BUFG (Prop_bufg_I_O)         0.029     0.366 r  design_1_i/processing_system7_0/inst/buffer_fclk_clk_0.FCLK_CLK_0_BUFG/O
                         net (fo=38067, routed)       0.896     1.262    design_1_i/axi_mem_intercon/m00_couplers/auto_pc/inst/gen_axi4_axi3.axi3_conv_inst/USE_WRITE.write_addr_inst/USE_BURSTS.cmd_queue/inst/fifo_gen_inst/inst_fifo_gen/gconvfifo.rf/grf.rf/rstblk/ngwrdrst.grst.g7serrst.gnsckt_wrst.rst_wr_reg2_inst/dest_clk
    SLICE_X0Y49          FDPE                                         r  design_1_i/axi_mem_intercon/m00_couplers/auto_pc/inst/gen_axi4_axi3.axi3_conv_inst/USE_WRITE.write_addr_inst/USE_BURSTS.cmd_queue/inst/fifo_gen_inst/inst_fifo_gen/gconvfifo.rf/grf.rf/rstblk/ngwrdrst.grst.g7serrst.gnsckt_wrst.rst_wr_reg2_inst/arststages_ff_reg[1]/C

Slack:                    inf
  Source:                 design_1_i/rst_ps7_0_50M/U0/ACTIVE_LOW_PR_OUT_DFF[0].FDRE_PER_N/C
                            (rising edge-triggered cell FDRE clocked by clk_fpga_0  {rise@0.000ns fall@8.000ns period=16.000ns})
  Destination:            design_1_i/axi_mem_intercon/m00_couplers/auto_pc/inst/gen_axi4_axi3.axi3_conv_inst/USE_READ.USE_SPLIT_R.read_addr_inst/USE_R_CHANNEL.cmd_queue/inst/fifo_gen_inst/inst_fifo_gen/gconvfifo.rf/grf.rf/rstblk/ngwrdrst.grst.g7serrst.gnsckt_wrst.rst_wr_reg2_inst/arststages_ff_reg[0]/PRE
                            (removal check against rising-edge clock clk_fpga_0  {rise@0.000ns fall@8.000ns period=16.000ns})
  Path Group:             (none)
  Path Type:              Removal (Min at Fast Process Corner)
  Data Path Delay:        2.545ns  (logic 0.186ns (7.310%)  route 2.359ns (92.690%))
  Logic Levels:           1  (LUT1=1)
  Clock Path Skew:        0.306ns (DCD - SCD - CPR)
    Destination Clock Delay (DCD):    1.261ns
    Source Clock Delay      (SCD):    0.955ns
    Clock Pessimism Removal (CPR):    -0.000ns
  Clock Uncertainty:      0.243ns  ((TSJ^2 + TIJ^2)^1/2 + DJ) / 2 + PE
    Total System Jitter     (TSJ):    0.071ns
    Total Input Jitter      (TIJ):    0.480ns
    Discrete Jitter          (DJ):    0.000ns
    Phase Error              (PE):    0.000ns
  Timing Exception:       False Path

    Location             Delay type                Incr(ns)  Path(ns)    Netlist Resource(s)
  -------------------------------------------------------------------    -------------------
                         (clock clk_fpga_0 rise edge)
                                                      0.000     0.000 r  
    PS7_X0Y0             PS7                          0.000     0.000 r  design_1_i/processing_system7_0/inst/PS7_i/FCLKCLK[0]
                         net (fo=1, routed)           0.310     0.310    design_1_i/processing_system7_0/inst/FCLK_CLK_unbuffered[0]
    BUFGCTRL_X0Y16                                                    r  design_1_i/processing_system7_0/inst/buffer_fclk_clk_0.FCLK_CLK_0_BUFG/I
    BUFGCTRL_X0Y16       BUFG (Prop_bufg_I_O)         0.026     0.336 r  design_1_i/processing_system7_0/inst/buffer_fclk_clk_0.FCLK_CLK_0_BUFG/O
                         net (fo=38067, routed)       0.619     0.955    design_1_i/rst_ps7_0_50M/U0/slowest_sync_clk
    SLICE_X1Y17          FDRE                                         r  design_1_i/rst_ps7_0_50M/U0/ACTIVE_LOW_PR_OUT_DFF[0].FDRE_PER_N/C
  -------------------------------------------------------------------    -------------------
    SLICE_X1Y17          FDRE (Prop_fdre_C_Q)         0.141     1.096 r  design_1_i/rst_ps7_0_50M/U0/ACTIVE_LOW_PR_OUT_DFF[0].FDRE_PER_N/Q
                         net (fo=140, routed)         1.844     2.940    design_1_i/axi_mem_intercon/m00_couplers/auto_pc/inst/gen_axi4_axi3.axi3_conv_inst/USE_WRITE.write_addr_inst/USE_BURSTS.cmd_queue/inst/aresetn
    SLICE_X2Y47                                                       r  design_1_i/axi_mem_intercon/m00_couplers/auto_pc/inst/gen_axi4_axi3.axi3_conv_inst/USE_WRITE.write_addr_inst/USE_BURSTS.cmd_queue/inst/S_AXI_AREADY_I_i_1/I0
    SLICE_X2Y47          LUT1 (Prop_lut1_I0_O)        0.045     2.985 f  design_1_i/axi_mem_intercon/m00_couplers/auto_pc/inst/gen_axi4_axi3.axi3_conv_inst/USE_WRITE.write_addr_inst/USE_BURSTS.cmd_queue/inst/S_AXI_AREADY_I_i_1/O
                         net (fo=192, routed)         0.515     3.499    design_1_i/axi_mem_intercon/m00_couplers/auto_pc/inst/gen_axi4_axi3.axi3_conv_inst/USE_READ.USE_SPLIT_R.read_addr_inst/USE_R_CHANNEL.cmd_queue/inst/fifo_gen_inst/inst_fifo_gen/gconvfifo.rf/grf.rf/rstblk/ngwrdrst.grst.g7serrst.gnsckt_wrst.rst_wr_reg2_inst/src_arst
    SLICE_X1Y46          FDPE                                         f  design_1_i/axi_mem_intercon/m00_couplers/auto_pc/inst/gen_axi4_axi3.axi3_conv_inst/USE_READ.USE_SPLIT_R.read_addr_inst/USE_R_CHANNEL.cmd_queue/inst/fifo_gen_inst/inst_fifo_gen/gconvfifo.rf/grf.rf/rstblk/ngwrdrst.grst.g7serrst.gnsckt_wrst.rst_wr_reg2_inst/arststages_ff_reg[0]/PRE
  -------------------------------------------------------------------    -------------------

                         (clock clk_fpga_0 rise edge)
                                                      0.000     0.000 r  
    PS7_X0Y0             PS7                          0.000     0.000 r  design_1_i/processing_system7_0/inst/PS7_i/FCLKCLK[0]
                         net (fo=1, routed)           0.337     0.337    design_1_i/processing_system7_0/inst/FCLK_CLK_unbuffered[0]
    BUFGCTRL_X0Y16                                                    r  design_1_i/processing_system7_0/inst/buffer_fclk_clk_0.FCLK_CLK_0_BUFG/I
    BUFGCTRL_X0Y16       BUFG (Prop_bufg_I_O)         0.029     0.366 r  design_1_i/processing_system7_0/inst/buffer_fclk_clk_0.FCLK_CLK_0_BUFG/O
                         net (fo=38067, routed)       0.895     1.261    design_1_i/axi_mem_intercon/m00_couplers/auto_pc/inst/gen_axi4_axi3.axi3_conv_inst/USE_READ.USE_SPLIT_R.read_addr_inst/USE_R_CHANNEL.cmd_queue/inst/fifo_gen_inst/inst_fifo_gen/gconvfifo.rf/grf.rf/rstblk/ngwrdrst.grst.g7serrst.gnsckt_wrst.rst_wr_reg2_inst/dest_clk
    SLICE_X1Y46          FDPE                                         r  design_1_i/axi_mem_intercon/m00_couplers/auto_pc/inst/gen_axi4_axi3.axi3_conv_inst/USE_READ.USE_SPLIT_R.read_addr_inst/USE_R_CHANNEL.cmd_queue/inst/fifo_gen_inst/inst_fifo_gen/gconvfifo.rf/grf.rf/rstblk/ngwrdrst.grst.g7serrst.gnsckt_wrst.rst_wr_reg2_inst/arststages_ff_reg[0]/C

Slack:                    inf
  Source:                 design_1_i/rst_ps7_0_50M/U0/ACTIVE_LOW_PR_OUT_DFF[0].FDRE_PER_N/C
                            (rising edge-triggered cell FDRE clocked by clk_fpga_0  {rise@0.000ns fall@8.000ns period=16.000ns})
  Destination:            design_1_i/axi_mem_intercon/m00_couplers/auto_pc/inst/gen_axi4_axi3.axi3_conv_inst/USE_READ.USE_SPLIT_R.read_addr_inst/USE_R_CHANNEL.cmd_queue/inst/fifo_gen_inst/inst_fifo_gen/gconvfifo.rf/grf.rf/rstblk/ngwrdrst.grst.g7serrst.gnsckt_wrst.rst_wr_reg2_inst/arststages_ff_reg[1]/PRE
                            (removal check against rising-edge clock clk_fpga_0  {rise@0.000ns fall@8.000ns period=16.000ns})
  Path Group:             (none)
  Path Type:              Removal (Min at Fast Process Corner)
  Data Path Delay:        2.545ns  (logic 0.186ns (7.310%)  route 2.359ns (92.690%))
  Logic Levels:           1  (LUT1=1)
  Clock Path Skew:        0.306ns (DCD - SCD - CPR)
    Destination Clock Delay (DCD):    1.261ns
    Source Clock Delay      (SCD):    0.955ns
    Clock Pessimism Removal (CPR):    -0.000ns
  Clock Uncertainty:      0.243ns  ((TSJ^2 + TIJ^2)^1/2 + DJ) / 2 + PE
    Total System Jitter     (TSJ):    0.071ns
    Total Input Jitter      (TIJ):    0.480ns
    Discrete Jitter          (DJ):    0.000ns
    Phase Error              (PE):    0.000ns
  Timing Exception:       False Path

    Location             Delay type                Incr(ns)  Path(ns)    Netlist Resource(s)
  -------------------------------------------------------------------    -------------------
                         (clock clk_fpga_0 rise edge)
                                                      0.000     0.000 r  
    PS7_X0Y0             PS7                          0.000     0.000 r  design_1_i/processing_system7_0/inst/PS7_i/FCLKCLK[0]
                         net (fo=1, routed)           0.310     0.310    design_1_i/processing_system7_0/inst/FCLK_CLK_unbuffered[0]
    BUFGCTRL_X0Y16                                                    r  design_1_i/processing_system7_0/inst/buffer_fclk_clk_0.FCLK_CLK_0_BUFG/I
    BUFGCTRL_X0Y16       BUFG (Prop_bufg_I_O)         0.026     0.336 r  design_1_i/processing_system7_0/inst/buffer_fclk_clk_0.FCLK_CLK_0_BUFG/O
                         net (fo=38067, routed)       0.619     0.955    design_1_i/rst_ps7_0_50M/U0/slowest_sync_clk
    SLICE_X1Y17          FDRE                                         r  design_1_i/rst_ps7_0_50M/U0/ACTIVE_LOW_PR_OUT_DFF[0].FDRE_PER_N/C
  -------------------------------------------------------------------    -------------------
    SLICE_X1Y17          FDRE (Prop_fdre_C_Q)         0.141     1.096 r  design_1_i/rst_ps7_0_50M/U0/ACTIVE_LOW_PR_OUT_DFF[0].FDRE_PER_N/Q
                         net (fo=140, routed)         1.844     2.940    design_1_i/axi_mem_intercon/m00_couplers/auto_pc/inst/gen_axi4_axi3.axi3_conv_inst/USE_WRITE.write_addr_inst/USE_BURSTS.cmd_queue/inst/aresetn
    SLICE_X2Y47                                                       r  design_1_i/axi_mem_intercon/m00_couplers/auto_pc/inst/gen_axi4_axi3.axi3_conv_inst/USE_WRITE.write_addr_inst/USE_BURSTS.cmd_queue/inst/S_AXI_AREADY_I_i_1/I0
    SLICE_X2Y47          LUT1 (Prop_lut1_I0_O)        0.045     2.985 f  design_1_i/axi_mem_intercon/m00_couplers/auto_pc/inst/gen_axi4_axi3.axi3_conv_inst/USE_WRITE.write_addr_inst/USE_BURSTS.cmd_queue/inst/S_AXI_AREADY_I_i_1/O
                         net (fo=192, routed)         0.515     3.499    design_1_i/axi_mem_intercon/m00_couplers/auto_pc/inst/gen_axi4_axi3.axi3_conv_inst/USE_READ.USE_SPLIT_R.read_addr_inst/USE_R_CHANNEL.cmd_queue/inst/fifo_gen_inst/inst_fifo_gen/gconvfifo.rf/grf.rf/rstblk/ngwrdrst.grst.g7serrst.gnsckt_wrst.rst_wr_reg2_inst/src_arst
    SLICE_X1Y46          FDPE                                         f  design_1_i/axi_mem_intercon/m00_couplers/auto_pc/inst/gen_axi4_axi3.axi3_conv_inst/USE_READ.USE_SPLIT_R.read_addr_inst/USE_R_CHANNEL.cmd_queue/inst/fifo_gen_inst/inst_fifo_gen/gconvfifo.rf/grf.rf/rstblk/ngwrdrst.grst.g7serrst.gnsckt_wrst.rst_wr_reg2_inst/arststages_ff_reg[1]/PRE
  -------------------------------------------------------------------    -------------------

                         (clock clk_fpga_0 rise edge)
                                                      0.000     0.000 r  
    PS7_X0Y0             PS7                          0.000     0.000 r  design_1_i/processing_system7_0/inst/PS7_i/FCLKCLK[0]
                         net (fo=1, routed)           0.337     0.337    design_1_i/processing_system7_0/inst/FCLK_CLK_unbuffered[0]
    BUFGCTRL_X0Y16                                                    r  design_1_i/processing_system7_0/inst/buffer_fclk_clk_0.FCLK_CLK_0_BUFG/I
    BUFGCTRL_X0Y16       BUFG (Prop_bufg_I_O)         0.029     0.366 r  design_1_i/processing_system7_0/inst/buffer_fclk_clk_0.FCLK_CLK_0_BUFG/O
                         net (fo=38067, routed)       0.895     1.261    design_1_i/axi_mem_intercon/m00_couplers/auto_pc/inst/gen_axi4_axi3.axi3_conv_inst/USE_READ.USE_SPLIT_R.read_addr_inst/USE_R_CHANNEL.cmd_queue/inst/fifo_gen_inst/inst_fifo_gen/gconvfifo.rf/grf.rf/rstblk/ngwrdrst.grst.g7serrst.gnsckt_wrst.rst_wr_reg2_inst/dest_clk
    SLICE_X1Y46          FDPE                                         r  design_1_i/axi_mem_intercon/m00_couplers/auto_pc/inst/gen_axi4_axi3.axi3_conv_inst/USE_READ.USE_SPLIT_R.read_addr_inst/USE_R_CHANNEL.cmd_queue/inst/fifo_gen_inst/inst_fifo_gen/gconvfifo.rf/grf.rf/rstblk/ngwrdrst.grst.g7serrst.gnsckt_wrst.rst_wr_reg2_inst/arststages_ff_reg[1]/C

Slack:                    inf
  Source:                 design_1_i/rst_ps7_0_50M/U0/ACTIVE_LOW_PR_OUT_DFF[0].FDRE_PER_N/C
                            (rising edge-triggered cell FDRE clocked by clk_fpga_0  {rise@0.000ns fall@8.000ns period=16.000ns})
  Destination:            design_1_i/axi_mem_intercon/m00_couplers/auto_pc/inst/gen_axi4_axi3.axi3_conv_inst/USE_WRITE.write_addr_inst/USE_B_CHANNEL.cmd_b_queue/inst/fifo_gen_inst/inst_fifo_gen/gconvfifo.rf/grf.rf/rstblk/ngwrdrst.grst.g7serrst.gnsckt_wrst.rst_wr_reg2_inst/arststages_ff_reg[0]/PRE
                            (removal check against rising-edge clock clk_fpga_0  {rise@0.000ns fall@8.000ns period=16.000ns})
  Path Group:             (none)
  Path Type:              Removal (Min at Fast Process Corner)
  Data Path Delay:        2.545ns  (logic 0.186ns (7.310%)  route 2.359ns (92.690%))
  Logic Levels:           1  (LUT1=1)
  Clock Path Skew:        0.306ns (DCD - SCD - CPR)
    Destination Clock Delay (DCD):    1.261ns
    Source Clock Delay      (SCD):    0.955ns
    Clock Pessimism Removal (CPR):    -0.000ns
  Clock Uncertainty:      0.243ns  ((TSJ^2 + TIJ^2)^1/2 + DJ) / 2 + PE
    Total System Jitter     (TSJ):    0.071ns
    Total Input Jitter      (TIJ):    0.480ns
    Discrete Jitter          (DJ):    0.000ns
    Phase Error              (PE):    0.000ns
  Timing Exception:       False Path

    Location             Delay type                Incr(ns)  Path(ns)    Netlist Resource(s)
  -------------------------------------------------------------------    -------------------
                         (clock clk_fpga_0 rise edge)
                                                      0.000     0.000 r  
    PS7_X0Y0             PS7                          0.000     0.000 r  design_1_i/processing_system7_0/inst/PS7_i/FCLKCLK[0]
                         net (fo=1, routed)           0.310     0.310    design_1_i/processing_system7_0/inst/FCLK_CLK_unbuffered[0]
    BUFGCTRL_X0Y16                                                    r  design_1_i/processing_system7_0/inst/buffer_fclk_clk_0.FCLK_CLK_0_BUFG/I
    BUFGCTRL_X0Y16       BUFG (Prop_bufg_I_O)         0.026     0.336 r  design_1_i/processing_system7_0/inst/buffer_fclk_clk_0.FCLK_CLK_0_BUFG/O
                         net (fo=38067, routed)       0.619     0.955    design_1_i/rst_ps7_0_50M/U0/slowest_sync_clk
    SLICE_X1Y17          FDRE                                         r  design_1_i/rst_ps7_0_50M/U0/ACTIVE_LOW_PR_OUT_DFF[0].FDRE_PER_N/C
  -------------------------------------------------------------------    -------------------
    SLICE_X1Y17          FDRE (Prop_fdre_C_Q)         0.141     1.096 r  design_1_i/rst_ps7_0_50M/U0/ACTIVE_LOW_PR_OUT_DFF[0].FDRE_PER_N/Q
                         net (fo=140, routed)         1.844     2.940    design_1_i/axi_mem_intercon/m00_couplers/auto_pc/inst/gen_axi4_axi3.axi3_conv_inst/USE_WRITE.write_addr_inst/USE_BURSTS.cmd_queue/inst/aresetn
    SLICE_X2Y47                                                       r  design_1_i/axi_mem_intercon/m00_couplers/auto_pc/inst/gen_axi4_axi3.axi3_conv_inst/USE_WRITE.write_addr_inst/USE_BURSTS.cmd_queue/inst/S_AXI_AREADY_I_i_1/I0
    SLICE_X2Y47          LUT1 (Prop_lut1_I0_O)        0.045     2.985 f  design_1_i/axi_mem_intercon/m00_couplers/auto_pc/inst/gen_axi4_axi3.axi3_conv_inst/USE_WRITE.write_addr_inst/USE_BURSTS.cmd_queue/inst/S_AXI_AREADY_I_i_1/O
                         net (fo=192, routed)         0.515     3.499    design_1_i/axi_mem_intercon/m00_couplers/auto_pc/inst/gen_axi4_axi3.axi3_conv_inst/USE_WRITE.write_addr_inst/USE_B_CHANNEL.cmd_b_queue/inst/fifo_gen_inst/inst_fifo_gen/gconvfifo.rf/grf.rf/rstblk/ngwrdrst.grst.g7serrst.gnsckt_wrst.rst_wr_reg2_inst/src_arst
    SLICE_X1Y46          FDPE                                         f  design_1_i/axi_mem_intercon/m00_couplers/auto_pc/inst/gen_axi4_axi3.axi3_conv_inst/USE_WRITE.write_addr_inst/USE_B_CHANNEL.cmd_b_queue/inst/fifo_gen_inst/inst_fifo_gen/gconvfifo.rf/grf.rf/rstblk/ngwrdrst.grst.g7serrst.gnsckt_wrst.rst_wr_reg2_inst/arststages_ff_reg[0]/PRE
  -------------------------------------------------------------------    -------------------

                         (clock clk_fpga_0 rise edge)
                                                      0.000     0.000 r  
    PS7_X0Y0             PS7                          0.000     0.000 r  design_1_i/processing_system7_0/inst/PS7_i/FCLKCLK[0]
                         net (fo=1, routed)           0.337     0.337    design_1_i/processing_system7_0/inst/FCLK_CLK_unbuffered[0]
    BUFGCTRL_X0Y16                                                    r  design_1_i/processing_system7_0/inst/buffer_fclk_clk_0.FCLK_CLK_0_BUFG/I
    BUFGCTRL_X0Y16       BUFG (Prop_bufg_I_O)         0.029     0.366 r  design_1_i/processing_system7_0/inst/buffer_fclk_clk_0.FCLK_CLK_0_BUFG/O
                         net (fo=38067, routed)       0.895     1.261    design_1_i/axi_mem_intercon/m00_couplers/auto_pc/inst/gen_axi4_axi3.axi3_conv_inst/USE_WRITE.write_addr_inst/USE_B_CHANNEL.cmd_b_queue/inst/fifo_gen_inst/inst_fifo_gen/gconvfifo.rf/grf.rf/rstblk/ngwrdrst.grst.g7serrst.gnsckt_wrst.rst_wr_reg2_inst/dest_clk
    SLICE_X1Y46          FDPE                                         r  design_1_i/axi_mem_intercon/m00_couplers/auto_pc/inst/gen_axi4_axi3.axi3_conv_inst/USE_WRITE.write_addr_inst/USE_B_CHANNEL.cmd_b_queue/inst/fifo_gen_inst/inst_fifo_gen/gconvfifo.rf/grf.rf/rstblk/ngwrdrst.grst.g7serrst.gnsckt_wrst.rst_wr_reg2_inst/arststages_ff_reg[0]/C

Slack:                    inf
  Source:                 design_1_i/rst_ps7_0_50M/U0/ACTIVE_LOW_PR_OUT_DFF[0].FDRE_PER_N/C
                            (rising edge-triggered cell FDRE clocked by clk_fpga_0  {rise@0.000ns fall@8.000ns period=16.000ns})
  Destination:            design_1_i/axi_mem_intercon/m00_couplers/auto_pc/inst/gen_axi4_axi3.axi3_conv_inst/USE_WRITE.write_addr_inst/USE_B_CHANNEL.cmd_b_queue/inst/fifo_gen_inst/inst_fifo_gen/gconvfifo.rf/grf.rf/rstblk/ngwrdrst.grst.g7serrst.gnsckt_wrst.rst_wr_reg2_inst/arststages_ff_reg[1]/PRE
                            (removal check against rising-edge clock clk_fpga_0  {rise@0.000ns fall@8.000ns period=16.000ns})
  Path Group:             (none)
  Path Type:              Removal (Min at Fast Process Corner)
  Data Path Delay:        2.545ns  (logic 0.186ns (7.310%)  route 2.359ns (92.690%))
  Logic Levels:           1  (LUT1=1)
  Clock Path Skew:        0.306ns (DCD - SCD - CPR)
    Destination Clock Delay (DCD):    1.261ns
    Source Clock Delay      (SCD):    0.955ns
    Clock Pessimism Removal (CPR):    -0.000ns
  Clock Uncertainty:      0.243ns  ((TSJ^2 + TIJ^2)^1/2 + DJ) / 2 + PE
    Total System Jitter     (TSJ):    0.071ns
    Total Input Jitter      (TIJ):    0.480ns
    Discrete Jitter          (DJ):    0.000ns
    Phase Error              (PE):    0.000ns
  Timing Exception:       False Path

    Location             Delay type                Incr(ns)  Path(ns)    Netlist Resource(s)
  -------------------------------------------------------------------    -------------------
                         (clock clk_fpga_0 rise edge)
                                                      0.000     0.000 r  
    PS7_X0Y0             PS7                          0.000     0.000 r  design_1_i/processing_system7_0/inst/PS7_i/FCLKCLK[0]
                         net (fo=1, routed)           0.310     0.310    design_1_i/processing_system7_0/inst/FCLK_CLK_unbuffered[0]
    BUFGCTRL_X0Y16                                                    r  design_1_i/processing_system7_0/inst/buffer_fclk_clk_0.FCLK_CLK_0_BUFG/I
    BUFGCTRL_X0Y16       BUFG (Prop_bufg_I_O)         0.026     0.336 r  design_1_i/processing_system7_0/inst/buffer_fclk_clk_0.FCLK_CLK_0_BUFG/O
                         net (fo=38067, routed)       0.619     0.955    design_1_i/rst_ps7_0_50M/U0/slowest_sync_clk
    SLICE_X1Y17          FDRE                                         r  design_1_i/rst_ps7_0_50M/U0/ACTIVE_LOW_PR_OUT_DFF[0].FDRE_PER_N/C
  -------------------------------------------------------------------    -------------------
    SLICE_X1Y17          FDRE (Prop_fdre_C_Q)         0.141     1.096 r  design_1_i/rst_ps7_0_50M/U0/ACTIVE_LOW_PR_OUT_DFF[0].FDRE_PER_N/Q
                         net (fo=140, routed)         1.844     2.940    design_1_i/axi_mem_intercon/m00_couplers/auto_pc/inst/gen_axi4_axi3.axi3_conv_inst/USE_WRITE.write_addr_inst/USE_BURSTS.cmd_queue/inst/aresetn
    SLICE_X2Y47                                                       r  design_1_i/axi_mem_intercon/m00_couplers/auto_pc/inst/gen_axi4_axi3.axi3_conv_inst/USE_WRITE.write_addr_inst/USE_BURSTS.cmd_queue/inst/S_AXI_AREADY_I_i_1/I0
    SLICE_X2Y47          LUT1 (Prop_lut1_I0_O)        0.045     2.985 f  design_1_i/axi_mem_intercon/m00_couplers/auto_pc/inst/gen_axi4_axi3.axi3_conv_inst/USE_WRITE.write_addr_inst/USE_BURSTS.cmd_queue/inst/S_AXI_AREADY_I_i_1/O
                         net (fo=192, routed)         0.515     3.499    design_1_i/axi_mem_intercon/m00_couplers/auto_pc/inst/gen_axi4_axi3.axi3_conv_inst/USE_WRITE.write_addr_inst/USE_B_CHANNEL.cmd_b_queue/inst/fifo_gen_inst/inst_fifo_gen/gconvfifo.rf/grf.rf/rstblk/ngwrdrst.grst.g7serrst.gnsckt_wrst.rst_wr_reg2_inst/src_arst
    SLICE_X1Y46          FDPE                                         f  design_1_i/axi_mem_intercon/m00_couplers/auto_pc/inst/gen_axi4_axi3.axi3_conv_inst/USE_WRITE.write_addr_inst/USE_B_CHANNEL.cmd_b_queue/inst/fifo_gen_inst/inst_fifo_gen/gconvfifo.rf/grf.rf/rstblk/ngwrdrst.grst.g7serrst.gnsckt_wrst.rst_wr_reg2_inst/arststages_ff_reg[1]/PRE
  -------------------------------------------------------------------    -------------------

                         (clock clk_fpga_0 rise edge)
                                                      0.000     0.000 r  
    PS7_X0Y0             PS7                          0.000     0.000 r  design_1_i/processing_system7_0/inst/PS7_i/FCLKCLK[0]
                         net (fo=1, routed)           0.337     0.337    design_1_i/processing_system7_0/inst/FCLK_CLK_unbuffered[0]
    BUFGCTRL_X0Y16                                                    r  design_1_i/processing_system7_0/inst/buffer_fclk_clk_0.FCLK_CLK_0_BUFG/I
    BUFGCTRL_X0Y16       BUFG (Prop_bufg_I_O)         0.029     0.366 r  design_1_i/processing_system7_0/inst/buffer_fclk_clk_0.FCLK_CLK_0_BUFG/O
                         net (fo=38067, routed)       0.895     1.261    design_1_i/axi_mem_intercon/m00_couplers/auto_pc/inst/gen_axi4_axi3.axi3_conv_inst/USE_WRITE.write_addr_inst/USE_B_CHANNEL.cmd_b_queue/inst/fifo_gen_inst/inst_fifo_gen/gconvfifo.rf/grf.rf/rstblk/ngwrdrst.grst.g7serrst.gnsckt_wrst.rst_wr_reg2_inst/dest_clk
    SLICE_X1Y46          FDPE                                         r  design_1_i/axi_mem_intercon/m00_couplers/auto_pc/inst/gen_axi4_axi3.axi3_conv_inst/USE_WRITE.write_addr_inst/USE_B_CHANNEL.cmd_b_queue/inst/fifo_gen_inst/inst_fifo_gen/gconvfifo.rf/grf.rf/rstblk/ngwrdrst.grst.g7serrst.gnsckt_wrst.rst_wr_reg2_inst/arststages_ff_reg[1]/C





--------------------------------------------------------------------------------------
Path Group:  (none)
From Clock:  
  To Clock:  clk_fpga_0

Max Delay          1133 Endpoints
Min Delay          1133 Endpoints
--------------------------------------------------------------------------------------


Max Delay Paths
--------------------------------------------------------------------------------------
Slack:                    inf
  Source:                 design_1_i/vit_tlayer_fused_0/inst/fmul_32ns_32ns_32_3_max_dsp_1_U95/vit_transformer_layer_fused_ap_fmul_1_max_dsp_32_u/U0/i_synth/MULT.OP/i_non_prim.MULT/DSP48E1_SPD_SGL_VARIANT.FIX_MULT/DSP1/i_no_versal_es1_workaround.DSP/ACOUT[29]
                            (internal pin)
  Destination:            design_1_i/vit_tlayer_fused_0/inst/fmul_32ns_32ns_32_3_max_dsp_1_U95/vit_transformer_layer_fused_ap_fmul_1_max_dsp_32_u/U0/i_synth/MULT.OP/i_non_prim.OP/RESULT_REG.NORMAL.mant_op_reg[22]/D
                            (rising edge-triggered cell FDRE clocked by clk_fpga_0  {rise@0.000ns fall@8.000ns period=16.000ns})
  Path Group:             (none)
  Path Type:              Setup (Max at Slow Process Corner)
  Data Path Delay:        8.775ns  (logic 5.625ns (64.106%)  route 3.150ns (35.894%))
  Logic Levels:           4  (DSP48E1=2 LUT3=1 LUT6=1)
  Clock Uncertainty:      0.241ns  ((TSJ^2 + TIJ^2)^1/2 + DJ) / 2 + PE
    Total System Jitter     (TSJ):    0.050ns
    Total Input Jitter      (TIJ):    0.480ns
    Discrete Jitter          (DJ):    0.000ns
    Phase Error              (PE):    0.000ns

    Location             Delay type                Incr(ns)  Path(ns)    Netlist Resource(s)
  -------------------------------------------------------------------    -------------------
    DSP48_X2Y21          DSP48E1                      0.000     0.000 r  design_1_i/vit_tlayer_fused_0/inst/fmul_32ns_32ns_32_3_max_dsp_1_U95/vit_transformer_layer_fused_ap_fmul_1_max_dsp_32_u/U0/i_synth/MULT.OP/i_non_prim.MULT/DSP48E1_SPD_SGL_VARIANT.FIX_MULT/DSP1/i_no_versal_es1_workaround.DSP/ACOUT[29]
                         net (fo=1, routed)           0.002     0.002    design_1_i/vit_tlayer_fused_0/inst/fmul_32ns_32ns_32_3_max_dsp_1_U95/vit_transformer_layer_fused_ap_fmul_1_max_dsp_32_u/U0/i_synth/MULT.OP/i_non_prim.MULT/DSP48E1_SPD_SGL_VARIANT.FIX_MULT/DSP2/ACOUT[29]
    DSP48_X2Y22                                                       r  design_1_i/vit_tlayer_fused_0/inst/fmul_32ns_32ns_32_3_max_dsp_1_U95/vit_transformer_layer_fused_ap_fmul_1_max_dsp_32_u/U0/i_synth/MULT.OP/i_non_prim.MULT/DSP48E1_SPD_SGL_VARIANT.FIX_MULT/DSP2/i_no_versal_es1_workaround.DSP/ACIN[29]
    DSP48_X2Y22          DSP48E1 (Prop_dsp48e1_ACIN[29]_PCOUT[47])
                                                      3.833     3.835 r  design_1_i/vit_tlayer_fused_0/inst/fmul_32ns_32ns_32_3_max_dsp_1_U95/vit_transformer_layer_fused_ap_fmul_1_max_dsp_32_u/U0/i_synth/MULT.OP/i_non_prim.MULT/DSP48E1_SPD_SGL_VARIANT.FIX_MULT/DSP2/i_no_versal_es1_workaround.DSP/PCOUT[47]
                         net (fo=1, routed)           0.002     3.837    design_1_i/vit_tlayer_fused_0/inst/fmul_32ns_32ns_32_3_max_dsp_1_U95/vit_transformer_layer_fused_ap_fmul_1_max_dsp_32_u/U0/i_synth/MULT.OP/i_non_prim.R_AND_R/LAT_OPT.FULL.R_AND_R/DSP48E1_SGL_EXP_IP.OLD_ADD.ADD/RESULT_CASC[47]
    DSP48_X2Y23                                                       r  design_1_i/vit_tlayer_fused_0/inst/fmul_32ns_32ns_32_3_max_dsp_1_U95/vit_transformer_layer_fused_ap_fmul_1_max_dsp_32_u/U0/i_synth/MULT.OP/i_non_prim.R_AND_R/LAT_OPT.FULL.R_AND_R/DSP48E1_SGL_EXP_IP.OLD_ADD.ADD/i_no_versal_es1_workaround.DSP/PCIN[47]
    DSP48_X2Y23          DSP48E1 (Prop_dsp48e1_PCIN[47]_P[29])
                                                      1.518     5.355 r  design_1_i/vit_tlayer_fused_0/inst/fmul_32ns_32ns_32_3_max_dsp_1_U95/vit_transformer_layer_fused_ap_fmul_1_max_dsp_32_u/U0/i_synth/MULT.OP/i_non_prim.R_AND_R/LAT_OPT.FULL.R_AND_R/DSP48E1_SGL_EXP_IP.OLD_ADD.ADD/i_no_versal_es1_workaround.DSP/P[29]
                         net (fo=1, routed)           0.993     6.348    design_1_i/vit_tlayer_fused_0/inst/fmul_32ns_32ns_32_3_max_dsp_1_U95/vit_transformer_layer_fused_ap_fmul_1_max_dsp_32_u/U0/i_synth/MULT.OP/i_non_prim.MULT/DSP48E1_SPD_SGL_VARIANT.FIX_MULT/DSP2/RESULT_REG.NORMAL.exp_op_reg[7][22]
    SLICE_X35Y56                                                      r  design_1_i/vit_tlayer_fused_0/inst/fmul_32ns_32ns_32_3_max_dsp_1_U95/vit_transformer_layer_fused_ap_fmul_1_max_dsp_32_u/U0/i_synth/MULT.OP/i_non_prim.MULT/DSP48E1_SPD_SGL_VARIANT.FIX_MULT/DSP2/RESULT_REG.NORMAL.mant_op[22]_i_2/I1
    SLICE_X35Y56         LUT6 (Prop_lut6_I1_O)        0.124     6.472 r  design_1_i/vit_tlayer_fused_0/inst/fmul_32ns_32ns_32_3_max_dsp_1_U95/vit_transformer_layer_fused_ap_fmul_1_max_dsp_32_u/U0/i_synth/MULT.OP/i_non_prim.MULT/DSP48E1_SPD_SGL_VARIANT.FIX_MULT/DSP2/RESULT_REG.NORMAL.mant_op[22]_i_2/O
                         net (fo=1, routed)           0.821     7.292    design_1_i/vit_tlayer_fused_0/inst/fmul_32ns_32ns_32_3_max_dsp_1_U95/vit_transformer_layer_fused_ap_fmul_1_max_dsp_32_u/U0/i_synth/MULT.OP/i_non_prim.EXP/EXP_ADD.C_CHAIN/MANT[0]
    SLICE_X43Y57                                                      r  design_1_i/vit_tlayer_fused_0/inst/fmul_32ns_32ns_32_3_max_dsp_1_U95/vit_transformer_layer_fused_ap_fmul_1_max_dsp_32_u/U0/i_synth/MULT.OP/i_non_prim.EXP/EXP_ADD.C_CHAIN/RESULT_REG.NORMAL.mant_op[22]_i_1/I1
    SLICE_X43Y57         LUT3 (Prop_lut3_I1_O)        0.150     7.442 r  design_1_i/vit_tlayer_fused_0/inst/fmul_32ns_32ns_32_3_max_dsp_1_U95/vit_transformer_layer_fused_ap_fmul_1_max_dsp_32_u/U0/i_synth/MULT.OP/i_non_prim.EXP/EXP_ADD.C_CHAIN/RESULT_REG.NORMAL.mant_op[22]_i_1/O
                         net (fo=1, routed)           1.332     8.775    design_1_i/vit_tlayer_fused_0/inst/fmul_32ns_32ns_32_3_max_dsp_1_U95/vit_transformer_layer_fused_ap_fmul_1_max_dsp_32_u/U0/i_synth/MULT.OP/i_non_prim.OP/RESULT_REG.NORMAL.mant_op_reg[22]_0
    SLICE_X55Y73         FDRE                                         r  design_1_i/vit_tlayer_fused_0/inst/fmul_32ns_32ns_32_3_max_dsp_1_U95/vit_transformer_layer_fused_ap_fmul_1_max_dsp_32_u/U0/i_synth/MULT.OP/i_non_prim.OP/RESULT_REG.NORMAL.mant_op_reg[22]/D
  -------------------------------------------------------------------    -------------------

                         (clock clk_fpga_0 rise edge)
                                                      0.000     0.000 r  
    PS7_X0Y0             PS7                          0.000     0.000 r  design_1_i/processing_system7_0/inst/PS7_i/FCLKCLK[0]
                         net (fo=1, routed)           1.088     1.088    design_1_i/processing_system7_0/inst/FCLK_CLK_unbuffered[0]
    BUFGCTRL_X0Y16                                                    r  design_1_i/processing_system7_0/inst/buffer_fclk_clk_0.FCLK_CLK_0_BUFG/I
    BUFGCTRL_X0Y16       BUFG (Prop_bufg_I_O)         0.091     1.179 r  design_1_i/processing_system7_0/inst/buffer_fclk_clk_0.FCLK_CLK_0_BUFG/O
                         net (fo=38067, routed)       1.521     2.700    design_1_i/vit_tlayer_fused_0/inst/fmul_32ns_32ns_32_3_max_dsp_1_U95/vit_transformer_layer_fused_ap_fmul_1_max_dsp_32_u/U0/i_synth/MULT.OP/i_non_prim.OP/aclk
    SLICE_X55Y73         FDRE                                         r  design_1_i/vit_tlayer_fused_0/inst/fmul_32ns_32ns_32_3_max_dsp_1_U95/vit_transformer_layer_fused_ap_fmul_1_max_dsp_32_u/U0/i_synth/MULT.OP/i_non_prim.OP/RESULT_REG.NORMAL.mant_op_reg[22]/C

Slack:                    inf
  Source:                 design_1_i/vit_tlayer_fused_0/inst/fmul_32ns_32ns_32_3_max_dsp_1_U105/vit_transformer_layer_fused_ap_fmul_1_max_dsp_32_u/U0/i_synth/MULT.OP/i_non_prim.MULT/DSP48E1_SPD_SGL_VARIANT.FIX_MULT/DSP1/i_no_versal_es1_workaround.DSP/ACOUT[29]
                            (internal pin)
  Destination:            design_1_i/vit_tlayer_fused_0/inst/fmul_32ns_32ns_32_3_max_dsp_1_U105/vit_transformer_layer_fused_ap_fmul_1_max_dsp_32_u/U0/i_synth/MULT.OP/i_non_prim.OP/RESULT_REG.NORMAL.mant_op_reg[22]/D
                            (rising edge-triggered cell FDRE clocked by clk_fpga_0  {rise@0.000ns fall@8.000ns period=16.000ns})
  Path Group:             (none)
  Path Type:              Setup (Max at Slow Process Corner)
  Data Path Delay:        8.623ns  (logic 5.593ns (64.858%)  route 3.030ns (35.142%))
  Logic Levels:           4  (DSP48E1=2 LUT3=1 LUT6=1)
  Clock Uncertainty:      0.241ns  ((TSJ^2 + TIJ^2)^1/2 + DJ) / 2 + PE
    Total System Jitter     (TSJ):    0.050ns
    Total Input Jitter      (TIJ):    0.480ns
    Discrete Jitter          (DJ):    0.000ns
    Phase Error              (PE):    0.000ns

    Location             Delay type                Incr(ns)  Path(ns)    Netlist Resource(s)
  -------------------------------------------------------------------    -------------------
    DSP48_X2Y30          DSP48E1                      0.000     0.000 r  design_1_i/vit_tlayer_fused_0/inst/fmul_32ns_32ns_32_3_max_dsp_1_U105/vit_transformer_layer_fused_ap_fmul_1_max_dsp_32_u/U0/i_synth/MULT.OP/i_non_prim.MULT/DSP48E1_SPD_SGL_VARIANT.FIX_MULT/DSP1/i_no_versal_es1_workaround.DSP/ACOUT[29]
                         net (fo=1, routed)           0.002     0.002    design_1_i/vit_tlayer_fused_0/inst/fmul_32ns_32ns_32_3_max_dsp_1_U105/vit_transformer_layer_fused_ap_fmul_1_max_dsp_32_u/U0/i_synth/MULT.OP/i_non_prim.MULT/DSP48E1_SPD_SGL_VARIANT.FIX_MULT/DSP2/ACOUT[29]
    DSP48_X2Y31                                                       r  design_1_i/vit_tlayer_fused_0/inst/fmul_32ns_32ns_32_3_max_dsp_1_U105/vit_transformer_layer_fused_ap_fmul_1_max_dsp_32_u/U0/i_synth/MULT.OP/i_non_prim.MULT/DSP48E1_SPD_SGL_VARIANT.FIX_MULT/DSP2/i_no_versal_es1_workaround.DSP/ACIN[29]
    DSP48_X2Y31          DSP48E1 (Prop_dsp48e1_ACIN[29]_PCOUT[47])
                                                      3.833     3.835 r  design_1_i/vit_tlayer_fused_0/inst/fmul_32ns_32ns_32_3_max_dsp_1_U105/vit_transformer_layer_fused_ap_fmul_1_max_dsp_32_u/U0/i_synth/MULT.OP/i_non_prim.MULT/DSP48E1_SPD_SGL_VARIANT.FIX_MULT/DSP2/i_no_versal_es1_workaround.DSP/PCOUT[47]
                         net (fo=1, routed)           0.002     3.837    design_1_i/vit_tlayer_fused_0/inst/fmul_32ns_32ns_32_3_max_dsp_1_U105/vit_transformer_layer_fused_ap_fmul_1_max_dsp_32_u/U0/i_synth/MULT.OP/i_non_prim.R_AND_R/LAT_OPT.FULL.R_AND_R/DSP48E1_SGL_EXP_IP.OLD_ADD.ADD/RESULT_CASC[47]
    DSP48_X2Y32                                                       r  design_1_i/vit_tlayer_fused_0/inst/fmul_32ns_32ns_32_3_max_dsp_1_U105/vit_transformer_layer_fused_ap_fmul_1_max_dsp_32_u/U0/i_synth/MULT.OP/i_non_prim.R_AND_R/LAT_OPT.FULL.R_AND_R/DSP48E1_SGL_EXP_IP.OLD_ADD.ADD/i_no_versal_es1_workaround.DSP/PCIN[47]
    DSP48_X2Y32          DSP48E1 (Prop_dsp48e1_PCIN[47]_P[29])
                                                      1.518     5.355 r  design_1_i/vit_tlayer_fused_0/inst/fmul_32ns_32ns_32_3_max_dsp_1_U105/vit_transformer_layer_fused_ap_fmul_1_max_dsp_32_u/U0/i_synth/MULT.OP/i_non_prim.R_AND_R/LAT_OPT.FULL.R_AND_R/DSP48E1_SGL_EXP_IP.OLD_ADD.ADD/i_no_versal_es1_workaround.DSP/P[29]
                         net (fo=1, routed)           1.368     6.723    design_1_i/vit_tlayer_fused_0/inst/fmul_32ns_32ns_32_3_max_dsp_1_U105/vit_transformer_layer_fused_ap_fmul_1_max_dsp_32_u/U0/i_synth/MULT.OP/i_non_prim.MULT/DSP48E1_SPD_SGL_VARIANT.FIX_MULT/DSP2/RESULT_REG.NORMAL.exp_op_reg[7][22]
    SLICE_X42Y82                                                      r  design_1_i/vit_tlayer_fused_0/inst/fmul_32ns_32ns_32_3_max_dsp_1_U105/vit_transformer_layer_fused_ap_fmul_1_max_dsp_32_u/U0/i_synth/MULT.OP/i_non_prim.MULT/DSP48E1_SPD_SGL_VARIANT.FIX_MULT/DSP2/RESULT_REG.NORMAL.mant_op[22]_i_2/I1
    SLICE_X42Y82         LUT6 (Prop_lut6_I1_O)        0.124     6.847 r  design_1_i/vit_tlayer_fused_0/inst/fmul_32ns_32ns_32_3_max_dsp_1_U105/vit_transformer_layer_fused_ap_fmul_1_max_dsp_32_u/U0/i_synth/MULT.OP/i_non_prim.MULT/DSP48E1_SPD_SGL_VARIANT.FIX_MULT/DSP2/RESULT_REG.NORMAL.mant_op[22]_i_2/O
                         net (fo=1, routed)           1.132     7.978    design_1_i/vit_tlayer_fused_0/inst/fmul_32ns_32ns_32_3_max_dsp_1_U105/vit_transformer_layer_fused_ap_fmul_1_max_dsp_32_u/U0/i_synth/MULT.OP/i_non_prim.EXP/EXP_ADD.C_CHAIN/MANT[0]
    SLICE_X59Y84                                                      r  design_1_i/vit_tlayer_fused_0/inst/fmul_32ns_32ns_32_3_max_dsp_1_U105/vit_transformer_layer_fused_ap_fmul_1_max_dsp_32_u/U0/i_synth/MULT.OP/i_non_prim.EXP/EXP_ADD.C_CHAIN/RESULT_REG.NORMAL.mant_op[22]_i_1/I1
    SLICE_X59Y84         LUT3 (Prop_lut3_I1_O)        0.118     8.096 r  design_1_i/vit_tlayer_fused_0/inst/fmul_32ns_32ns_32_3_max_dsp_1_U105/vit_transformer_layer_fused_ap_fmul_1_max_dsp_32_u/U0/i_synth/MULT.OP/i_non_prim.EXP/EXP_ADD.C_CHAIN/RESULT_REG.NORMAL.mant_op[22]_i_1/O
                         net (fo=1, routed)           0.527     8.623    design_1_i/vit_tlayer_fused_0/inst/fmul_32ns_32ns_32_3_max_dsp_1_U105/vit_transformer_layer_fused_ap_fmul_1_max_dsp_32_u/U0/i_synth/MULT.OP/i_non_prim.OP/RESULT_REG.NORMAL.mant_op_reg[22]_0
    SLICE_X62Y84         FDRE                                         r  design_1_i/vit_tlayer_fused_0/inst/fmul_32ns_32ns_32_3_max_dsp_1_U105/vit_transformer_layer_fused_ap_fmul_1_max_dsp_32_u/U0/i_synth/MULT.OP/i_non_prim.OP/RESULT_REG.NORMAL.mant_op_reg[22]/D
  -------------------------------------------------------------------    -------------------

                         (clock clk_fpga_0 rise edge)
                                                      0.000     0.000 r  
    PS7_X0Y0             PS7                          0.000     0.000 r  design_1_i/processing_system7_0/inst/PS7_i/FCLKCLK[0]
                         net (fo=1, routed)           1.088     1.088    design_1_i/processing_system7_0/inst/FCLK_CLK_unbuffered[0]
    BUFGCTRL_X0Y16                                                    r  design_1_i/processing_system7_0/inst/buffer_fclk_clk_0.FCLK_CLK_0_BUFG/I
    BUFGCTRL_X0Y16       BUFG (Prop_bufg_I_O)         0.091     1.179 r  design_1_i/processing_system7_0/inst/buffer_fclk_clk_0.FCLK_CLK_0_BUFG/O
                         net (fo=38067, routed)       1.534     2.713    design_1_i/vit_tlayer_fused_0/inst/fmul_32ns_32ns_32_3_max_dsp_1_U105/vit_transformer_layer_fused_ap_fmul_1_max_dsp_32_u/U0/i_synth/MULT.OP/i_non_prim.OP/aclk
    SLICE_X62Y84         FDRE                                         r  design_1_i/vit_tlayer_fused_0/inst/fmul_32ns_32ns_32_3_max_dsp_1_U105/vit_transformer_layer_fused_ap_fmul_1_max_dsp_32_u/U0/i_synth/MULT.OP/i_non_prim.OP/RESULT_REG.NORMAL.mant_op_reg[22]/C

Slack:                    inf
  Source:                 design_1_i/vit_tlayer_fused_0/inst/fmul_32ns_32ns_32_3_max_dsp_1_U98/vit_transformer_layer_fused_ap_fmul_1_max_dsp_32_u/U0/i_synth/MULT.OP/i_non_prim.MULT/DSP48E1_SPD_SGL_VARIANT.FIX_MULT/DSP1/i_no_versal_es1_workaround.DSP/ACOUT[29]
                            (internal pin)
  Destination:            design_1_i/vit_tlayer_fused_0/inst/fmul_32ns_32ns_32_3_max_dsp_1_U98/vit_transformer_layer_fused_ap_fmul_1_max_dsp_32_u/U0/i_synth/MULT.OP/i_non_prim.OP/RESULT_REG.NORMAL.mant_op_reg[22]/D
                            (rising edge-triggered cell FDRE clocked by clk_fpga_0  {rise@0.000ns fall@8.000ns period=16.000ns})
  Path Group:             (none)
  Path Type:              Setup (Max at Slow Process Corner)
  Data Path Delay:        8.598ns  (logic 5.625ns (65.422%)  route 2.973ns (34.578%))
  Logic Levels:           4  (DSP48E1=2 LUT3=1 LUT6=1)
  Clock Uncertainty:      0.241ns  ((TSJ^2 + TIJ^2)^1/2 + DJ) / 2 + PE
    Total System Jitter     (TSJ):    0.050ns
    Total Input Jitter      (TIJ):    0.480ns
    Discrete Jitter          (DJ):    0.000ns
    Phase Error              (PE):    0.000ns

    Location             Delay type                Incr(ns)  Path(ns)    Netlist Resource(s)
  -------------------------------------------------------------------    -------------------
    DSP48_X3Y22          DSP48E1                      0.000     0.000 r  design_1_i/vit_tlayer_fused_0/inst/fmul_32ns_32ns_32_3_max_dsp_1_U98/vit_transformer_layer_fused_ap_fmul_1_max_dsp_32_u/U0/i_synth/MULT.OP/i_non_prim.MULT/DSP48E1_SPD_SGL_VARIANT.FIX_MULT/DSP1/i_no_versal_es1_workaround.DSP/ACOUT[29]
                         net (fo=1, routed)           0.002     0.002    design_1_i/vit_tlayer_fused_0/inst/fmul_32ns_32ns_32_3_max_dsp_1_U98/vit_transformer_layer_fused_ap_fmul_1_max_dsp_32_u/U0/i_synth/MULT.OP/i_non_prim.MULT/DSP48E1_SPD_SGL_VARIANT.FIX_MULT/DSP2/ACOUT[29]
    DSP48_X3Y23                                                       r  design_1_i/vit_tlayer_fused_0/inst/fmul_32ns_32ns_32_3_max_dsp_1_U98/vit_transformer_layer_fused_ap_fmul_1_max_dsp_32_u/U0/i_synth/MULT.OP/i_non_prim.MULT/DSP48E1_SPD_SGL_VARIANT.FIX_MULT/DSP2/i_no_versal_es1_workaround.DSP/ACIN[29]
    DSP48_X3Y23          DSP48E1 (Prop_dsp48e1_ACIN[29]_PCOUT[47])
                                                      3.833     3.835 r  design_1_i/vit_tlayer_fused_0/inst/fmul_32ns_32ns_32_3_max_dsp_1_U98/vit_transformer_layer_fused_ap_fmul_1_max_dsp_32_u/U0/i_synth/MULT.OP/i_non_prim.MULT/DSP48E1_SPD_SGL_VARIANT.FIX_MULT/DSP2/i_no_versal_es1_workaround.DSP/PCOUT[47]
                         net (fo=1, routed)           0.002     3.837    design_1_i/vit_tlayer_fused_0/inst/fmul_32ns_32ns_32_3_max_dsp_1_U98/vit_transformer_layer_fused_ap_fmul_1_max_dsp_32_u/U0/i_synth/MULT.OP/i_non_prim.R_AND_R/LAT_OPT.FULL.R_AND_R/DSP48E1_SGL_EXP_IP.OLD_ADD.ADD/RESULT_CASC[47]
    DSP48_X3Y24                                                       r  design_1_i/vit_tlayer_fused_0/inst/fmul_32ns_32ns_32_3_max_dsp_1_U98/vit_transformer_layer_fused_ap_fmul_1_max_dsp_32_u/U0/i_synth/MULT.OP/i_non_prim.R_AND_R/LAT_OPT.FULL.R_AND_R/DSP48E1_SGL_EXP_IP.OLD_ADD.ADD/i_no_versal_es1_workaround.DSP/PCIN[47]
    DSP48_X3Y24          DSP48E1 (Prop_dsp48e1_PCIN[47]_P[29])
                                                      1.518     5.355 r  design_1_i/vit_tlayer_fused_0/inst/fmul_32ns_32ns_32_3_max_dsp_1_U98/vit_transformer_layer_fused_ap_fmul_1_max_dsp_32_u/U0/i_synth/MULT.OP/i_non_prim.R_AND_R/LAT_OPT.FULL.R_AND_R/DSP48E1_SGL_EXP_IP.OLD_ADD.ADD/i_no_versal_es1_workaround.DSP/P[29]
                         net (fo=1, routed)           1.299     6.654    design_1_i/vit_tlayer_fused_0/inst/fmul_32ns_32ns_32_3_max_dsp_1_U98/vit_transformer_layer_fused_ap_fmul_1_max_dsp_32_u/U0/i_synth/MULT.OP/i_non_prim.MULT/DSP48E1_SPD_SGL_VARIANT.FIX_MULT/DSP2/RESULT_REG.NORMAL.exp_op_reg[7][22]
    SLICE_X102Y59                                                     r  design_1_i/vit_tlayer_fused_0/inst/fmul_32ns_32ns_32_3_max_dsp_1_U98/vit_transformer_layer_fused_ap_fmul_1_max_dsp_32_u/U0/i_synth/MULT.OP/i_non_prim.MULT/DSP48E1_SPD_SGL_VARIANT.FIX_MULT/DSP2/RESULT_REG.NORMAL.mant_op[22]_i_2/I1
    SLICE_X102Y59        LUT6 (Prop_lut6_I1_O)        0.124     6.778 r  design_1_i/vit_tlayer_fused_0/inst/fmul_32ns_32ns_32_3_max_dsp_1_U98/vit_transformer_layer_fused_ap_fmul_1_max_dsp_32_u/U0/i_synth/MULT.OP/i_non_prim.MULT/DSP48E1_SPD_SGL_VARIANT.FIX_MULT/DSP2/RESULT_REG.NORMAL.mant_op[22]_i_2/O
                         net (fo=1, routed)           1.054     7.833    design_1_i/vit_tlayer_fused_0/inst/fmul_32ns_32ns_32_3_max_dsp_1_U98/vit_transformer_layer_fused_ap_fmul_1_max_dsp_32_u/U0/i_synth/MULT.OP/i_non_prim.EXP/EXP_ADD.C_CHAIN/MANT[0]
    SLICE_X110Y59                                                     r  design_1_i/vit_tlayer_fused_0/inst/fmul_32ns_32ns_32_3_max_dsp_1_U98/vit_transformer_layer_fused_ap_fmul_1_max_dsp_32_u/U0/i_synth/MULT.OP/i_non_prim.EXP/EXP_ADD.C_CHAIN/RESULT_REG.NORMAL.mant_op[22]_i_1/I1
    SLICE_X110Y59        LUT3 (Prop_lut3_I1_O)        0.150     7.983 r  design_1_i/vit_tlayer_fused_0/inst/fmul_32ns_32ns_32_3_max_dsp_1_U98/vit_transformer_layer_fused_ap_fmul_1_max_dsp_32_u/U0/i_synth/MULT.OP/i_non_prim.EXP/EXP_ADD.C_CHAIN/RESULT_REG.NORMAL.mant_op[22]_i_1/O
                         net (fo=1, routed)           0.615     8.598    design_1_i/vit_tlayer_fused_0/inst/fmul_32ns_32ns_32_3_max_dsp_1_U98/vit_transformer_layer_fused_ap_fmul_1_max_dsp_32_u/U0/i_synth/MULT.OP/i_non_prim.OP/RESULT_REG.NORMAL.mant_op_reg[22]_0
    SLICE_X111Y62        FDRE                                         r  design_1_i/vit_tlayer_fused_0/inst/fmul_32ns_32ns_32_3_max_dsp_1_U98/vit_transformer_layer_fused_ap_fmul_1_max_dsp_32_u/U0/i_synth/MULT.OP/i_non_prim.OP/RESULT_REG.NORMAL.mant_op_reg[22]/D
  -------------------------------------------------------------------    -------------------

                         (clock clk_fpga_0 rise edge)
                                                      0.000     0.000 r  
    PS7_X0Y0             PS7                          0.000     0.000 r  design_1_i/processing_system7_0/inst/PS7_i/FCLKCLK[0]
                         net (fo=1, routed)           1.088     1.088    design_1_i/processing_system7_0/inst/FCLK_CLK_unbuffered[0]
    BUFGCTRL_X0Y16                                                    r  design_1_i/processing_system7_0/inst/buffer_fclk_clk_0.FCLK_CLK_0_BUFG/I
    BUFGCTRL_X0Y16       BUFG (Prop_bufg_I_O)         0.091     1.179 r  design_1_i/processing_system7_0/inst/buffer_fclk_clk_0.FCLK_CLK_0_BUFG/O
                         net (fo=38067, routed)       1.682     2.861    design_1_i/vit_tlayer_fused_0/inst/fmul_32ns_32ns_32_3_max_dsp_1_U98/vit_transformer_layer_fused_ap_fmul_1_max_dsp_32_u/U0/i_synth/MULT.OP/i_non_prim.OP/aclk
    SLICE_X111Y62        FDRE                                         r  design_1_i/vit_tlayer_fused_0/inst/fmul_32ns_32ns_32_3_max_dsp_1_U98/vit_transformer_layer_fused_ap_fmul_1_max_dsp_32_u/U0/i_synth/MULT.OP/i_non_prim.OP/RESULT_REG.NORMAL.mant_op_reg[22]/C

Slack:                    inf
  Source:                 design_1_i/vit_tlayer_fused_0/inst/fmul_32ns_32ns_32_3_max_dsp_1_U92/vit_transformer_layer_fused_ap_fmul_1_max_dsp_32_u/U0/i_synth/MULT.OP/i_non_prim.MULT/DSP48E1_SPD_SGL_VARIANT.FIX_MULT/DSP1/i_no_versal_es1_workaround.DSP/ACOUT[29]
                            (internal pin)
  Destination:            design_1_i/vit_tlayer_fused_0/inst/fmul_32ns_32ns_32_3_max_dsp_1_U92/vit_transformer_layer_fused_ap_fmul_1_max_dsp_32_u/U0/i_synth/MULT.OP/i_non_prim.OP/RESULT_REG.NORMAL.mant_op_reg[22]/D
                            (rising edge-triggered cell FDRE clocked by clk_fpga_0  {rise@0.000ns fall@8.000ns period=16.000ns})
  Path Group:             (none)
  Path Type:              Setup (Max at Slow Process Corner)
  Data Path Delay:        8.588ns  (logic 5.625ns (65.498%)  route 2.963ns (34.502%))
  Logic Levels:           4  (DSP48E1=2 LUT3=1 LUT6=1)
  Clock Uncertainty:      0.241ns  ((TSJ^2 + TIJ^2)^1/2 + DJ) / 2 + PE
    Total System Jitter     (TSJ):    0.050ns
    Total Input Jitter      (TIJ):    0.480ns
    Discrete Jitter          (DJ):    0.000ns
    Phase Error              (PE):    0.000ns

    Location             Delay type                Incr(ns)  Path(ns)    Netlist Resource(s)
  -------------------------------------------------------------------    -------------------
    DSP48_X2Y4           DSP48E1                      0.000     0.000 r  design_1_i/vit_tlayer_fused_0/inst/fmul_32ns_32ns_32_3_max_dsp_1_U92/vit_transformer_layer_fused_ap_fmul_1_max_dsp_32_u/U0/i_synth/MULT.OP/i_non_prim.MULT/DSP48E1_SPD_SGL_VARIANT.FIX_MULT/DSP1/i_no_versal_es1_workaround.DSP/ACOUT[29]
                         net (fo=1, routed)           0.002     0.002    design_1_i/vit_tlayer_fused_0/inst/fmul_32ns_32ns_32_3_max_dsp_1_U92/vit_transformer_layer_fused_ap_fmul_1_max_dsp_32_u/U0/i_synth/MULT.OP/i_non_prim.MULT/DSP48E1_SPD_SGL_VARIANT.FIX_MULT/DSP2/ACOUT[29]
    DSP48_X2Y5                                                        r  design_1_i/vit_tlayer_fused_0/inst/fmul_32ns_32ns_32_3_max_dsp_1_U92/vit_transformer_layer_fused_ap_fmul_1_max_dsp_32_u/U0/i_synth/MULT.OP/i_non_prim.MULT/DSP48E1_SPD_SGL_VARIANT.FIX_MULT/DSP2/i_no_versal_es1_workaround.DSP/ACIN[29]
    DSP48_X2Y5           DSP48E1 (Prop_dsp48e1_ACIN[29]_PCOUT[47])
                                                      3.833     3.835 r  design_1_i/vit_tlayer_fused_0/inst/fmul_32ns_32ns_32_3_max_dsp_1_U92/vit_transformer_layer_fused_ap_fmul_1_max_dsp_32_u/U0/i_synth/MULT.OP/i_non_prim.MULT/DSP48E1_SPD_SGL_VARIANT.FIX_MULT/DSP2/i_no_versal_es1_workaround.DSP/PCOUT[47]
                         net (fo=1, routed)           0.002     3.837    design_1_i/vit_tlayer_fused_0/inst/fmul_32ns_32ns_32_3_max_dsp_1_U92/vit_transformer_layer_fused_ap_fmul_1_max_dsp_32_u/U0/i_synth/MULT.OP/i_non_prim.R_AND_R/LAT_OPT.FULL.R_AND_R/DSP48E1_SGL_EXP_IP.OLD_ADD.ADD/RESULT_CASC[47]
    DSP48_X2Y6                                                        r  design_1_i/vit_tlayer_fused_0/inst/fmul_32ns_32ns_32_3_max_dsp_1_U92/vit_transformer_layer_fused_ap_fmul_1_max_dsp_32_u/U0/i_synth/MULT.OP/i_non_prim.R_AND_R/LAT_OPT.FULL.R_AND_R/DSP48E1_SGL_EXP_IP.OLD_ADD.ADD/i_no_versal_es1_workaround.DSP/PCIN[47]
    DSP48_X2Y6           DSP48E1 (Prop_dsp48e1_PCIN[47]_P[28])
                                                      1.518     5.355 r  design_1_i/vit_tlayer_fused_0/inst/fmul_32ns_32ns_32_3_max_dsp_1_U92/vit_transformer_layer_fused_ap_fmul_1_max_dsp_32_u/U0/i_synth/MULT.OP/i_non_prim.R_AND_R/LAT_OPT.FULL.R_AND_R/DSP48E1_SGL_EXP_IP.OLD_ADD.ADD/i_no_versal_es1_workaround.DSP/P[28]
                         net (fo=2, routed)           0.804     6.159    design_1_i/vit_tlayer_fused_0/inst/fmul_32ns_32ns_32_3_max_dsp_1_U92/vit_transformer_layer_fused_ap_fmul_1_max_dsp_32_u/U0/i_synth/MULT.OP/i_non_prim.MULT/DSP48E1_SPD_SGL_VARIANT.FIX_MULT/DSP2/RESULT_REG.NORMAL.exp_op_reg[7][21]
    SLICE_X36Y15                                                      r  design_1_i/vit_tlayer_fused_0/inst/fmul_32ns_32ns_32_3_max_dsp_1_U92/vit_transformer_layer_fused_ap_fmul_1_max_dsp_32_u/U0/i_synth/MULT.OP/i_non_prim.MULT/DSP48E1_SPD_SGL_VARIANT.FIX_MULT/DSP2/RESULT_REG.NORMAL.mant_op[22]_i_2/I5
    SLICE_X36Y15         LUT6 (Prop_lut6_I5_O)        0.124     6.283 r  design_1_i/vit_tlayer_fused_0/inst/fmul_32ns_32ns_32_3_max_dsp_1_U92/vit_transformer_layer_fused_ap_fmul_1_max_dsp_32_u/U0/i_synth/MULT.OP/i_non_prim.MULT/DSP48E1_SPD_SGL_VARIANT.FIX_MULT/DSP2/RESULT_REG.NORMAL.mant_op[22]_i_2/O
                         net (fo=1, routed)           0.575     6.858    design_1_i/vit_tlayer_fused_0/inst/fmul_32ns_32ns_32_3_max_dsp_1_U92/vit_transformer_layer_fused_ap_fmul_1_max_dsp_32_u/U0/i_synth/MULT.OP/i_non_prim.EXP/EXP_ADD.C_CHAIN/MANT[0]
    SLICE_X37Y15                                                      r  design_1_i/vit_tlayer_fused_0/inst/fmul_32ns_32ns_32_3_max_dsp_1_U92/vit_transformer_layer_fused_ap_fmul_1_max_dsp_32_u/U0/i_synth/MULT.OP/i_non_prim.EXP/EXP_ADD.C_CHAIN/RESULT_REG.NORMAL.mant_op[22]_i_1/I1
    SLICE_X37Y15         LUT3 (Prop_lut3_I1_O)        0.150     7.008 r  design_1_i/vit_tlayer_fused_0/inst/fmul_32ns_32ns_32_3_max_dsp_1_U92/vit_transformer_layer_fused_ap_fmul_1_max_dsp_32_u/U0/i_synth/MULT.OP/i_non_prim.EXP/EXP_ADD.C_CHAIN/RESULT_REG.NORMAL.mant_op[22]_i_1/O
                         net (fo=1, routed)           1.580     8.588    design_1_i/vit_tlayer_fused_0/inst/fmul_32ns_32ns_32_3_max_dsp_1_U92/vit_transformer_layer_fused_ap_fmul_1_max_dsp_32_u/U0/i_synth/MULT.OP/i_non_prim.OP/RESULT_REG.NORMAL.mant_op_reg[22]_0
    SLICE_X56Y34         FDRE                                         r  design_1_i/vit_tlayer_fused_0/inst/fmul_32ns_32ns_32_3_max_dsp_1_U92/vit_transformer_layer_fused_ap_fmul_1_max_dsp_32_u/U0/i_synth/MULT.OP/i_non_prim.OP/RESULT_REG.NORMAL.mant_op_reg[22]/D
  -------------------------------------------------------------------    -------------------

                         (clock clk_fpga_0 rise edge)
                                                      0.000     0.000 r  
    PS7_X0Y0             PS7                          0.000     0.000 r  design_1_i/processing_system7_0/inst/PS7_i/FCLKCLK[0]
                         net (fo=1, routed)           1.088     1.088    design_1_i/processing_system7_0/inst/FCLK_CLK_unbuffered[0]
    BUFGCTRL_X0Y16                                                    r  design_1_i/processing_system7_0/inst/buffer_fclk_clk_0.FCLK_CLK_0_BUFG/I
    BUFGCTRL_X0Y16       BUFG (Prop_bufg_I_O)         0.091     1.179 r  design_1_i/processing_system7_0/inst/buffer_fclk_clk_0.FCLK_CLK_0_BUFG/O
                         net (fo=38067, routed)       1.548     2.727    design_1_i/vit_tlayer_fused_0/inst/fmul_32ns_32ns_32_3_max_dsp_1_U92/vit_transformer_layer_fused_ap_fmul_1_max_dsp_32_u/U0/i_synth/MULT.OP/i_non_prim.OP/aclk
    SLICE_X56Y34         FDRE                                         r  design_1_i/vit_tlayer_fused_0/inst/fmul_32ns_32ns_32_3_max_dsp_1_U92/vit_transformer_layer_fused_ap_fmul_1_max_dsp_32_u/U0/i_synth/MULT.OP/i_non_prim.OP/RESULT_REG.NORMAL.mant_op_reg[22]/C

Slack:                    inf
  Source:                 design_1_i/vit_tlayer_fused_0/inst/fmul_32ns_32ns_32_3_max_dsp_1_U104/vit_transformer_layer_fused_ap_fmul_1_max_dsp_32_u/U0/i_synth/MULT.OP/i_non_prim.MULT/DSP48E1_SPD_SGL_VARIANT.FIX_MULT/DSP1/i_no_versal_es1_workaround.DSP/ACOUT[29]
                            (internal pin)
  Destination:            design_1_i/vit_tlayer_fused_0/inst/fmul_32ns_32ns_32_3_max_dsp_1_U104/vit_transformer_layer_fused_ap_fmul_1_max_dsp_32_u/U0/i_synth/MULT.OP/i_non_prim.OP/RESULT_REG.NORMAL.exp_op_reg[0]/R
                            (rising edge-triggered cell FDRE clocked by clk_fpga_0  {rise@0.000ns fall@8.000ns period=16.000ns})
  Path Group:             (none)
  Path Type:              Setup (Max at Slow Process Corner)
  Data Path Delay:        8.572ns  (logic 4.011ns (46.792%)  route 4.561ns (53.208%))
  Logic Levels:           4  (DSP48E1=1 LUT4=1 LUT6=2)
  Clock Uncertainty:      0.241ns  ((TSJ^2 + TIJ^2)^1/2 + DJ) / 2 + PE
    Total System Jitter     (TSJ):    0.050ns
    Total Input Jitter      (TIJ):    0.480ns
    Discrete Jitter          (DJ):    0.000ns
    Phase Error              (PE):    0.000ns

    Location             Delay type                Incr(ns)  Path(ns)    Netlist Resource(s)
  -------------------------------------------------------------------    -------------------
    DSP48_X3Y35          DSP48E1                      0.000     0.000 r  design_1_i/vit_tlayer_fused_0/inst/fmul_32ns_32ns_32_3_max_dsp_1_U104/vit_transformer_layer_fused_ap_fmul_1_max_dsp_32_u/U0/i_synth/MULT.OP/i_non_prim.MULT/DSP48E1_SPD_SGL_VARIANT.FIX_MULT/DSP1/i_no_versal_es1_workaround.DSP/ACOUT[29]
                         net (fo=1, routed)           0.002     0.002    design_1_i/vit_tlayer_fused_0/inst/fmul_32ns_32ns_32_3_max_dsp_1_U104/vit_transformer_layer_fused_ap_fmul_1_max_dsp_32_u/U0/i_synth/MULT.OP/i_non_prim.MULT/DSP48E1_SPD_SGL_VARIANT.FIX_MULT/DSP2/ACOUT[29]
    DSP48_X3Y36                                                       r  design_1_i/vit_tlayer_fused_0/inst/fmul_32ns_32ns_32_3_max_dsp_1_U104/vit_transformer_layer_fused_ap_fmul_1_max_dsp_32_u/U0/i_synth/MULT.OP/i_non_prim.MULT/DSP48E1_SPD_SGL_VARIANT.FIX_MULT/DSP2/i_no_versal_es1_workaround.DSP/ACIN[29]
    DSP48_X3Y36          DSP48E1 (Prop_dsp48e1_ACIN[29]_P[30])
                                                      3.639     3.641 f  design_1_i/vit_tlayer_fused_0/inst/fmul_32ns_32ns_32_3_max_dsp_1_U104/vit_transformer_layer_fused_ap_fmul_1_max_dsp_32_u/U0/i_synth/MULT.OP/i_non_prim.MULT/DSP48E1_SPD_SGL_VARIANT.FIX_MULT/DSP2/i_no_versal_es1_workaround.DSP/P[30]
                         net (fo=30, routed)          2.173     5.814    design_1_i/vit_tlayer_fused_0/inst/fmul_32ns_32ns_32_3_max_dsp_1_U104/vit_transformer_layer_fused_ap_fmul_1_max_dsp_32_u/U0/i_synth/MULT.OP/i_non_prim.EXP/EXP_ADD.C_CHAIN/RESULT[0]
    SLICE_X86Y89                                                      f  design_1_i/vit_tlayer_fused_0/inst/fmul_32ns_32ns_32_3_max_dsp_1_U104/vit_transformer_layer_fused_ap_fmul_1_max_dsp_32_u/U0/i_synth/MULT.OP/i_non_prim.EXP/EXP_ADD.C_CHAIN/RESULT_REG.NORMAL.exp_op[7]_i_10/I1
    SLICE_X86Y89         LUT4 (Prop_lut4_I1_O)        0.124     5.938 f  design_1_i/vit_tlayer_fused_0/inst/fmul_32ns_32ns_32_3_max_dsp_1_U104/vit_transformer_layer_fused_ap_fmul_1_max_dsp_32_u/U0/i_synth/MULT.OP/i_non_prim.EXP/EXP_ADD.C_CHAIN/RESULT_REG.NORMAL.exp_op[7]_i_10/O
                         net (fo=2, routed)           0.806     6.744    design_1_i/vit_tlayer_fused_0/inst/fmul_32ns_32ns_32_3_max_dsp_1_U104/vit_transformer_layer_fused_ap_fmul_1_max_dsp_32_u/U0/i_synth/MULT.OP/i_non_prim.EXP/EXP_ADD.C_CHAIN/state_int_up1__0
    SLICE_X86Y89                                                      f  design_1_i/vit_tlayer_fused_0/inst/fmul_32ns_32ns_32_3_max_dsp_1_U104/vit_transformer_layer_fused_ap_fmul_1_max_dsp_32_u/U0/i_synth/MULT.OP/i_non_prim.EXP/EXP_ADD.C_CHAIN/RESULT_REG.NORMAL.exp_op[7]_i_3/I1
    SLICE_X86Y89         LUT6 (Prop_lut6_I1_O)        0.124     6.868 f  design_1_i/vit_tlayer_fused_0/inst/fmul_32ns_32ns_32_3_max_dsp_1_U104/vit_transformer_layer_fused_ap_fmul_1_max_dsp_32_u/U0/i_synth/MULT.OP/i_non_prim.EXP/EXP_ADD.C_CHAIN/RESULT_REG.NORMAL.exp_op[7]_i_3/O
                         net (fo=11, routed)          0.669     7.537    design_1_i/vit_tlayer_fused_0/inst/fmul_32ns_32ns_32_3_max_dsp_1_U104/vit_transformer_layer_fused_ap_fmul_1_max_dsp_32_u/U0/i_synth/MULT.OP/i_non_prim.EXP/EXP_ADD.C_CHAIN/i_no_versal_es1_workaround.DSP_0
    SLICE_X87Y89                                                      f  design_1_i/vit_tlayer_fused_0/inst/fmul_32ns_32ns_32_3_max_dsp_1_U104/vit_transformer_layer_fused_ap_fmul_1_max_dsp_32_u/U0/i_synth/MULT.OP/i_non_prim.EXP/EXP_ADD.C_CHAIN/RESULT_REG.NORMAL.exp_op[7]_i_1/I0
    SLICE_X87Y89         LUT6 (Prop_lut6_I0_O)        0.124     7.661 r  design_1_i/vit_tlayer_fused_0/inst/fmul_32ns_32ns_32_3_max_dsp_1_U104/vit_transformer_layer_fused_ap_fmul_1_max_dsp_32_u/U0/i_synth/MULT.OP/i_non_prim.EXP/EXP_ADD.C_CHAIN/RESULT_REG.NORMAL.exp_op[7]_i_1/O
                         net (fo=8, routed)           0.911     8.572    design_1_i/vit_tlayer_fused_0/inst/fmul_32ns_32ns_32_3_max_dsp_1_U104/vit_transformer_layer_fused_ap_fmul_1_max_dsp_32_u/U0/i_synth/MULT.OP/i_non_prim.OP/state_op[0]
    SLICE_X90Y94         FDRE                                         r  design_1_i/vit_tlayer_fused_0/inst/fmul_32ns_32ns_32_3_max_dsp_1_U104/vit_transformer_layer_fused_ap_fmul_1_max_dsp_32_u/U0/i_synth/MULT.OP/i_non_prim.OP/RESULT_REG.NORMAL.exp_op_reg[0]/R
  -------------------------------------------------------------------    -------------------

                         (clock clk_fpga_0 rise edge)
                                                      0.000     0.000 r  
    PS7_X0Y0             PS7                          0.000     0.000 r  design_1_i/processing_system7_0/inst/PS7_i/FCLKCLK[0]
                         net (fo=1, routed)           1.088     1.088    design_1_i/processing_system7_0/inst/FCLK_CLK_unbuffered[0]
    BUFGCTRL_X0Y16                                                    r  design_1_i/processing_system7_0/inst/buffer_fclk_clk_0.FCLK_CLK_0_BUFG/I
    BUFGCTRL_X0Y16       BUFG (Prop_bufg_I_O)         0.091     1.179 r  design_1_i/processing_system7_0/inst/buffer_fclk_clk_0.FCLK_CLK_0_BUFG/O
                         net (fo=38067, routed)       1.605     2.784    design_1_i/vit_tlayer_fused_0/inst/fmul_32ns_32ns_32_3_max_dsp_1_U104/vit_transformer_layer_fused_ap_fmul_1_max_dsp_32_u/U0/i_synth/MULT.OP/i_non_prim.OP/aclk
    SLICE_X90Y94         FDRE                                         r  design_1_i/vit_tlayer_fused_0/inst/fmul_32ns_32ns_32_3_max_dsp_1_U104/vit_transformer_layer_fused_ap_fmul_1_max_dsp_32_u/U0/i_synth/MULT.OP/i_non_prim.OP/RESULT_REG.NORMAL.exp_op_reg[0]/C

Slack:                    inf
  Source:                 design_1_i/vit_tlayer_fused_0/inst/fmul_32ns_32ns_32_3_max_dsp_1_U104/vit_transformer_layer_fused_ap_fmul_1_max_dsp_32_u/U0/i_synth/MULT.OP/i_non_prim.MULT/DSP48E1_SPD_SGL_VARIANT.FIX_MULT/DSP1/i_no_versal_es1_workaround.DSP/ACOUT[29]
                            (internal pin)
  Destination:            design_1_i/vit_tlayer_fused_0/inst/fmul_32ns_32ns_32_3_max_dsp_1_U104/vit_transformer_layer_fused_ap_fmul_1_max_dsp_32_u/U0/i_synth/MULT.OP/i_non_prim.OP/RESULT_REG.NORMAL.exp_op_reg[1]/R
                            (rising edge-triggered cell FDRE clocked by clk_fpga_0  {rise@0.000ns fall@8.000ns period=16.000ns})
  Path Group:             (none)
  Path Type:              Setup (Max at Slow Process Corner)
  Data Path Delay:        8.572ns  (logic 4.011ns (46.792%)  route 4.561ns (53.208%))
  Logic Levels:           4  (DSP48E1=1 LUT4=1 LUT6=2)
  Clock Uncertainty:      0.241ns  ((TSJ^2 + TIJ^2)^1/2 + DJ) / 2 + PE
    Total System Jitter     (TSJ):    0.050ns
    Total Input Jitter      (TIJ):    0.480ns
    Discrete Jitter          (DJ):    0.000ns
    Phase Error              (PE):    0.000ns

    Location             Delay type                Incr(ns)  Path(ns)    Netlist Resource(s)
  -------------------------------------------------------------------    -------------------
    DSP48_X3Y35          DSP48E1                      0.000     0.000 r  design_1_i/vit_tlayer_fused_0/inst/fmul_32ns_32ns_32_3_max_dsp_1_U104/vit_transformer_layer_fused_ap_fmul_1_max_dsp_32_u/U0/i_synth/MULT.OP/i_non_prim.MULT/DSP48E1_SPD_SGL_VARIANT.FIX_MULT/DSP1/i_no_versal_es1_workaround.DSP/ACOUT[29]
                         net (fo=1, routed)           0.002     0.002    design_1_i/vit_tlayer_fused_0/inst/fmul_32ns_32ns_32_3_max_dsp_1_U104/vit_transformer_layer_fused_ap_fmul_1_max_dsp_32_u/U0/i_synth/MULT.OP/i_non_prim.MULT/DSP48E1_SPD_SGL_VARIANT.FIX_MULT/DSP2/ACOUT[29]
    DSP48_X3Y36                                                       r  design_1_i/vit_tlayer_fused_0/inst/fmul_32ns_32ns_32_3_max_dsp_1_U104/vit_transformer_layer_fused_ap_fmul_1_max_dsp_32_u/U0/i_synth/MULT.OP/i_non_prim.MULT/DSP48E1_SPD_SGL_VARIANT.FIX_MULT/DSP2/i_no_versal_es1_workaround.DSP/ACIN[29]
    DSP48_X3Y36          DSP48E1 (Prop_dsp48e1_ACIN[29]_P[30])
                                                      3.639     3.641 f  design_1_i/vit_tlayer_fused_0/inst/fmul_32ns_32ns_32_3_max_dsp_1_U104/vit_transformer_layer_fused_ap_fmul_1_max_dsp_32_u/U0/i_synth/MULT.OP/i_non_prim.MULT/DSP48E1_SPD_SGL_VARIANT.FIX_MULT/DSP2/i_no_versal_es1_workaround.DSP/P[30]
                         net (fo=30, routed)          2.173     5.814    design_1_i/vit_tlayer_fused_0/inst/fmul_32ns_32ns_32_3_max_dsp_1_U104/vit_transformer_layer_fused_ap_fmul_1_max_dsp_32_u/U0/i_synth/MULT.OP/i_non_prim.EXP/EXP_ADD.C_CHAIN/RESULT[0]
    SLICE_X86Y89                                                      f  design_1_i/vit_tlayer_fused_0/inst/fmul_32ns_32ns_32_3_max_dsp_1_U104/vit_transformer_layer_fused_ap_fmul_1_max_dsp_32_u/U0/i_synth/MULT.OP/i_non_prim.EXP/EXP_ADD.C_CHAIN/RESULT_REG.NORMAL.exp_op[7]_i_10/I1
    SLICE_X86Y89         LUT4 (Prop_lut4_I1_O)        0.124     5.938 f  design_1_i/vit_tlayer_fused_0/inst/fmul_32ns_32ns_32_3_max_dsp_1_U104/vit_transformer_layer_fused_ap_fmul_1_max_dsp_32_u/U0/i_synth/MULT.OP/i_non_prim.EXP/EXP_ADD.C_CHAIN/RESULT_REG.NORMAL.exp_op[7]_i_10/O
                         net (fo=2, routed)           0.806     6.744    design_1_i/vit_tlayer_fused_0/inst/fmul_32ns_32ns_32_3_max_dsp_1_U104/vit_transformer_layer_fused_ap_fmul_1_max_dsp_32_u/U0/i_synth/MULT.OP/i_non_prim.EXP/EXP_ADD.C_CHAIN/state_int_up1__0
    SLICE_X86Y89                                                      f  design_1_i/vit_tlayer_fused_0/inst/fmul_32ns_32ns_32_3_max_dsp_1_U104/vit_transformer_layer_fused_ap_fmul_1_max_dsp_32_u/U0/i_synth/MULT.OP/i_non_prim.EXP/EXP_ADD.C_CHAIN/RESULT_REG.NORMAL.exp_op[7]_i_3/I1
    SLICE_X86Y89         LUT6 (Prop_lut6_I1_O)        0.124     6.868 f  design_1_i/vit_tlayer_fused_0/inst/fmul_32ns_32ns_32_3_max_dsp_1_U104/vit_transformer_layer_fused_ap_fmul_1_max_dsp_32_u/U0/i_synth/MULT.OP/i_non_prim.EXP/EXP_ADD.C_CHAIN/RESULT_REG.NORMAL.exp_op[7]_i_3/O
                         net (fo=11, routed)          0.669     7.537    design_1_i/vit_tlayer_fused_0/inst/fmul_32ns_32ns_32_3_max_dsp_1_U104/vit_transformer_layer_fused_ap_fmul_1_max_dsp_32_u/U0/i_synth/MULT.OP/i_non_prim.EXP/EXP_ADD.C_CHAIN/i_no_versal_es1_workaround.DSP_0
    SLICE_X87Y89                                                      f  design_1_i/vit_tlayer_fused_0/inst/fmul_32ns_32ns_32_3_max_dsp_1_U104/vit_transformer_layer_fused_ap_fmul_1_max_dsp_32_u/U0/i_synth/MULT.OP/i_non_prim.EXP/EXP_ADD.C_CHAIN/RESULT_REG.NORMAL.exp_op[7]_i_1/I0
    SLICE_X87Y89         LUT6 (Prop_lut6_I0_O)        0.124     7.661 r  design_1_i/vit_tlayer_fused_0/inst/fmul_32ns_32ns_32_3_max_dsp_1_U104/vit_transformer_layer_fused_ap_fmul_1_max_dsp_32_u/U0/i_synth/MULT.OP/i_non_prim.EXP/EXP_ADD.C_CHAIN/RESULT_REG.NORMAL.exp_op[7]_i_1/O
                         net (fo=8, routed)           0.911     8.572    design_1_i/vit_tlayer_fused_0/inst/fmul_32ns_32ns_32_3_max_dsp_1_U104/vit_transformer_layer_fused_ap_fmul_1_max_dsp_32_u/U0/i_synth/MULT.OP/i_non_prim.OP/state_op[0]
    SLICE_X91Y94         FDRE                                         r  design_1_i/vit_tlayer_fused_0/inst/fmul_32ns_32ns_32_3_max_dsp_1_U104/vit_transformer_layer_fused_ap_fmul_1_max_dsp_32_u/U0/i_synth/MULT.OP/i_non_prim.OP/RESULT_REG.NORMAL.exp_op_reg[1]/R
  -------------------------------------------------------------------    -------------------

                         (clock clk_fpga_0 rise edge)
                                                      0.000     0.000 r  
    PS7_X0Y0             PS7                          0.000     0.000 r  design_1_i/processing_system7_0/inst/PS7_i/FCLKCLK[0]
                         net (fo=1, routed)           1.088     1.088    design_1_i/processing_system7_0/inst/FCLK_CLK_unbuffered[0]
    BUFGCTRL_X0Y16                                                    r  design_1_i/processing_system7_0/inst/buffer_fclk_clk_0.FCLK_CLK_0_BUFG/I
    BUFGCTRL_X0Y16       BUFG (Prop_bufg_I_O)         0.091     1.179 r  design_1_i/processing_system7_0/inst/buffer_fclk_clk_0.FCLK_CLK_0_BUFG/O
                         net (fo=38067, routed)       1.605     2.784    design_1_i/vit_tlayer_fused_0/inst/fmul_32ns_32ns_32_3_max_dsp_1_U104/vit_transformer_layer_fused_ap_fmul_1_max_dsp_32_u/U0/i_synth/MULT.OP/i_non_prim.OP/aclk
    SLICE_X91Y94         FDRE                                         r  design_1_i/vit_tlayer_fused_0/inst/fmul_32ns_32ns_32_3_max_dsp_1_U104/vit_transformer_layer_fused_ap_fmul_1_max_dsp_32_u/U0/i_synth/MULT.OP/i_non_prim.OP/RESULT_REG.NORMAL.exp_op_reg[1]/C

Slack:                    inf
  Source:                 design_1_i/vit_tlayer_fused_0/inst/fmul_32ns_32ns_32_3_max_dsp_1_U104/vit_transformer_layer_fused_ap_fmul_1_max_dsp_32_u/U0/i_synth/MULT.OP/i_non_prim.MULT/DSP48E1_SPD_SGL_VARIANT.FIX_MULT/DSP1/i_no_versal_es1_workaround.DSP/ACOUT[29]
                            (internal pin)
  Destination:            design_1_i/vit_tlayer_fused_0/inst/fmul_32ns_32ns_32_3_max_dsp_1_U104/vit_transformer_layer_fused_ap_fmul_1_max_dsp_32_u/U0/i_synth/MULT.OP/i_non_prim.OP/RESULT_REG.NORMAL.exp_op_reg[2]/R
                            (rising edge-triggered cell FDRE clocked by clk_fpga_0  {rise@0.000ns fall@8.000ns period=16.000ns})
  Path Group:             (none)
  Path Type:              Setup (Max at Slow Process Corner)
  Data Path Delay:        8.572ns  (logic 4.011ns (46.792%)  route 4.561ns (53.208%))
  Logic Levels:           4  (DSP48E1=1 LUT4=1 LUT6=2)
  Clock Uncertainty:      0.241ns  ((TSJ^2 + TIJ^2)^1/2 + DJ) / 2 + PE
    Total System Jitter     (TSJ):    0.050ns
    Total Input Jitter      (TIJ):    0.480ns
    Discrete Jitter          (DJ):    0.000ns
    Phase Error              (PE):    0.000ns

    Location             Delay type                Incr(ns)  Path(ns)    Netlist Resource(s)
  -------------------------------------------------------------------    -------------------
    DSP48_X3Y35          DSP48E1                      0.000     0.000 r  design_1_i/vit_tlayer_fused_0/inst/fmul_32ns_32ns_32_3_max_dsp_1_U104/vit_transformer_layer_fused_ap_fmul_1_max_dsp_32_u/U0/i_synth/MULT.OP/i_non_prim.MULT/DSP48E1_SPD_SGL_VARIANT.FIX_MULT/DSP1/i_no_versal_es1_workaround.DSP/ACOUT[29]
                         net (fo=1, routed)           0.002     0.002    design_1_i/vit_tlayer_fused_0/inst/fmul_32ns_32ns_32_3_max_dsp_1_U104/vit_transformer_layer_fused_ap_fmul_1_max_dsp_32_u/U0/i_synth/MULT.OP/i_non_prim.MULT/DSP48E1_SPD_SGL_VARIANT.FIX_MULT/DSP2/ACOUT[29]
    DSP48_X3Y36                                                       r  design_1_i/vit_tlayer_fused_0/inst/fmul_32ns_32ns_32_3_max_dsp_1_U104/vit_transformer_layer_fused_ap_fmul_1_max_dsp_32_u/U0/i_synth/MULT.OP/i_non_prim.MULT/DSP48E1_SPD_SGL_VARIANT.FIX_MULT/DSP2/i_no_versal_es1_workaround.DSP/ACIN[29]
    DSP48_X3Y36          DSP48E1 (Prop_dsp48e1_ACIN[29]_P[30])
                                                      3.639     3.641 f  design_1_i/vit_tlayer_fused_0/inst/fmul_32ns_32ns_32_3_max_dsp_1_U104/vit_transformer_layer_fused_ap_fmul_1_max_dsp_32_u/U0/i_synth/MULT.OP/i_non_prim.MULT/DSP48E1_SPD_SGL_VARIANT.FIX_MULT/DSP2/i_no_versal_es1_workaround.DSP/P[30]
                         net (fo=30, routed)          2.173     5.814    design_1_i/vit_tlayer_fused_0/inst/fmul_32ns_32ns_32_3_max_dsp_1_U104/vit_transformer_layer_fused_ap_fmul_1_max_dsp_32_u/U0/i_synth/MULT.OP/i_non_prim.EXP/EXP_ADD.C_CHAIN/RESULT[0]
    SLICE_X86Y89                                                      f  design_1_i/vit_tlayer_fused_0/inst/fmul_32ns_32ns_32_3_max_dsp_1_U104/vit_transformer_layer_fused_ap_fmul_1_max_dsp_32_u/U0/i_synth/MULT.OP/i_non_prim.EXP/EXP_ADD.C_CHAIN/RESULT_REG.NORMAL.exp_op[7]_i_10/I1
    SLICE_X86Y89         LUT4 (Prop_lut4_I1_O)        0.124     5.938 f  design_1_i/vit_tlayer_fused_0/inst/fmul_32ns_32ns_32_3_max_dsp_1_U104/vit_transformer_layer_fused_ap_fmul_1_max_dsp_32_u/U0/i_synth/MULT.OP/i_non_prim.EXP/EXP_ADD.C_CHAIN/RESULT_REG.NORMAL.exp_op[7]_i_10/O
                         net (fo=2, routed)           0.806     6.744    design_1_i/vit_tlayer_fused_0/inst/fmul_32ns_32ns_32_3_max_dsp_1_U104/vit_transformer_layer_fused_ap_fmul_1_max_dsp_32_u/U0/i_synth/MULT.OP/i_non_prim.EXP/EXP_ADD.C_CHAIN/state_int_up1__0
    SLICE_X86Y89                                                      f  design_1_i/vit_tlayer_fused_0/inst/fmul_32ns_32ns_32_3_max_dsp_1_U104/vit_transformer_layer_fused_ap_fmul_1_max_dsp_32_u/U0/i_synth/MULT.OP/i_non_prim.EXP/EXP_ADD.C_CHAIN/RESULT_REG.NORMAL.exp_op[7]_i_3/I1
    SLICE_X86Y89         LUT6 (Prop_lut6_I1_O)        0.124     6.868 f  design_1_i/vit_tlayer_fused_0/inst/fmul_32ns_32ns_32_3_max_dsp_1_U104/vit_transformer_layer_fused_ap_fmul_1_max_dsp_32_u/U0/i_synth/MULT.OP/i_non_prim.EXP/EXP_ADD.C_CHAIN/RESULT_REG.NORMAL.exp_op[7]_i_3/O
                         net (fo=11, routed)          0.669     7.537    design_1_i/vit_tlayer_fused_0/inst/fmul_32ns_32ns_32_3_max_dsp_1_U104/vit_transformer_layer_fused_ap_fmul_1_max_dsp_32_u/U0/i_synth/MULT.OP/i_non_prim.EXP/EXP_ADD.C_CHAIN/i_no_versal_es1_workaround.DSP_0
    SLICE_X87Y89                                                      f  design_1_i/vit_tlayer_fused_0/inst/fmul_32ns_32ns_32_3_max_dsp_1_U104/vit_transformer_layer_fused_ap_fmul_1_max_dsp_32_u/U0/i_synth/MULT.OP/i_non_prim.EXP/EXP_ADD.C_CHAIN/RESULT_REG.NORMAL.exp_op[7]_i_1/I0
    SLICE_X87Y89         LUT6 (Prop_lut6_I0_O)        0.124     7.661 r  design_1_i/vit_tlayer_fused_0/inst/fmul_32ns_32ns_32_3_max_dsp_1_U104/vit_transformer_layer_fused_ap_fmul_1_max_dsp_32_u/U0/i_synth/MULT.OP/i_non_prim.EXP/EXP_ADD.C_CHAIN/RESULT_REG.NORMAL.exp_op[7]_i_1/O
                         net (fo=8, routed)           0.911     8.572    design_1_i/vit_tlayer_fused_0/inst/fmul_32ns_32ns_32_3_max_dsp_1_U104/vit_transformer_layer_fused_ap_fmul_1_max_dsp_32_u/U0/i_synth/MULT.OP/i_non_prim.OP/state_op[0]
    SLICE_X91Y94         FDRE                                         r  design_1_i/vit_tlayer_fused_0/inst/fmul_32ns_32ns_32_3_max_dsp_1_U104/vit_transformer_layer_fused_ap_fmul_1_max_dsp_32_u/U0/i_synth/MULT.OP/i_non_prim.OP/RESULT_REG.NORMAL.exp_op_reg[2]/R
  -------------------------------------------------------------------    -------------------

                         (clock clk_fpga_0 rise edge)
                                                      0.000     0.000 r  
    PS7_X0Y0             PS7                          0.000     0.000 r  design_1_i/processing_system7_0/inst/PS7_i/FCLKCLK[0]
                         net (fo=1, routed)           1.088     1.088    design_1_i/processing_system7_0/inst/FCLK_CLK_unbuffered[0]
    BUFGCTRL_X0Y16                                                    r  design_1_i/processing_system7_0/inst/buffer_fclk_clk_0.FCLK_CLK_0_BUFG/I
    BUFGCTRL_X0Y16       BUFG (Prop_bufg_I_O)         0.091     1.179 r  design_1_i/processing_system7_0/inst/buffer_fclk_clk_0.FCLK_CLK_0_BUFG/O
                         net (fo=38067, routed)       1.605     2.784    design_1_i/vit_tlayer_fused_0/inst/fmul_32ns_32ns_32_3_max_dsp_1_U104/vit_transformer_layer_fused_ap_fmul_1_max_dsp_32_u/U0/i_synth/MULT.OP/i_non_prim.OP/aclk
    SLICE_X91Y94         FDRE                                         r  design_1_i/vit_tlayer_fused_0/inst/fmul_32ns_32ns_32_3_max_dsp_1_U104/vit_transformer_layer_fused_ap_fmul_1_max_dsp_32_u/U0/i_synth/MULT.OP/i_non_prim.OP/RESULT_REG.NORMAL.exp_op_reg[2]/C

Slack:                    inf
  Source:                 design_1_i/vit_tlayer_fused_0/inst/fmul_32ns_32ns_32_3_max_dsp_1_U104/vit_transformer_layer_fused_ap_fmul_1_max_dsp_32_u/U0/i_synth/MULT.OP/i_non_prim.MULT/DSP48E1_SPD_SGL_VARIANT.FIX_MULT/DSP1/i_no_versal_es1_workaround.DSP/ACOUT[29]
                            (internal pin)
  Destination:            design_1_i/vit_tlayer_fused_0/inst/fmul_32ns_32ns_32_3_max_dsp_1_U104/vit_transformer_layer_fused_ap_fmul_1_max_dsp_32_u/U0/i_synth/MULT.OP/i_non_prim.OP/RESULT_REG.NORMAL.exp_op_reg[3]/R
                            (rising edge-triggered cell FDRE clocked by clk_fpga_0  {rise@0.000ns fall@8.000ns period=16.000ns})
  Path Group:             (none)
  Path Type:              Setup (Max at Slow Process Corner)
  Data Path Delay:        8.572ns  (logic 4.011ns (46.792%)  route 4.561ns (53.208%))
  Logic Levels:           4  (DSP48E1=1 LUT4=1 LUT6=2)
  Clock Uncertainty:      0.241ns  ((TSJ^2 + TIJ^2)^1/2 + DJ) / 2 + PE
    Total System Jitter     (TSJ):    0.050ns
    Total Input Jitter      (TIJ):    0.480ns
    Discrete Jitter          (DJ):    0.000ns
    Phase Error              (PE):    0.000ns

    Location             Delay type                Incr(ns)  Path(ns)    Netlist Resource(s)
  -------------------------------------------------------------------    -------------------
    DSP48_X3Y35          DSP48E1                      0.000     0.000 r  design_1_i/vit_tlayer_fused_0/inst/fmul_32ns_32ns_32_3_max_dsp_1_U104/vit_transformer_layer_fused_ap_fmul_1_max_dsp_32_u/U0/i_synth/MULT.OP/i_non_prim.MULT/DSP48E1_SPD_SGL_VARIANT.FIX_MULT/DSP1/i_no_versal_es1_workaround.DSP/ACOUT[29]
                         net (fo=1, routed)           0.002     0.002    design_1_i/vit_tlayer_fused_0/inst/fmul_32ns_32ns_32_3_max_dsp_1_U104/vit_transformer_layer_fused_ap_fmul_1_max_dsp_32_u/U0/i_synth/MULT.OP/i_non_prim.MULT/DSP48E1_SPD_SGL_VARIANT.FIX_MULT/DSP2/ACOUT[29]
    DSP48_X3Y36                                                       r  design_1_i/vit_tlayer_fused_0/inst/fmul_32ns_32ns_32_3_max_dsp_1_U104/vit_transformer_layer_fused_ap_fmul_1_max_dsp_32_u/U0/i_synth/MULT.OP/i_non_prim.MULT/DSP48E1_SPD_SGL_VARIANT.FIX_MULT/DSP2/i_no_versal_es1_workaround.DSP/ACIN[29]
    DSP48_X3Y36          DSP48E1 (Prop_dsp48e1_ACIN[29]_P[30])
                                                      3.639     3.641 f  design_1_i/vit_tlayer_fused_0/inst/fmul_32ns_32ns_32_3_max_dsp_1_U104/vit_transformer_layer_fused_ap_fmul_1_max_dsp_32_u/U0/i_synth/MULT.OP/i_non_prim.MULT/DSP48E1_SPD_SGL_VARIANT.FIX_MULT/DSP2/i_no_versal_es1_workaround.DSP/P[30]
                         net (fo=30, routed)          2.173     5.814    design_1_i/vit_tlayer_fused_0/inst/fmul_32ns_32ns_32_3_max_dsp_1_U104/vit_transformer_layer_fused_ap_fmul_1_max_dsp_32_u/U0/i_synth/MULT.OP/i_non_prim.EXP/EXP_ADD.C_CHAIN/RESULT[0]
    SLICE_X86Y89                                                      f  design_1_i/vit_tlayer_fused_0/inst/fmul_32ns_32ns_32_3_max_dsp_1_U104/vit_transformer_layer_fused_ap_fmul_1_max_dsp_32_u/U0/i_synth/MULT.OP/i_non_prim.EXP/EXP_ADD.C_CHAIN/RESULT_REG.NORMAL.exp_op[7]_i_10/I1
    SLICE_X86Y89         LUT4 (Prop_lut4_I1_O)        0.124     5.938 f  design_1_i/vit_tlayer_fused_0/inst/fmul_32ns_32ns_32_3_max_dsp_1_U104/vit_transformer_layer_fused_ap_fmul_1_max_dsp_32_u/U0/i_synth/MULT.OP/i_non_prim.EXP/EXP_ADD.C_CHAIN/RESULT_REG.NORMAL.exp_op[7]_i_10/O
                         net (fo=2, routed)           0.806     6.744    design_1_i/vit_tlayer_fused_0/inst/fmul_32ns_32ns_32_3_max_dsp_1_U104/vit_transformer_layer_fused_ap_fmul_1_max_dsp_32_u/U0/i_synth/MULT.OP/i_non_prim.EXP/EXP_ADD.C_CHAIN/state_int_up1__0
    SLICE_X86Y89                                                      f  design_1_i/vit_tlayer_fused_0/inst/fmul_32ns_32ns_32_3_max_dsp_1_U104/vit_transformer_layer_fused_ap_fmul_1_max_dsp_32_u/U0/i_synth/MULT.OP/i_non_prim.EXP/EXP_ADD.C_CHAIN/RESULT_REG.NORMAL.exp_op[7]_i_3/I1
    SLICE_X86Y89         LUT6 (Prop_lut6_I1_O)        0.124     6.868 f  design_1_i/vit_tlayer_fused_0/inst/fmul_32ns_32ns_32_3_max_dsp_1_U104/vit_transformer_layer_fused_ap_fmul_1_max_dsp_32_u/U0/i_synth/MULT.OP/i_non_prim.EXP/EXP_ADD.C_CHAIN/RESULT_REG.NORMAL.exp_op[7]_i_3/O
                         net (fo=11, routed)          0.669     7.537    design_1_i/vit_tlayer_fused_0/inst/fmul_32ns_32ns_32_3_max_dsp_1_U104/vit_transformer_layer_fused_ap_fmul_1_max_dsp_32_u/U0/i_synth/MULT.OP/i_non_prim.EXP/EXP_ADD.C_CHAIN/i_no_versal_es1_workaround.DSP_0
    SLICE_X87Y89                                                      f  design_1_i/vit_tlayer_fused_0/inst/fmul_32ns_32ns_32_3_max_dsp_1_U104/vit_transformer_layer_fused_ap_fmul_1_max_dsp_32_u/U0/i_synth/MULT.OP/i_non_prim.EXP/EXP_ADD.C_CHAIN/RESULT_REG.NORMAL.exp_op[7]_i_1/I0
    SLICE_X87Y89         LUT6 (Prop_lut6_I0_O)        0.124     7.661 r  design_1_i/vit_tlayer_fused_0/inst/fmul_32ns_32ns_32_3_max_dsp_1_U104/vit_transformer_layer_fused_ap_fmul_1_max_dsp_32_u/U0/i_synth/MULT.OP/i_non_prim.EXP/EXP_ADD.C_CHAIN/RESULT_REG.NORMAL.exp_op[7]_i_1/O
                         net (fo=8, routed)           0.911     8.572    design_1_i/vit_tlayer_fused_0/inst/fmul_32ns_32ns_32_3_max_dsp_1_U104/vit_transformer_layer_fused_ap_fmul_1_max_dsp_32_u/U0/i_synth/MULT.OP/i_non_prim.OP/state_op[0]
    SLICE_X91Y94         FDRE                                         r  design_1_i/vit_tlayer_fused_0/inst/fmul_32ns_32ns_32_3_max_dsp_1_U104/vit_transformer_layer_fused_ap_fmul_1_max_dsp_32_u/U0/i_synth/MULT.OP/i_non_prim.OP/RESULT_REG.NORMAL.exp_op_reg[3]/R
  -------------------------------------------------------------------    -------------------

                         (clock clk_fpga_0 rise edge)
                                                      0.000     0.000 r  
    PS7_X0Y0             PS7                          0.000     0.000 r  design_1_i/processing_system7_0/inst/PS7_i/FCLKCLK[0]
                         net (fo=1, routed)           1.088     1.088    design_1_i/processing_system7_0/inst/FCLK_CLK_unbuffered[0]
    BUFGCTRL_X0Y16                                                    r  design_1_i/processing_system7_0/inst/buffer_fclk_clk_0.FCLK_CLK_0_BUFG/I
    BUFGCTRL_X0Y16       BUFG (Prop_bufg_I_O)         0.091     1.179 r  design_1_i/processing_system7_0/inst/buffer_fclk_clk_0.FCLK_CLK_0_BUFG/O
                         net (fo=38067, routed)       1.605     2.784    design_1_i/vit_tlayer_fused_0/inst/fmul_32ns_32ns_32_3_max_dsp_1_U104/vit_transformer_layer_fused_ap_fmul_1_max_dsp_32_u/U0/i_synth/MULT.OP/i_non_prim.OP/aclk
    SLICE_X91Y94         FDRE                                         r  design_1_i/vit_tlayer_fused_0/inst/fmul_32ns_32ns_32_3_max_dsp_1_U104/vit_transformer_layer_fused_ap_fmul_1_max_dsp_32_u/U0/i_synth/MULT.OP/i_non_prim.OP/RESULT_REG.NORMAL.exp_op_reg[3]/C

Slack:                    inf
  Source:                 design_1_i/vit_tlayer_fused_0/inst/fmul_32ns_32ns_32_3_max_dsp_1_U104/vit_transformer_layer_fused_ap_fmul_1_max_dsp_32_u/U0/i_synth/MULT.OP/i_non_prim.MULT/DSP48E1_SPD_SGL_VARIANT.FIX_MULT/DSP1/i_no_versal_es1_workaround.DSP/ACOUT[29]
                            (internal pin)
  Destination:            design_1_i/vit_tlayer_fused_0/inst/fmul_32ns_32ns_32_3_max_dsp_1_U104/vit_transformer_layer_fused_ap_fmul_1_max_dsp_32_u/U0/i_synth/MULT.OP/i_non_prim.OP/RESULT_REG.NORMAL.exp_op_reg[4]/R
                            (rising edge-triggered cell FDRE clocked by clk_fpga_0  {rise@0.000ns fall@8.000ns period=16.000ns})
  Path Group:             (none)
  Path Type:              Setup (Max at Slow Process Corner)
  Data Path Delay:        8.572ns  (logic 4.011ns (46.792%)  route 4.561ns (53.208%))
  Logic Levels:           4  (DSP48E1=1 LUT4=1 LUT6=2)
  Clock Uncertainty:      0.241ns  ((TSJ^2 + TIJ^2)^1/2 + DJ) / 2 + PE
    Total System Jitter     (TSJ):    0.050ns
    Total Input Jitter      (TIJ):    0.480ns
    Discrete Jitter          (DJ):    0.000ns
    Phase Error              (PE):    0.000ns

    Location             Delay type                Incr(ns)  Path(ns)    Netlist Resource(s)
  -------------------------------------------------------------------    -------------------
    DSP48_X3Y35          DSP48E1                      0.000     0.000 r  design_1_i/vit_tlayer_fused_0/inst/fmul_32ns_32ns_32_3_max_dsp_1_U104/vit_transformer_layer_fused_ap_fmul_1_max_dsp_32_u/U0/i_synth/MULT.OP/i_non_prim.MULT/DSP48E1_SPD_SGL_VARIANT.FIX_MULT/DSP1/i_no_versal_es1_workaround.DSP/ACOUT[29]
                         net (fo=1, routed)           0.002     0.002    design_1_i/vit_tlayer_fused_0/inst/fmul_32ns_32ns_32_3_max_dsp_1_U104/vit_transformer_layer_fused_ap_fmul_1_max_dsp_32_u/U0/i_synth/MULT.OP/i_non_prim.MULT/DSP48E1_SPD_SGL_VARIANT.FIX_MULT/DSP2/ACOUT[29]
    DSP48_X3Y36                                                       r  design_1_i/vit_tlayer_fused_0/inst/fmul_32ns_32ns_32_3_max_dsp_1_U104/vit_transformer_layer_fused_ap_fmul_1_max_dsp_32_u/U0/i_synth/MULT.OP/i_non_prim.MULT/DSP48E1_SPD_SGL_VARIANT.FIX_MULT/DSP2/i_no_versal_es1_workaround.DSP/ACIN[29]
    DSP48_X3Y36          DSP48E1 (Prop_dsp48e1_ACIN[29]_P[30])
                                                      3.639     3.641 f  design_1_i/vit_tlayer_fused_0/inst/fmul_32ns_32ns_32_3_max_dsp_1_U104/vit_transformer_layer_fused_ap_fmul_1_max_dsp_32_u/U0/i_synth/MULT.OP/i_non_prim.MULT/DSP48E1_SPD_SGL_VARIANT.FIX_MULT/DSP2/i_no_versal_es1_workaround.DSP/P[30]
                         net (fo=30, routed)          2.173     5.814    design_1_i/vit_tlayer_fused_0/inst/fmul_32ns_32ns_32_3_max_dsp_1_U104/vit_transformer_layer_fused_ap_fmul_1_max_dsp_32_u/U0/i_synth/MULT.OP/i_non_prim.EXP/EXP_ADD.C_CHAIN/RESULT[0]
    SLICE_X86Y89                                                      f  design_1_i/vit_tlayer_fused_0/inst/fmul_32ns_32ns_32_3_max_dsp_1_U104/vit_transformer_layer_fused_ap_fmul_1_max_dsp_32_u/U0/i_synth/MULT.OP/i_non_prim.EXP/EXP_ADD.C_CHAIN/RESULT_REG.NORMAL.exp_op[7]_i_10/I1
    SLICE_X86Y89         LUT4 (Prop_lut4_I1_O)        0.124     5.938 f  design_1_i/vit_tlayer_fused_0/inst/fmul_32ns_32ns_32_3_max_dsp_1_U104/vit_transformer_layer_fused_ap_fmul_1_max_dsp_32_u/U0/i_synth/MULT.OP/i_non_prim.EXP/EXP_ADD.C_CHAIN/RESULT_REG.NORMAL.exp_op[7]_i_10/O
                         net (fo=2, routed)           0.806     6.744    design_1_i/vit_tlayer_fused_0/inst/fmul_32ns_32ns_32_3_max_dsp_1_U104/vit_transformer_layer_fused_ap_fmul_1_max_dsp_32_u/U0/i_synth/MULT.OP/i_non_prim.EXP/EXP_ADD.C_CHAIN/state_int_up1__0
    SLICE_X86Y89                                                      f  design_1_i/vit_tlayer_fused_0/inst/fmul_32ns_32ns_32_3_max_dsp_1_U104/vit_transformer_layer_fused_ap_fmul_1_max_dsp_32_u/U0/i_synth/MULT.OP/i_non_prim.EXP/EXP_ADD.C_CHAIN/RESULT_REG.NORMAL.exp_op[7]_i_3/I1
    SLICE_X86Y89         LUT6 (Prop_lut6_I1_O)        0.124     6.868 f  design_1_i/vit_tlayer_fused_0/inst/fmul_32ns_32ns_32_3_max_dsp_1_U104/vit_transformer_layer_fused_ap_fmul_1_max_dsp_32_u/U0/i_synth/MULT.OP/i_non_prim.EXP/EXP_ADD.C_CHAIN/RESULT_REG.NORMAL.exp_op[7]_i_3/O
                         net (fo=11, routed)          0.669     7.537    design_1_i/vit_tlayer_fused_0/inst/fmul_32ns_32ns_32_3_max_dsp_1_U104/vit_transformer_layer_fused_ap_fmul_1_max_dsp_32_u/U0/i_synth/MULT.OP/i_non_prim.EXP/EXP_ADD.C_CHAIN/i_no_versal_es1_workaround.DSP_0
    SLICE_X87Y89                                                      f  design_1_i/vit_tlayer_fused_0/inst/fmul_32ns_32ns_32_3_max_dsp_1_U104/vit_transformer_layer_fused_ap_fmul_1_max_dsp_32_u/U0/i_synth/MULT.OP/i_non_prim.EXP/EXP_ADD.C_CHAIN/RESULT_REG.NORMAL.exp_op[7]_i_1/I0
    SLICE_X87Y89         LUT6 (Prop_lut6_I0_O)        0.124     7.661 r  design_1_i/vit_tlayer_fused_0/inst/fmul_32ns_32ns_32_3_max_dsp_1_U104/vit_transformer_layer_fused_ap_fmul_1_max_dsp_32_u/U0/i_synth/MULT.OP/i_non_prim.EXP/EXP_ADD.C_CHAIN/RESULT_REG.NORMAL.exp_op[7]_i_1/O
                         net (fo=8, routed)           0.911     8.572    design_1_i/vit_tlayer_fused_0/inst/fmul_32ns_32ns_32_3_max_dsp_1_U104/vit_transformer_layer_fused_ap_fmul_1_max_dsp_32_u/U0/i_synth/MULT.OP/i_non_prim.OP/state_op[0]
    SLICE_X90Y94         FDRE                                         r  design_1_i/vit_tlayer_fused_0/inst/fmul_32ns_32ns_32_3_max_dsp_1_U104/vit_transformer_layer_fused_ap_fmul_1_max_dsp_32_u/U0/i_synth/MULT.OP/i_non_prim.OP/RESULT_REG.NORMAL.exp_op_reg[4]/R
  -------------------------------------------------------------------    -------------------

                         (clock clk_fpga_0 rise edge)
                                                      0.000     0.000 r  
    PS7_X0Y0             PS7                          0.000     0.000 r  design_1_i/processing_system7_0/inst/PS7_i/FCLKCLK[0]
                         net (fo=1, routed)           1.088     1.088    design_1_i/processing_system7_0/inst/FCLK_CLK_unbuffered[0]
    BUFGCTRL_X0Y16                                                    r  design_1_i/processing_system7_0/inst/buffer_fclk_clk_0.FCLK_CLK_0_BUFG/I
    BUFGCTRL_X0Y16       BUFG (Prop_bufg_I_O)         0.091     1.179 r  design_1_i/processing_system7_0/inst/buffer_fclk_clk_0.FCLK_CLK_0_BUFG/O
                         net (fo=38067, routed)       1.605     2.784    design_1_i/vit_tlayer_fused_0/inst/fmul_32ns_32ns_32_3_max_dsp_1_U104/vit_transformer_layer_fused_ap_fmul_1_max_dsp_32_u/U0/i_synth/MULT.OP/i_non_prim.OP/aclk
    SLICE_X90Y94         FDRE                                         r  design_1_i/vit_tlayer_fused_0/inst/fmul_32ns_32ns_32_3_max_dsp_1_U104/vit_transformer_layer_fused_ap_fmul_1_max_dsp_32_u/U0/i_synth/MULT.OP/i_non_prim.OP/RESULT_REG.NORMAL.exp_op_reg[4]/C

Slack:                    inf
  Source:                 design_1_i/vit_tlayer_fused_0/inst/fmul_32ns_32ns_32_3_max_dsp_1_U104/vit_transformer_layer_fused_ap_fmul_1_max_dsp_32_u/U0/i_synth/MULT.OP/i_non_prim.MULT/DSP48E1_SPD_SGL_VARIANT.FIX_MULT/DSP1/i_no_versal_es1_workaround.DSP/ACOUT[29]
                            (internal pin)
  Destination:            design_1_i/vit_tlayer_fused_0/inst/fmul_32ns_32ns_32_3_max_dsp_1_U104/vit_transformer_layer_fused_ap_fmul_1_max_dsp_32_u/U0/i_synth/MULT.OP/i_non_prim.OP/RESULT_REG.NORMAL.exp_op_reg[5]/R
                            (rising edge-triggered cell FDRE clocked by clk_fpga_0  {rise@0.000ns fall@8.000ns period=16.000ns})
  Path Group:             (none)
  Path Type:              Setup (Max at Slow Process Corner)
  Data Path Delay:        8.572ns  (logic 4.011ns (46.792%)  route 4.561ns (53.208%))
  Logic Levels:           4  (DSP48E1=1 LUT4=1 LUT6=2)
  Clock Uncertainty:      0.241ns  ((TSJ^2 + TIJ^2)^1/2 + DJ) / 2 + PE
    Total System Jitter     (TSJ):    0.050ns
    Total Input Jitter      (TIJ):    0.480ns
    Discrete Jitter          (DJ):    0.000ns
    Phase Error              (PE):    0.000ns

    Location             Delay type                Incr(ns)  Path(ns)    Netlist Resource(s)
  -------------------------------------------------------------------    -------------------
    DSP48_X3Y35          DSP48E1                      0.000     0.000 r  design_1_i/vit_tlayer_fused_0/inst/fmul_32ns_32ns_32_3_max_dsp_1_U104/vit_transformer_layer_fused_ap_fmul_1_max_dsp_32_u/U0/i_synth/MULT.OP/i_non_prim.MULT/DSP48E1_SPD_SGL_VARIANT.FIX_MULT/DSP1/i_no_versal_es1_workaround.DSP/ACOUT[29]
                         net (fo=1, routed)           0.002     0.002    design_1_i/vit_tlayer_fused_0/inst/fmul_32ns_32ns_32_3_max_dsp_1_U104/vit_transformer_layer_fused_ap_fmul_1_max_dsp_32_u/U0/i_synth/MULT.OP/i_non_prim.MULT/DSP48E1_SPD_SGL_VARIANT.FIX_MULT/DSP2/ACOUT[29]
    DSP48_X3Y36                                                       r  design_1_i/vit_tlayer_fused_0/inst/fmul_32ns_32ns_32_3_max_dsp_1_U104/vit_transformer_layer_fused_ap_fmul_1_max_dsp_32_u/U0/i_synth/MULT.OP/i_non_prim.MULT/DSP48E1_SPD_SGL_VARIANT.FIX_MULT/DSP2/i_no_versal_es1_workaround.DSP/ACIN[29]
    DSP48_X3Y36          DSP48E1 (Prop_dsp48e1_ACIN[29]_P[30])
                                                      3.639     3.641 f  design_1_i/vit_tlayer_fused_0/inst/fmul_32ns_32ns_32_3_max_dsp_1_U104/vit_transformer_layer_fused_ap_fmul_1_max_dsp_32_u/U0/i_synth/MULT.OP/i_non_prim.MULT/DSP48E1_SPD_SGL_VARIANT.FIX_MULT/DSP2/i_no_versal_es1_workaround.DSP/P[30]
                         net (fo=30, routed)          2.173     5.814    design_1_i/vit_tlayer_fused_0/inst/fmul_32ns_32ns_32_3_max_dsp_1_U104/vit_transformer_layer_fused_ap_fmul_1_max_dsp_32_u/U0/i_synth/MULT.OP/i_non_prim.EXP/EXP_ADD.C_CHAIN/RESULT[0]
    SLICE_X86Y89                                                      f  design_1_i/vit_tlayer_fused_0/inst/fmul_32ns_32ns_32_3_max_dsp_1_U104/vit_transformer_layer_fused_ap_fmul_1_max_dsp_32_u/U0/i_synth/MULT.OP/i_non_prim.EXP/EXP_ADD.C_CHAIN/RESULT_REG.NORMAL.exp_op[7]_i_10/I1
    SLICE_X86Y89         LUT4 (Prop_lut4_I1_O)        0.124     5.938 f  design_1_i/vit_tlayer_fused_0/inst/fmul_32ns_32ns_32_3_max_dsp_1_U104/vit_transformer_layer_fused_ap_fmul_1_max_dsp_32_u/U0/i_synth/MULT.OP/i_non_prim.EXP/EXP_ADD.C_CHAIN/RESULT_REG.NORMAL.exp_op[7]_i_10/O
                         net (fo=2, routed)           0.806     6.744    design_1_i/vit_tlayer_fused_0/inst/fmul_32ns_32ns_32_3_max_dsp_1_U104/vit_transformer_layer_fused_ap_fmul_1_max_dsp_32_u/U0/i_synth/MULT.OP/i_non_prim.EXP/EXP_ADD.C_CHAIN/state_int_up1__0
    SLICE_X86Y89                                                      f  design_1_i/vit_tlayer_fused_0/inst/fmul_32ns_32ns_32_3_max_dsp_1_U104/vit_transformer_layer_fused_ap_fmul_1_max_dsp_32_u/U0/i_synth/MULT.OP/i_non_prim.EXP/EXP_ADD.C_CHAIN/RESULT_REG.NORMAL.exp_op[7]_i_3/I1
    SLICE_X86Y89         LUT6 (Prop_lut6_I1_O)        0.124     6.868 f  design_1_i/vit_tlayer_fused_0/inst/fmul_32ns_32ns_32_3_max_dsp_1_U104/vit_transformer_layer_fused_ap_fmul_1_max_dsp_32_u/U0/i_synth/MULT.OP/i_non_prim.EXP/EXP_ADD.C_CHAIN/RESULT_REG.NORMAL.exp_op[7]_i_3/O
                         net (fo=11, routed)          0.669     7.537    design_1_i/vit_tlayer_fused_0/inst/fmul_32ns_32ns_32_3_max_dsp_1_U104/vit_transformer_layer_fused_ap_fmul_1_max_dsp_32_u/U0/i_synth/MULT.OP/i_non_prim.EXP/EXP_ADD.C_CHAIN/i_no_versal_es1_workaround.DSP_0
    SLICE_X87Y89                                                      f  design_1_i/vit_tlayer_fused_0/inst/fmul_32ns_32ns_32_3_max_dsp_1_U104/vit_transformer_layer_fused_ap_fmul_1_max_dsp_32_u/U0/i_synth/MULT.OP/i_non_prim.EXP/EXP_ADD.C_CHAIN/RESULT_REG.NORMAL.exp_op[7]_i_1/I0
    SLICE_X87Y89         LUT6 (Prop_lut6_I0_O)        0.124     7.661 r  design_1_i/vit_tlayer_fused_0/inst/fmul_32ns_32ns_32_3_max_dsp_1_U104/vit_transformer_layer_fused_ap_fmul_1_max_dsp_32_u/U0/i_synth/MULT.OP/i_non_prim.EXP/EXP_ADD.C_CHAIN/RESULT_REG.NORMAL.exp_op[7]_i_1/O
                         net (fo=8, routed)           0.911     8.572    design_1_i/vit_tlayer_fused_0/inst/fmul_32ns_32ns_32_3_max_dsp_1_U104/vit_transformer_layer_fused_ap_fmul_1_max_dsp_32_u/U0/i_synth/MULT.OP/i_non_prim.OP/state_op[0]
    SLICE_X90Y94         FDRE                                         r  design_1_i/vit_tlayer_fused_0/inst/fmul_32ns_32ns_32_3_max_dsp_1_U104/vit_transformer_layer_fused_ap_fmul_1_max_dsp_32_u/U0/i_synth/MULT.OP/i_non_prim.OP/RESULT_REG.NORMAL.exp_op_reg[5]/R
  -------------------------------------------------------------------    -------------------

                         (clock clk_fpga_0 rise edge)
                                                      0.000     0.000 r  
    PS7_X0Y0             PS7                          0.000     0.000 r  design_1_i/processing_system7_0/inst/PS7_i/FCLKCLK[0]
                         net (fo=1, routed)           1.088     1.088    design_1_i/processing_system7_0/inst/FCLK_CLK_unbuffered[0]
    BUFGCTRL_X0Y16                                                    r  design_1_i/processing_system7_0/inst/buffer_fclk_clk_0.FCLK_CLK_0_BUFG/I
    BUFGCTRL_X0Y16       BUFG (Prop_bufg_I_O)         0.091     1.179 r  design_1_i/processing_system7_0/inst/buffer_fclk_clk_0.FCLK_CLK_0_BUFG/O
                         net (fo=38067, routed)       1.605     2.784    design_1_i/vit_tlayer_fused_0/inst/fmul_32ns_32ns_32_3_max_dsp_1_U104/vit_transformer_layer_fused_ap_fmul_1_max_dsp_32_u/U0/i_synth/MULT.OP/i_non_prim.OP/aclk
    SLICE_X90Y94         FDRE                                         r  design_1_i/vit_tlayer_fused_0/inst/fmul_32ns_32ns_32_3_max_dsp_1_U104/vit_transformer_layer_fused_ap_fmul_1_max_dsp_32_u/U0/i_synth/MULT.OP/i_non_prim.OP/RESULT_REG.NORMAL.exp_op_reg[5]/C





Min Delay Paths
--------------------------------------------------------------------------------------
Slack:                    inf
  Source:                 design_1_i/vit_tlayer_fused_0/inst/fmul_32ns_32ns_32_3_max_dsp_1_U91/vit_transformer_layer_fused_ap_fmul_1_max_dsp_32_u/U0/i_synth/MULT.OP/i_non_prim.MULT/DSP48E1_SPD_SGL_VARIANT.FIX_MULT/DSP1/i_no_versal_es1_workaround.DSP/ACOUT[29]
                            (internal pin)
  Destination:            design_1_i/vit_tlayer_fused_0/inst/fmul_32ns_32ns_32_3_max_dsp_1_U91/vit_transformer_layer_fused_ap_fmul_1_max_dsp_32_u/U0/i_synth/MULT.OP/i_non_prim.OP/RESULT_REG.NORMAL.mant_op_reg[3]/D
                            (rising edge-triggered cell FDRE clocked by clk_fpga_0  {rise@0.000ns fall@8.000ns period=16.000ns})
  Path Group:             (none)
  Path Type:              Hold (Min at Fast Process Corner)
  Data Path Delay:        0.737ns  (logic 0.566ns (76.758%)  route 0.171ns (23.242%))
  Logic Levels:           2  (DSP48E1=1 LUT6=1)
  Clock Uncertainty:      0.241ns  ((TSJ^2 + TIJ^2)^1/2 + DJ) / 2 + PE
    Total System Jitter     (TSJ):    0.050ns
    Total Input Jitter      (TIJ):    0.480ns
    Discrete Jitter          (DJ):    0.000ns
    Phase Error              (PE):    0.000ns

    Location             Delay type                Incr(ns)  Path(ns)    Netlist Resource(s)
  -------------------------------------------------------------------    -------------------
    DSP48_X3Y7           DSP48E1                      0.000     0.000 r  design_1_i/vit_tlayer_fused_0/inst/fmul_32ns_32ns_32_3_max_dsp_1_U91/vit_transformer_layer_fused_ap_fmul_1_max_dsp_32_u/U0/i_synth/MULT.OP/i_non_prim.MULT/DSP48E1_SPD_SGL_VARIANT.FIX_MULT/DSP1/i_no_versal_es1_workaround.DSP/ACOUT[29]
                         net (fo=1, routed)           0.002     0.002    design_1_i/vit_tlayer_fused_0/inst/fmul_32ns_32ns_32_3_max_dsp_1_U91/vit_transformer_layer_fused_ap_fmul_1_max_dsp_32_u/U0/i_synth/MULT.OP/i_non_prim.MULT/DSP48E1_SPD_SGL_VARIANT.FIX_MULT/DSP2/ACOUT[29]
    DSP48_X3Y8                                                        r  design_1_i/vit_tlayer_fused_0/inst/fmul_32ns_32ns_32_3_max_dsp_1_U91/vit_transformer_layer_fused_ap_fmul_1_max_dsp_32_u/U0/i_synth/MULT.OP/i_non_prim.MULT/DSP48E1_SPD_SGL_VARIANT.FIX_MULT/DSP2/i_no_versal_es1_workaround.DSP/ACIN[29]
    DSP48_X3Y8           DSP48E1 (Prop_dsp48e1_ACIN[29]_P[9])
                                                      0.521     0.523 r  design_1_i/vit_tlayer_fused_0/inst/fmul_32ns_32ns_32_3_max_dsp_1_U91/vit_transformer_layer_fused_ap_fmul_1_max_dsp_32_u/U0/i_synth/MULT.OP/i_non_prim.MULT/DSP48E1_SPD_SGL_VARIANT.FIX_MULT/DSP2/i_no_versal_es1_workaround.DSP/P[9]
                         net (fo=2, routed)           0.169     0.692    design_1_i/vit_tlayer_fused_0/inst/fmul_32ns_32ns_32_3_max_dsp_1_U91/vit_transformer_layer_fused_ap_fmul_1_max_dsp_32_u/U0/i_synth/MULT.OP/i_non_prim.MULT/DSP48E1_SPD_SGL_VARIANT.FIX_MULT/DSP2/mant_rnd[4]
    SLICE_X93Y22                                                      r  design_1_i/vit_tlayer_fused_0/inst/fmul_32ns_32ns_32_3_max_dsp_1_U91/vit_transformer_layer_fused_ap_fmul_1_max_dsp_32_u/U0/i_synth/MULT.OP/i_non_prim.MULT/DSP48E1_SPD_SGL_VARIANT.FIX_MULT/DSP2/RESULT_REG.NORMAL.mant_op[3]_i_1/I4
    SLICE_X93Y22         LUT6 (Prop_lut6_I4_O)        0.045     0.737 r  design_1_i/vit_tlayer_fused_0/inst/fmul_32ns_32ns_32_3_max_dsp_1_U91/vit_transformer_layer_fused_ap_fmul_1_max_dsp_32_u/U0/i_synth/MULT.OP/i_non_prim.MULT/DSP48E1_SPD_SGL_VARIANT.FIX_MULT/DSP2/RESULT_REG.NORMAL.mant_op[3]_i_1/O
                         net (fo=1, routed)           0.000     0.737    design_1_i/vit_tlayer_fused_0/inst/fmul_32ns_32ns_32_3_max_dsp_1_U91/vit_transformer_layer_fused_ap_fmul_1_max_dsp_32_u/U0/i_synth/MULT.OP/i_non_prim.OP/MANT[3]
    SLICE_X93Y22         FDRE                                         r  design_1_i/vit_tlayer_fused_0/inst/fmul_32ns_32ns_32_3_max_dsp_1_U91/vit_transformer_layer_fused_ap_fmul_1_max_dsp_32_u/U0/i_synth/MULT.OP/i_non_prim.OP/RESULT_REG.NORMAL.mant_op_reg[3]/D
  -------------------------------------------------------------------    -------------------

                         (clock clk_fpga_0 rise edge)
                                                      0.000     0.000 r  
    PS7_X0Y0             PS7                          0.000     0.000 r  design_1_i/processing_system7_0/inst/PS7_i/FCLKCLK[0]
                         net (fo=1, routed)           0.337     0.337    design_1_i/processing_system7_0/inst/FCLK_CLK_unbuffered[0]
    BUFGCTRL_X0Y16                                                    r  design_1_i/processing_system7_0/inst/buffer_fclk_clk_0.FCLK_CLK_0_BUFG/I
    BUFGCTRL_X0Y16       BUFG (Prop_bufg_I_O)         0.029     0.366 r  design_1_i/processing_system7_0/inst/buffer_fclk_clk_0.FCLK_CLK_0_BUFG/O
                         net (fo=38067, routed)       0.869     1.235    design_1_i/vit_tlayer_fused_0/inst/fmul_32ns_32ns_32_3_max_dsp_1_U91/vit_transformer_layer_fused_ap_fmul_1_max_dsp_32_u/U0/i_synth/MULT.OP/i_non_prim.OP/aclk
    SLICE_X93Y22         FDRE                                         r  design_1_i/vit_tlayer_fused_0/inst/fmul_32ns_32ns_32_3_max_dsp_1_U91/vit_transformer_layer_fused_ap_fmul_1_max_dsp_32_u/U0/i_synth/MULT.OP/i_non_prim.OP/RESULT_REG.NORMAL.mant_op_reg[3]/C

Slack:                    inf
  Source:                 design_1_i/vit_tlayer_fused_0/inst/fmul_32ns_32ns_32_3_max_dsp_1_U91/vit_transformer_layer_fused_ap_fmul_1_max_dsp_32_u/U0/i_synth/MULT.OP/i_non_prim.MULT/DSP48E1_SPD_SGL_VARIANT.FIX_MULT/DSP1/i_no_versal_es1_workaround.DSP/ACOUT[29]
                            (internal pin)
  Destination:            design_1_i/vit_tlayer_fused_0/inst/fmul_32ns_32ns_32_3_max_dsp_1_U91/vit_transformer_layer_fused_ap_fmul_1_max_dsp_32_u/U0/i_synth/MULT.OP/i_non_prim.OP/RESULT_REG.NORMAL.mant_op_reg[2]/D
                            (rising edge-triggered cell FDRE clocked by clk_fpga_0  {rise@0.000ns fall@8.000ns period=16.000ns})
  Path Group:             (none)
  Path Type:              Hold (Min at Fast Process Corner)
  Data Path Delay:        0.738ns  (logic 0.566ns (76.654%)  route 0.172ns (23.346%))
  Logic Levels:           2  (DSP48E1=1 LUT6=1)
  Clock Uncertainty:      0.241ns  ((TSJ^2 + TIJ^2)^1/2 + DJ) / 2 + PE
    Total System Jitter     (TSJ):    0.050ns
    Total Input Jitter      (TIJ):    0.480ns
    Discrete Jitter          (DJ):    0.000ns
    Phase Error              (PE):    0.000ns

    Location             Delay type                Incr(ns)  Path(ns)    Netlist Resource(s)
  -------------------------------------------------------------------    -------------------
    DSP48_X3Y7           DSP48E1                      0.000     0.000 r  design_1_i/vit_tlayer_fused_0/inst/fmul_32ns_32ns_32_3_max_dsp_1_U91/vit_transformer_layer_fused_ap_fmul_1_max_dsp_32_u/U0/i_synth/MULT.OP/i_non_prim.MULT/DSP48E1_SPD_SGL_VARIANT.FIX_MULT/DSP1/i_no_versal_es1_workaround.DSP/ACOUT[29]
                         net (fo=1, routed)           0.002     0.002    design_1_i/vit_tlayer_fused_0/inst/fmul_32ns_32ns_32_3_max_dsp_1_U91/vit_transformer_layer_fused_ap_fmul_1_max_dsp_32_u/U0/i_synth/MULT.OP/i_non_prim.MULT/DSP48E1_SPD_SGL_VARIANT.FIX_MULT/DSP2/ACOUT[29]
    DSP48_X3Y8                                                        r  design_1_i/vit_tlayer_fused_0/inst/fmul_32ns_32ns_32_3_max_dsp_1_U91/vit_transformer_layer_fused_ap_fmul_1_max_dsp_32_u/U0/i_synth/MULT.OP/i_non_prim.MULT/DSP48E1_SPD_SGL_VARIANT.FIX_MULT/DSP2/i_no_versal_es1_workaround.DSP/ACIN[29]
    DSP48_X3Y8           DSP48E1 (Prop_dsp48e1_ACIN[29]_P[9])
                                                      0.521     0.523 r  design_1_i/vit_tlayer_fused_0/inst/fmul_32ns_32ns_32_3_max_dsp_1_U91/vit_transformer_layer_fused_ap_fmul_1_max_dsp_32_u/U0/i_synth/MULT.OP/i_non_prim.MULT/DSP48E1_SPD_SGL_VARIANT.FIX_MULT/DSP2/i_no_versal_es1_workaround.DSP/P[9]
                         net (fo=2, routed)           0.170     0.693    design_1_i/vit_tlayer_fused_0/inst/fmul_32ns_32ns_32_3_max_dsp_1_U91/vit_transformer_layer_fused_ap_fmul_1_max_dsp_32_u/U0/i_synth/MULT.OP/i_non_prim.MULT/DSP48E1_SPD_SGL_VARIANT.FIX_MULT/DSP2/mant_rnd[4]
    SLICE_X93Y22                                                      r  design_1_i/vit_tlayer_fused_0/inst/fmul_32ns_32ns_32_3_max_dsp_1_U91/vit_transformer_layer_fused_ap_fmul_1_max_dsp_32_u/U0/i_synth/MULT.OP/i_non_prim.MULT/DSP48E1_SPD_SGL_VARIANT.FIX_MULT/DSP2/RESULT_REG.NORMAL.mant_op[2]_i_1/I0
    SLICE_X93Y22         LUT6 (Prop_lut6_I0_O)        0.045     0.738 r  design_1_i/vit_tlayer_fused_0/inst/fmul_32ns_32ns_32_3_max_dsp_1_U91/vit_transformer_layer_fused_ap_fmul_1_max_dsp_32_u/U0/i_synth/MULT.OP/i_non_prim.MULT/DSP48E1_SPD_SGL_VARIANT.FIX_MULT/DSP2/RESULT_REG.NORMAL.mant_op[2]_i_1/O
                         net (fo=1, routed)           0.000     0.738    design_1_i/vit_tlayer_fused_0/inst/fmul_32ns_32ns_32_3_max_dsp_1_U91/vit_transformer_layer_fused_ap_fmul_1_max_dsp_32_u/U0/i_synth/MULT.OP/i_non_prim.OP/MANT[2]
    SLICE_X93Y22         FDRE                                         r  design_1_i/vit_tlayer_fused_0/inst/fmul_32ns_32ns_32_3_max_dsp_1_U91/vit_transformer_layer_fused_ap_fmul_1_max_dsp_32_u/U0/i_synth/MULT.OP/i_non_prim.OP/RESULT_REG.NORMAL.mant_op_reg[2]/D
  -------------------------------------------------------------------    -------------------

                         (clock clk_fpga_0 rise edge)
                                                      0.000     0.000 r  
    PS7_X0Y0             PS7                          0.000     0.000 r  design_1_i/processing_system7_0/inst/PS7_i/FCLKCLK[0]
                         net (fo=1, routed)           0.337     0.337    design_1_i/processing_system7_0/inst/FCLK_CLK_unbuffered[0]
    BUFGCTRL_X0Y16                                                    r  design_1_i/processing_system7_0/inst/buffer_fclk_clk_0.FCLK_CLK_0_BUFG/I
    BUFGCTRL_X0Y16       BUFG (Prop_bufg_I_O)         0.029     0.366 r  design_1_i/processing_system7_0/inst/buffer_fclk_clk_0.FCLK_CLK_0_BUFG/O
                         net (fo=38067, routed)       0.869     1.235    design_1_i/vit_tlayer_fused_0/inst/fmul_32ns_32ns_32_3_max_dsp_1_U91/vit_transformer_layer_fused_ap_fmul_1_max_dsp_32_u/U0/i_synth/MULT.OP/i_non_prim.OP/aclk
    SLICE_X93Y22         FDRE                                         r  design_1_i/vit_tlayer_fused_0/inst/fmul_32ns_32ns_32_3_max_dsp_1_U91/vit_transformer_layer_fused_ap_fmul_1_max_dsp_32_u/U0/i_synth/MULT.OP/i_non_prim.OP/RESULT_REG.NORMAL.mant_op_reg[2]/C

Slack:                    inf
  Source:                 design_1_i/vit_tlayer_fused_0/inst/fmul_32ns_32ns_32_3_max_dsp_1_U91/vit_transformer_layer_fused_ap_fmul_1_max_dsp_32_u/U0/i_synth/MULT.OP/i_non_prim.MULT/DSP48E1_SPD_SGL_VARIANT.FIX_MULT/DSP1/i_no_versal_es1_workaround.DSP/ACOUT[29]
                            (internal pin)
  Destination:            design_1_i/vit_tlayer_fused_0/inst/fmul_32ns_32ns_32_3_max_dsp_1_U91/vit_transformer_layer_fused_ap_fmul_1_max_dsp_32_u/U0/i_synth/MULT.OP/i_non_prim.OP/RESULT_REG.NORMAL.mant_op_reg[8]/D
                            (rising edge-triggered cell FDRE clocked by clk_fpga_0  {rise@0.000ns fall@8.000ns period=16.000ns})
  Path Group:             (none)
  Path Type:              Hold (Min at Fast Process Corner)
  Data Path Delay:        0.742ns  (logic 0.566ns (76.258%)  route 0.176ns (23.742%))
  Logic Levels:           2  (DSP48E1=1 LUT6=1)
  Clock Uncertainty:      0.241ns  ((TSJ^2 + TIJ^2)^1/2 + DJ) / 2 + PE
    Total System Jitter     (TSJ):    0.050ns
    Total Input Jitter      (TIJ):    0.480ns
    Discrete Jitter          (DJ):    0.000ns
    Phase Error              (PE):    0.000ns

    Location             Delay type                Incr(ns)  Path(ns)    Netlist Resource(s)
  -------------------------------------------------------------------    -------------------
    DSP48_X3Y7           DSP48E1                      0.000     0.000 r  design_1_i/vit_tlayer_fused_0/inst/fmul_32ns_32ns_32_3_max_dsp_1_U91/vit_transformer_layer_fused_ap_fmul_1_max_dsp_32_u/U0/i_synth/MULT.OP/i_non_prim.MULT/DSP48E1_SPD_SGL_VARIANT.FIX_MULT/DSP1/i_no_versal_es1_workaround.DSP/ACOUT[29]
                         net (fo=1, routed)           0.002     0.002    design_1_i/vit_tlayer_fused_0/inst/fmul_32ns_32ns_32_3_max_dsp_1_U91/vit_transformer_layer_fused_ap_fmul_1_max_dsp_32_u/U0/i_synth/MULT.OP/i_non_prim.MULT/DSP48E1_SPD_SGL_VARIANT.FIX_MULT/DSP2/ACOUT[29]
    DSP48_X3Y8                                                        r  design_1_i/vit_tlayer_fused_0/inst/fmul_32ns_32ns_32_3_max_dsp_1_U91/vit_transformer_layer_fused_ap_fmul_1_max_dsp_32_u/U0/i_synth/MULT.OP/i_non_prim.MULT/DSP48E1_SPD_SGL_VARIANT.FIX_MULT/DSP2/i_no_versal_es1_workaround.DSP/ACIN[29]
    DSP48_X3Y8           DSP48E1 (Prop_dsp48e1_ACIN[29]_P[14])
                                                      0.521     0.523 r  design_1_i/vit_tlayer_fused_0/inst/fmul_32ns_32ns_32_3_max_dsp_1_U91/vit_transformer_layer_fused_ap_fmul_1_max_dsp_32_u/U0/i_synth/MULT.OP/i_non_prim.MULT/DSP48E1_SPD_SGL_VARIANT.FIX_MULT/DSP2/i_no_versal_es1_workaround.DSP/P[14]
                         net (fo=2, routed)           0.174     0.697    design_1_i/vit_tlayer_fused_0/inst/fmul_32ns_32ns_32_3_max_dsp_1_U91/vit_transformer_layer_fused_ap_fmul_1_max_dsp_32_u/U0/i_synth/MULT.OP/i_non_prim.MULT/DSP48E1_SPD_SGL_VARIANT.FIX_MULT/DSP2/mant_rnd[9]
    SLICE_X92Y23                                                      r  design_1_i/vit_tlayer_fused_0/inst/fmul_32ns_32ns_32_3_max_dsp_1_U91/vit_transformer_layer_fused_ap_fmul_1_max_dsp_32_u/U0/i_synth/MULT.OP/i_non_prim.MULT/DSP48E1_SPD_SGL_VARIANT.FIX_MULT/DSP2/RESULT_REG.NORMAL.mant_op[8]_i_1/I4
    SLICE_X92Y23         LUT6 (Prop_lut6_I4_O)        0.045     0.742 r  design_1_i/vit_tlayer_fused_0/inst/fmul_32ns_32ns_32_3_max_dsp_1_U91/vit_transformer_layer_fused_ap_fmul_1_max_dsp_32_u/U0/i_synth/MULT.OP/i_non_prim.MULT/DSP48E1_SPD_SGL_VARIANT.FIX_MULT/DSP2/RESULT_REG.NORMAL.mant_op[8]_i_1/O
                         net (fo=1, routed)           0.000     0.742    design_1_i/vit_tlayer_fused_0/inst/fmul_32ns_32ns_32_3_max_dsp_1_U91/vit_transformer_layer_fused_ap_fmul_1_max_dsp_32_u/U0/i_synth/MULT.OP/i_non_prim.OP/MANT[8]
    SLICE_X92Y23         FDRE                                         r  design_1_i/vit_tlayer_fused_0/inst/fmul_32ns_32ns_32_3_max_dsp_1_U91/vit_transformer_layer_fused_ap_fmul_1_max_dsp_32_u/U0/i_synth/MULT.OP/i_non_prim.OP/RESULT_REG.NORMAL.mant_op_reg[8]/D
  -------------------------------------------------------------------    -------------------

                         (clock clk_fpga_0 rise edge)
                                                      0.000     0.000 r  
    PS7_X0Y0             PS7                          0.000     0.000 r  design_1_i/processing_system7_0/inst/PS7_i/FCLKCLK[0]
                         net (fo=1, routed)           0.337     0.337    design_1_i/processing_system7_0/inst/FCLK_CLK_unbuffered[0]
    BUFGCTRL_X0Y16                                                    r  design_1_i/processing_system7_0/inst/buffer_fclk_clk_0.FCLK_CLK_0_BUFG/I
    BUFGCTRL_X0Y16       BUFG (Prop_bufg_I_O)         0.029     0.366 r  design_1_i/processing_system7_0/inst/buffer_fclk_clk_0.FCLK_CLK_0_BUFG/O
                         net (fo=38067, routed)       0.867     1.233    design_1_i/vit_tlayer_fused_0/inst/fmul_32ns_32ns_32_3_max_dsp_1_U91/vit_transformer_layer_fused_ap_fmul_1_max_dsp_32_u/U0/i_synth/MULT.OP/i_non_prim.OP/aclk
    SLICE_X92Y23         FDRE                                         r  design_1_i/vit_tlayer_fused_0/inst/fmul_32ns_32ns_32_3_max_dsp_1_U91/vit_transformer_layer_fused_ap_fmul_1_max_dsp_32_u/U0/i_synth/MULT.OP/i_non_prim.OP/RESULT_REG.NORMAL.mant_op_reg[8]/C

Slack:                    inf
  Source:                 design_1_i/vit_tlayer_fused_0/inst/fmul_32ns_32ns_32_3_max_dsp_1_U94/vit_transformer_layer_fused_ap_fmul_1_max_dsp_32_u/U0/i_synth/MULT.OP/i_non_prim.MULT/DSP48E1_SPD_SGL_VARIANT.FIX_MULT/DSP1/i_no_versal_es1_workaround.DSP/ACOUT[29]
                            (internal pin)
  Destination:            design_1_i/vit_tlayer_fused_0/inst/fmul_32ns_32ns_32_3_max_dsp_1_U94/vit_transformer_layer_fused_ap_fmul_1_max_dsp_32_u/U0/i_synth/MULT.OP/i_non_prim.OP/RESULT_REG.NORMAL.mant_op_reg[5]/D
                            (rising edge-triggered cell FDRE clocked by clk_fpga_0  {rise@0.000ns fall@8.000ns period=16.000ns})
  Path Group:             (none)
  Path Type:              Hold (Min at Fast Process Corner)
  Data Path Delay:        0.743ns  (logic 0.566ns (76.150%)  route 0.177ns (23.850%))
  Logic Levels:           2  (DSP48E1=1 LUT6=1)
  Clock Uncertainty:      0.241ns  ((TSJ^2 + TIJ^2)^1/2 + DJ) / 2 + PE
    Total System Jitter     (TSJ):    0.050ns
    Total Input Jitter      (TIJ):    0.480ns
    Discrete Jitter          (DJ):    0.000ns
    Phase Error              (PE):    0.000ns

    Location             Delay type                Incr(ns)  Path(ns)    Netlist Resource(s)
  -------------------------------------------------------------------    -------------------
    DSP48_X4Y15          DSP48E1                      0.000     0.000 r  design_1_i/vit_tlayer_fused_0/inst/fmul_32ns_32ns_32_3_max_dsp_1_U94/vit_transformer_layer_fused_ap_fmul_1_max_dsp_32_u/U0/i_synth/MULT.OP/i_non_prim.MULT/DSP48E1_SPD_SGL_VARIANT.FIX_MULT/DSP1/i_no_versal_es1_workaround.DSP/ACOUT[29]
                         net (fo=1, routed)           0.002     0.002    design_1_i/vit_tlayer_fused_0/inst/fmul_32ns_32ns_32_3_max_dsp_1_U94/vit_transformer_layer_fused_ap_fmul_1_max_dsp_32_u/U0/i_synth/MULT.OP/i_non_prim.MULT/DSP48E1_SPD_SGL_VARIANT.FIX_MULT/DSP2/ACOUT[29]
    DSP48_X4Y16                                                       r  design_1_i/vit_tlayer_fused_0/inst/fmul_32ns_32ns_32_3_max_dsp_1_U94/vit_transformer_layer_fused_ap_fmul_1_max_dsp_32_u/U0/i_synth/MULT.OP/i_non_prim.MULT/DSP48E1_SPD_SGL_VARIANT.FIX_MULT/DSP2/i_no_versal_es1_workaround.DSP/ACIN[29]
    DSP48_X4Y16          DSP48E1 (Prop_dsp48e1_ACIN[29]_P[11])
                                                      0.521     0.523 r  design_1_i/vit_tlayer_fused_0/inst/fmul_32ns_32ns_32_3_max_dsp_1_U94/vit_transformer_layer_fused_ap_fmul_1_max_dsp_32_u/U0/i_synth/MULT.OP/i_non_prim.MULT/DSP48E1_SPD_SGL_VARIANT.FIX_MULT/DSP2/i_no_versal_es1_workaround.DSP/P[11]
                         net (fo=2, routed)           0.175     0.698    design_1_i/vit_tlayer_fused_0/inst/fmul_32ns_32ns_32_3_max_dsp_1_U94/vit_transformer_layer_fused_ap_fmul_1_max_dsp_32_u/U0/i_synth/MULT.OP/i_non_prim.MULT/DSP48E1_SPD_SGL_VARIANT.FIX_MULT/DSP2/mant_rnd[6]
    SLICE_X102Y42                                                     r  design_1_i/vit_tlayer_fused_0/inst/fmul_32ns_32ns_32_3_max_dsp_1_U94/vit_transformer_layer_fused_ap_fmul_1_max_dsp_32_u/U0/i_synth/MULT.OP/i_non_prim.MULT/DSP48E1_SPD_SGL_VARIANT.FIX_MULT/DSP2/RESULT_REG.NORMAL.mant_op[5]_i_1/I4
    SLICE_X102Y42        LUT6 (Prop_lut6_I4_O)        0.045     0.743 r  design_1_i/vit_tlayer_fused_0/inst/fmul_32ns_32ns_32_3_max_dsp_1_U94/vit_transformer_layer_fused_ap_fmul_1_max_dsp_32_u/U0/i_synth/MULT.OP/i_non_prim.MULT/DSP48E1_SPD_SGL_VARIANT.FIX_MULT/DSP2/RESULT_REG.NORMAL.mant_op[5]_i_1/O
                         net (fo=1, routed)           0.000     0.743    design_1_i/vit_tlayer_fused_0/inst/fmul_32ns_32ns_32_3_max_dsp_1_U94/vit_transformer_layer_fused_ap_fmul_1_max_dsp_32_u/U0/i_synth/MULT.OP/i_non_prim.OP/MANT[5]
    SLICE_X102Y42        FDRE                                         r  design_1_i/vit_tlayer_fused_0/inst/fmul_32ns_32ns_32_3_max_dsp_1_U94/vit_transformer_layer_fused_ap_fmul_1_max_dsp_32_u/U0/i_synth/MULT.OP/i_non_prim.OP/RESULT_REG.NORMAL.mant_op_reg[5]/D
  -------------------------------------------------------------------    -------------------

                         (clock clk_fpga_0 rise edge)
                                                      0.000     0.000 r  
    PS7_X0Y0             PS7                          0.000     0.000 r  design_1_i/processing_system7_0/inst/PS7_i/FCLKCLK[0]
                         net (fo=1, routed)           0.337     0.337    design_1_i/processing_system7_0/inst/FCLK_CLK_unbuffered[0]
    BUFGCTRL_X0Y16                                                    r  design_1_i/processing_system7_0/inst/buffer_fclk_clk_0.FCLK_CLK_0_BUFG/I
    BUFGCTRL_X0Y16       BUFG (Prop_bufg_I_O)         0.029     0.366 r  design_1_i/processing_system7_0/inst/buffer_fclk_clk_0.FCLK_CLK_0_BUFG/O
                         net (fo=38067, routed)       0.883     1.249    design_1_i/vit_tlayer_fused_0/inst/fmul_32ns_32ns_32_3_max_dsp_1_U94/vit_transformer_layer_fused_ap_fmul_1_max_dsp_32_u/U0/i_synth/MULT.OP/i_non_prim.OP/aclk
    SLICE_X102Y42        FDRE                                         r  design_1_i/vit_tlayer_fused_0/inst/fmul_32ns_32ns_32_3_max_dsp_1_U94/vit_transformer_layer_fused_ap_fmul_1_max_dsp_32_u/U0/i_synth/MULT.OP/i_non_prim.OP/RESULT_REG.NORMAL.mant_op_reg[5]/C

Slack:                    inf
  Source:                 design_1_i/vit_tlayer_fused_0/inst/fmul_32ns_32ns_32_3_max_dsp_1_U90/vit_transformer_layer_fused_ap_fmul_1_max_dsp_32_u/U0/i_synth/MULT.OP/i_non_prim.MULT/DSP48E1_SPD_SGL_VARIANT.FIX_MULT/DSP1/i_no_versal_es1_workaround.DSP/ACOUT[29]
                            (internal pin)
  Destination:            design_1_i/vit_tlayer_fused_0/inst/fmul_32ns_32ns_32_3_max_dsp_1_U90/vit_transformer_layer_fused_ap_fmul_1_max_dsp_32_u/U0/i_synth/MULT.OP/i_non_prim.OP/RESULT_REG.NORMAL.mant_op_reg[10]/D
                            (rising edge-triggered cell FDRE clocked by clk_fpga_0  {rise@0.000ns fall@8.000ns period=16.000ns})
  Path Group:             (none)
  Path Type:              Hold (Min at Fast Process Corner)
  Data Path Delay:        0.766ns  (logic 0.566ns (73.910%)  route 0.200ns (26.090%))
  Logic Levels:           2  (DSP48E1=1 LUT6=1)
  Clock Uncertainty:      0.241ns  ((TSJ^2 + TIJ^2)^1/2 + DJ) / 2 + PE
    Total System Jitter     (TSJ):    0.050ns
    Total Input Jitter      (TIJ):    0.480ns
    Discrete Jitter          (DJ):    0.000ns
    Phase Error              (PE):    0.000ns

    Location             Delay type                Incr(ns)  Path(ns)    Netlist Resource(s)
  -------------------------------------------------------------------    -------------------
    DSP48_X3Y10          DSP48E1                      0.000     0.000 r  design_1_i/vit_tlayer_fused_0/inst/fmul_32ns_32ns_32_3_max_dsp_1_U90/vit_transformer_layer_fused_ap_fmul_1_max_dsp_32_u/U0/i_synth/MULT.OP/i_non_prim.MULT/DSP48E1_SPD_SGL_VARIANT.FIX_MULT/DSP1/i_no_versal_es1_workaround.DSP/ACOUT[29]
                         net (fo=1, routed)           0.002     0.002    design_1_i/vit_tlayer_fused_0/inst/fmul_32ns_32ns_32_3_max_dsp_1_U90/vit_transformer_layer_fused_ap_fmul_1_max_dsp_32_u/U0/i_synth/MULT.OP/i_non_prim.MULT/DSP48E1_SPD_SGL_VARIANT.FIX_MULT/DSP2/ACOUT[29]
    DSP48_X3Y11                                                       r  design_1_i/vit_tlayer_fused_0/inst/fmul_32ns_32ns_32_3_max_dsp_1_U90/vit_transformer_layer_fused_ap_fmul_1_max_dsp_32_u/U0/i_synth/MULT.OP/i_non_prim.MULT/DSP48E1_SPD_SGL_VARIANT.FIX_MULT/DSP2/i_no_versal_es1_workaround.DSP/ACIN[29]
    DSP48_X3Y11          DSP48E1 (Prop_dsp48e1_ACIN[29]_P[16])
                                                      0.521     0.523 r  design_1_i/vit_tlayer_fused_0/inst/fmul_32ns_32ns_32_3_max_dsp_1_U90/vit_transformer_layer_fused_ap_fmul_1_max_dsp_32_u/U0/i_synth/MULT.OP/i_non_prim.MULT/DSP48E1_SPD_SGL_VARIANT.FIX_MULT/DSP2/i_no_versal_es1_workaround.DSP/P[16]
                         net (fo=2, routed)           0.198     0.721    design_1_i/vit_tlayer_fused_0/inst/fmul_32ns_32ns_32_3_max_dsp_1_U90/vit_transformer_layer_fused_ap_fmul_1_max_dsp_32_u/U0/i_synth/MULT.OP/i_non_prim.MULT/DSP48E1_SPD_SGL_VARIANT.FIX_MULT/DSP2/mant_rnd[11]
    SLICE_X92Y28                                                      r  design_1_i/vit_tlayer_fused_0/inst/fmul_32ns_32ns_32_3_max_dsp_1_U90/vit_transformer_layer_fused_ap_fmul_1_max_dsp_32_u/U0/i_synth/MULT.OP/i_non_prim.MULT/DSP48E1_SPD_SGL_VARIANT.FIX_MULT/DSP2/RESULT_REG.NORMAL.mant_op[10]_i_1/I4
    SLICE_X92Y28         LUT6 (Prop_lut6_I4_O)        0.045     0.766 r  design_1_i/vit_tlayer_fused_0/inst/fmul_32ns_32ns_32_3_max_dsp_1_U90/vit_transformer_layer_fused_ap_fmul_1_max_dsp_32_u/U0/i_synth/MULT.OP/i_non_prim.MULT/DSP48E1_SPD_SGL_VARIANT.FIX_MULT/DSP2/RESULT_REG.NORMAL.mant_op[10]_i_1/O
                         net (fo=1, routed)           0.000     0.766    design_1_i/vit_tlayer_fused_0/inst/fmul_32ns_32ns_32_3_max_dsp_1_U90/vit_transformer_layer_fused_ap_fmul_1_max_dsp_32_u/U0/i_synth/MULT.OP/i_non_prim.OP/MANT[10]
    SLICE_X92Y28         FDRE                                         r  design_1_i/vit_tlayer_fused_0/inst/fmul_32ns_32ns_32_3_max_dsp_1_U90/vit_transformer_layer_fused_ap_fmul_1_max_dsp_32_u/U0/i_synth/MULT.OP/i_non_prim.OP/RESULT_REG.NORMAL.mant_op_reg[10]/D
  -------------------------------------------------------------------    -------------------

                         (clock clk_fpga_0 rise edge)
                                                      0.000     0.000 r  
    PS7_X0Y0             PS7                          0.000     0.000 r  design_1_i/processing_system7_0/inst/PS7_i/FCLKCLK[0]
                         net (fo=1, routed)           0.337     0.337    design_1_i/processing_system7_0/inst/FCLK_CLK_unbuffered[0]
    BUFGCTRL_X0Y16                                                    r  design_1_i/processing_system7_0/inst/buffer_fclk_clk_0.FCLK_CLK_0_BUFG/I
    BUFGCTRL_X0Y16       BUFG (Prop_bufg_I_O)         0.029     0.366 r  design_1_i/processing_system7_0/inst/buffer_fclk_clk_0.FCLK_CLK_0_BUFG/O
                         net (fo=38067, routed)       0.870     1.236    design_1_i/vit_tlayer_fused_0/inst/fmul_32ns_32ns_32_3_max_dsp_1_U90/vit_transformer_layer_fused_ap_fmul_1_max_dsp_32_u/U0/i_synth/MULT.OP/i_non_prim.OP/aclk
    SLICE_X92Y28         FDRE                                         r  design_1_i/vit_tlayer_fused_0/inst/fmul_32ns_32ns_32_3_max_dsp_1_U90/vit_transformer_layer_fused_ap_fmul_1_max_dsp_32_u/U0/i_synth/MULT.OP/i_non_prim.OP/RESULT_REG.NORMAL.mant_op_reg[10]/C

Slack:                    inf
  Source:                 design_1_i/vit_tlayer_fused_0/inst/fmul_32ns_32ns_32_3_max_dsp_1_U99/vit_transformer_layer_fused_ap_fmul_1_max_dsp_32_u/U0/i_synth/MULT.OP/i_non_prim.MULT/DSP48E1_SPD_SGL_VARIANT.FIX_MULT/DSP1/i_no_versal_es1_workaround.DSP/ACOUT[29]
                            (internal pin)
  Destination:            design_1_i/vit_tlayer_fused_0/inst/fmul_32ns_32ns_32_3_max_dsp_1_U99/vit_transformer_layer_fused_ap_fmul_1_max_dsp_32_u/U0/i_synth/MULT.OP/i_non_prim.OP/RESULT_REG.NORMAL.mant_op_reg[14]/D
                            (rising edge-triggered cell FDRE clocked by clk_fpga_0  {rise@0.000ns fall@8.000ns period=16.000ns})
  Path Group:             (none)
  Path Type:              Hold (Min at Fast Process Corner)
  Data Path Delay:        0.768ns  (logic 0.566ns (73.661%)  route 0.202ns (26.339%))
  Logic Levels:           2  (DSP48E1=1 LUT6=1)
  Clock Uncertainty:      0.241ns  ((TSJ^2 + TIJ^2)^1/2 + DJ) / 2 + PE
    Total System Jitter     (TSJ):    0.050ns
    Total Input Jitter      (TIJ):    0.480ns
    Discrete Jitter          (DJ):    0.000ns
    Phase Error              (PE):    0.000ns

    Location             Delay type                Incr(ns)  Path(ns)    Netlist Resource(s)
  -------------------------------------------------------------------    -------------------
    DSP48_X3Y25          DSP48E1                      0.000     0.000 r  design_1_i/vit_tlayer_fused_0/inst/fmul_32ns_32ns_32_3_max_dsp_1_U99/vit_transformer_layer_fused_ap_fmul_1_max_dsp_32_u/U0/i_synth/MULT.OP/i_non_prim.MULT/DSP48E1_SPD_SGL_VARIANT.FIX_MULT/DSP1/i_no_versal_es1_workaround.DSP/ACOUT[29]
                         net (fo=1, routed)           0.002     0.002    design_1_i/vit_tlayer_fused_0/inst/fmul_32ns_32ns_32_3_max_dsp_1_U99/vit_transformer_layer_fused_ap_fmul_1_max_dsp_32_u/U0/i_synth/MULT.OP/i_non_prim.MULT/DSP48E1_SPD_SGL_VARIANT.FIX_MULT/DSP2/ACOUT[29]
    DSP48_X3Y26                                                       r  design_1_i/vit_tlayer_fused_0/inst/fmul_32ns_32ns_32_3_max_dsp_1_U99/vit_transformer_layer_fused_ap_fmul_1_max_dsp_32_u/U0/i_synth/MULT.OP/i_non_prim.MULT/DSP48E1_SPD_SGL_VARIANT.FIX_MULT/DSP2/i_no_versal_es1_workaround.DSP/ACIN[29]
    DSP48_X3Y26          DSP48E1 (Prop_dsp48e1_ACIN[29]_P[21])
                                                      0.521     0.523 r  design_1_i/vit_tlayer_fused_0/inst/fmul_32ns_32ns_32_3_max_dsp_1_U99/vit_transformer_layer_fused_ap_fmul_1_max_dsp_32_u/U0/i_synth/MULT.OP/i_non_prim.MULT/DSP48E1_SPD_SGL_VARIANT.FIX_MULT/DSP2/i_no_versal_es1_workaround.DSP/P[21]
                         net (fo=2, routed)           0.200     0.723    design_1_i/vit_tlayer_fused_0/inst/fmul_32ns_32ns_32_3_max_dsp_1_U99/vit_transformer_layer_fused_ap_fmul_1_max_dsp_32_u/U0/i_synth/MULT.OP/i_non_prim.MULT/DSP48E1_SPD_SGL_VARIANT.FIX_MULT/DSP2/mant_rnd[16]
    SLICE_X93Y65                                                      r  design_1_i/vit_tlayer_fused_0/inst/fmul_32ns_32ns_32_3_max_dsp_1_U99/vit_transformer_layer_fused_ap_fmul_1_max_dsp_32_u/U0/i_synth/MULT.OP/i_non_prim.MULT/DSP48E1_SPD_SGL_VARIANT.FIX_MULT/DSP2/RESULT_REG.NORMAL.mant_op[14]_i_1/I0
    SLICE_X93Y65         LUT6 (Prop_lut6_I0_O)        0.045     0.768 r  design_1_i/vit_tlayer_fused_0/inst/fmul_32ns_32ns_32_3_max_dsp_1_U99/vit_transformer_layer_fused_ap_fmul_1_max_dsp_32_u/U0/i_synth/MULT.OP/i_non_prim.MULT/DSP48E1_SPD_SGL_VARIANT.FIX_MULT/DSP2/RESULT_REG.NORMAL.mant_op[14]_i_1/O
                         net (fo=1, routed)           0.000     0.768    design_1_i/vit_tlayer_fused_0/inst/fmul_32ns_32ns_32_3_max_dsp_1_U99/vit_transformer_layer_fused_ap_fmul_1_max_dsp_32_u/U0/i_synth/MULT.OP/i_non_prim.OP/MANT[14]
    SLICE_X93Y65         FDRE                                         r  design_1_i/vit_tlayer_fused_0/inst/fmul_32ns_32ns_32_3_max_dsp_1_U99/vit_transformer_layer_fused_ap_fmul_1_max_dsp_32_u/U0/i_synth/MULT.OP/i_non_prim.OP/RESULT_REG.NORMAL.mant_op_reg[14]/D
  -------------------------------------------------------------------    -------------------

                         (clock clk_fpga_0 rise edge)
                                                      0.000     0.000 r  
    PS7_X0Y0             PS7                          0.000     0.000 r  design_1_i/processing_system7_0/inst/PS7_i/FCLKCLK[0]
                         net (fo=1, routed)           0.337     0.337    design_1_i/processing_system7_0/inst/FCLK_CLK_unbuffered[0]
    BUFGCTRL_X0Y16                                                    r  design_1_i/processing_system7_0/inst/buffer_fclk_clk_0.FCLK_CLK_0_BUFG/I
    BUFGCTRL_X0Y16       BUFG (Prop_bufg_I_O)         0.029     0.366 r  design_1_i/processing_system7_0/inst/buffer_fclk_clk_0.FCLK_CLK_0_BUFG/O
                         net (fo=38067, routed)       0.870     1.236    design_1_i/vit_tlayer_fused_0/inst/fmul_32ns_32ns_32_3_max_dsp_1_U99/vit_transformer_layer_fused_ap_fmul_1_max_dsp_32_u/U0/i_synth/MULT.OP/i_non_prim.OP/aclk
    SLICE_X93Y65         FDRE                                         r  design_1_i/vit_tlayer_fused_0/inst/fmul_32ns_32ns_32_3_max_dsp_1_U99/vit_transformer_layer_fused_ap_fmul_1_max_dsp_32_u/U0/i_synth/MULT.OP/i_non_prim.OP/RESULT_REG.NORMAL.mant_op_reg[14]/C

Slack:                    inf
  Source:                 design_1_i/vit_tlayer_fused_0/inst/fmul_32ns_32ns_32_3_max_dsp_1_U99/vit_transformer_layer_fused_ap_fmul_1_max_dsp_32_u/U0/i_synth/MULT.OP/i_non_prim.MULT/DSP48E1_SPD_SGL_VARIANT.FIX_MULT/DSP1/i_no_versal_es1_workaround.DSP/ACOUT[29]
                            (internal pin)
  Destination:            design_1_i/vit_tlayer_fused_0/inst/fmul_32ns_32ns_32_3_max_dsp_1_U99/vit_transformer_layer_fused_ap_fmul_1_max_dsp_32_u/U0/i_synth/MULT.OP/i_non_prim.OP/RESULT_REG.NORMAL.mant_op_reg[15]/D
                            (rising edge-triggered cell FDRE clocked by clk_fpga_0  {rise@0.000ns fall@8.000ns period=16.000ns})
  Path Group:             (none)
  Path Type:              Hold (Min at Fast Process Corner)
  Data Path Delay:        0.769ns  (logic 0.566ns (73.565%)  route 0.203ns (26.435%))
  Logic Levels:           2  (DSP48E1=1 LUT6=1)
  Clock Uncertainty:      0.241ns  ((TSJ^2 + TIJ^2)^1/2 + DJ) / 2 + PE
    Total System Jitter     (TSJ):    0.050ns
    Total Input Jitter      (TIJ):    0.480ns
    Discrete Jitter          (DJ):    0.000ns
    Phase Error              (PE):    0.000ns

    Location             Delay type                Incr(ns)  Path(ns)    Netlist Resource(s)
  -------------------------------------------------------------------    -------------------
    DSP48_X3Y25          DSP48E1                      0.000     0.000 r  design_1_i/vit_tlayer_fused_0/inst/fmul_32ns_32ns_32_3_max_dsp_1_U99/vit_transformer_layer_fused_ap_fmul_1_max_dsp_32_u/U0/i_synth/MULT.OP/i_non_prim.MULT/DSP48E1_SPD_SGL_VARIANT.FIX_MULT/DSP1/i_no_versal_es1_workaround.DSP/ACOUT[29]
                         net (fo=1, routed)           0.002     0.002    design_1_i/vit_tlayer_fused_0/inst/fmul_32ns_32ns_32_3_max_dsp_1_U99/vit_transformer_layer_fused_ap_fmul_1_max_dsp_32_u/U0/i_synth/MULT.OP/i_non_prim.MULT/DSP48E1_SPD_SGL_VARIANT.FIX_MULT/DSP2/ACOUT[29]
    DSP48_X3Y26                                                       r  design_1_i/vit_tlayer_fused_0/inst/fmul_32ns_32ns_32_3_max_dsp_1_U99/vit_transformer_layer_fused_ap_fmul_1_max_dsp_32_u/U0/i_synth/MULT.OP/i_non_prim.MULT/DSP48E1_SPD_SGL_VARIANT.FIX_MULT/DSP2/i_no_versal_es1_workaround.DSP/ACIN[29]
    DSP48_X3Y26          DSP48E1 (Prop_dsp48e1_ACIN[29]_P[21])
                                                      0.521     0.523 r  design_1_i/vit_tlayer_fused_0/inst/fmul_32ns_32ns_32_3_max_dsp_1_U99/vit_transformer_layer_fused_ap_fmul_1_max_dsp_32_u/U0/i_synth/MULT.OP/i_non_prim.MULT/DSP48E1_SPD_SGL_VARIANT.FIX_MULT/DSP2/i_no_versal_es1_workaround.DSP/P[21]
                         net (fo=2, routed)           0.201     0.724    design_1_i/vit_tlayer_fused_0/inst/fmul_32ns_32ns_32_3_max_dsp_1_U99/vit_transformer_layer_fused_ap_fmul_1_max_dsp_32_u/U0/i_synth/MULT.OP/i_non_prim.MULT/DSP48E1_SPD_SGL_VARIANT.FIX_MULT/DSP2/mant_rnd[16]
    SLICE_X93Y65                                                      r  design_1_i/vit_tlayer_fused_0/inst/fmul_32ns_32ns_32_3_max_dsp_1_U99/vit_transformer_layer_fused_ap_fmul_1_max_dsp_32_u/U0/i_synth/MULT.OP/i_non_prim.MULT/DSP48E1_SPD_SGL_VARIANT.FIX_MULT/DSP2/RESULT_REG.NORMAL.mant_op[15]_i_1/I4
    SLICE_X93Y65         LUT6 (Prop_lut6_I4_O)        0.045     0.769 r  design_1_i/vit_tlayer_fused_0/inst/fmul_32ns_32ns_32_3_max_dsp_1_U99/vit_transformer_layer_fused_ap_fmul_1_max_dsp_32_u/U0/i_synth/MULT.OP/i_non_prim.MULT/DSP48E1_SPD_SGL_VARIANT.FIX_MULT/DSP2/RESULT_REG.NORMAL.mant_op[15]_i_1/O
                         net (fo=1, routed)           0.000     0.769    design_1_i/vit_tlayer_fused_0/inst/fmul_32ns_32ns_32_3_max_dsp_1_U99/vit_transformer_layer_fused_ap_fmul_1_max_dsp_32_u/U0/i_synth/MULT.OP/i_non_prim.OP/MANT[15]
    SLICE_X93Y65         FDRE                                         r  design_1_i/vit_tlayer_fused_0/inst/fmul_32ns_32ns_32_3_max_dsp_1_U99/vit_transformer_layer_fused_ap_fmul_1_max_dsp_32_u/U0/i_synth/MULT.OP/i_non_prim.OP/RESULT_REG.NORMAL.mant_op_reg[15]/D
  -------------------------------------------------------------------    -------------------

                         (clock clk_fpga_0 rise edge)
                                                      0.000     0.000 r  
    PS7_X0Y0             PS7                          0.000     0.000 r  design_1_i/processing_system7_0/inst/PS7_i/FCLKCLK[0]
                         net (fo=1, routed)           0.337     0.337    design_1_i/processing_system7_0/inst/FCLK_CLK_unbuffered[0]
    BUFGCTRL_X0Y16                                                    r  design_1_i/processing_system7_0/inst/buffer_fclk_clk_0.FCLK_CLK_0_BUFG/I
    BUFGCTRL_X0Y16       BUFG (Prop_bufg_I_O)         0.029     0.366 r  design_1_i/processing_system7_0/inst/buffer_fclk_clk_0.FCLK_CLK_0_BUFG/O
                         net (fo=38067, routed)       0.870     1.236    design_1_i/vit_tlayer_fused_0/inst/fmul_32ns_32ns_32_3_max_dsp_1_U99/vit_transformer_layer_fused_ap_fmul_1_max_dsp_32_u/U0/i_synth/MULT.OP/i_non_prim.OP/aclk
    SLICE_X93Y65         FDRE                                         r  design_1_i/vit_tlayer_fused_0/inst/fmul_32ns_32ns_32_3_max_dsp_1_U99/vit_transformer_layer_fused_ap_fmul_1_max_dsp_32_u/U0/i_synth/MULT.OP/i_non_prim.OP/RESULT_REG.NORMAL.mant_op_reg[15]/C

Slack:                    inf
  Source:                 design_1_i/vit_tlayer_fused_0/inst/fmul_32ns_32ns_32_3_max_dsp_1_U97/vit_transformer_layer_fused_ap_fmul_1_max_dsp_32_u/U0/i_synth/MULT.OP/i_non_prim.MULT/DSP48E1_SPD_SGL_VARIANT.FIX_MULT/DSP1/i_no_versal_es1_workaround.DSP/ACOUT[29]
                            (internal pin)
  Destination:            design_1_i/vit_tlayer_fused_0/inst/fmul_32ns_32ns_32_3_max_dsp_1_U97/vit_transformer_layer_fused_ap_fmul_1_max_dsp_32_u/U0/i_synth/MULT.OP/i_non_prim.OP/RESULT_REG.NORMAL.mant_op_reg[0]/D
                            (rising edge-triggered cell FDRE clocked by clk_fpga_0  {rise@0.000ns fall@8.000ns period=16.000ns})
  Path Group:             (none)
  Path Type:              Hold (Min at Fast Process Corner)
  Data Path Delay:        0.771ns  (logic 0.566ns (73.439%)  route 0.205ns (26.561%))
  Logic Levels:           2  (DSP48E1=1 LUT5=1)
  Clock Uncertainty:      0.241ns  ((TSJ^2 + TIJ^2)^1/2 + DJ) / 2 + PE
    Total System Jitter     (TSJ):    0.050ns
    Total Input Jitter      (TIJ):    0.480ns
    Discrete Jitter          (DJ):    0.000ns
    Phase Error              (PE):    0.000ns

    Location             Delay type                Incr(ns)  Path(ns)    Netlist Resource(s)
  -------------------------------------------------------------------    -------------------
    DSP48_X2Y17          DSP48E1                      0.000     0.000 r  design_1_i/vit_tlayer_fused_0/inst/fmul_32ns_32ns_32_3_max_dsp_1_U97/vit_transformer_layer_fused_ap_fmul_1_max_dsp_32_u/U0/i_synth/MULT.OP/i_non_prim.MULT/DSP48E1_SPD_SGL_VARIANT.FIX_MULT/DSP1/i_no_versal_es1_workaround.DSP/ACOUT[29]
                         net (fo=1, routed)           0.002     0.002    design_1_i/vit_tlayer_fused_0/inst/fmul_32ns_32ns_32_3_max_dsp_1_U97/vit_transformer_layer_fused_ap_fmul_1_max_dsp_32_u/U0/i_synth/MULT.OP/i_non_prim.MULT/DSP48E1_SPD_SGL_VARIANT.FIX_MULT/DSP2/ACOUT[29]
    DSP48_X2Y18                                                       r  design_1_i/vit_tlayer_fused_0/inst/fmul_32ns_32ns_32_3_max_dsp_1_U97/vit_transformer_layer_fused_ap_fmul_1_max_dsp_32_u/U0/i_synth/MULT.OP/i_non_prim.MULT/DSP48E1_SPD_SGL_VARIANT.FIX_MULT/DSP2/i_no_versal_es1_workaround.DSP/ACIN[29]
    DSP48_X2Y18          DSP48E1 (Prop_dsp48e1_ACIN[29]_P[7])
                                                      0.521     0.523 r  design_1_i/vit_tlayer_fused_0/inst/fmul_32ns_32ns_32_3_max_dsp_1_U97/vit_transformer_layer_fused_ap_fmul_1_max_dsp_32_u/U0/i_synth/MULT.OP/i_non_prim.MULT/DSP48E1_SPD_SGL_VARIANT.FIX_MULT/DSP2/i_no_versal_es1_workaround.DSP/P[7]
                         net (fo=4, routed)           0.203     0.726    design_1_i/vit_tlayer_fused_0/inst/fmul_32ns_32ns_32_3_max_dsp_1_U97/vit_transformer_layer_fused_ap_fmul_1_max_dsp_32_u/U0/i_synth/MULT.OP/i_non_prim.MULT/DSP48E1_SPD_SGL_VARIANT.FIX_MULT/DSP2/mant_rnd[2]
    SLICE_X36Y46                                                      r  design_1_i/vit_tlayer_fused_0/inst/fmul_32ns_32ns_32_3_max_dsp_1_U97/vit_transformer_layer_fused_ap_fmul_1_max_dsp_32_u/U0/i_synth/MULT.OP/i_non_prim.MULT/DSP48E1_SPD_SGL_VARIANT.FIX_MULT/DSP2/RESULT_REG.NORMAL.mant_op[0]_i_1/I4
    SLICE_X36Y46         LUT5 (Prop_lut5_I4_O)        0.045     0.771 r  design_1_i/vit_tlayer_fused_0/inst/fmul_32ns_32ns_32_3_max_dsp_1_U97/vit_transformer_layer_fused_ap_fmul_1_max_dsp_32_u/U0/i_synth/MULT.OP/i_non_prim.MULT/DSP48E1_SPD_SGL_VARIANT.FIX_MULT/DSP2/RESULT_REG.NORMAL.mant_op[0]_i_1/O
                         net (fo=1, routed)           0.000     0.771    design_1_i/vit_tlayer_fused_0/inst/fmul_32ns_32ns_32_3_max_dsp_1_U97/vit_transformer_layer_fused_ap_fmul_1_max_dsp_32_u/U0/i_synth/MULT.OP/i_non_prim.OP/MANT[0]
    SLICE_X36Y46         FDRE                                         r  design_1_i/vit_tlayer_fused_0/inst/fmul_32ns_32ns_32_3_max_dsp_1_U97/vit_transformer_layer_fused_ap_fmul_1_max_dsp_32_u/U0/i_synth/MULT.OP/i_non_prim.OP/RESULT_REG.NORMAL.mant_op_reg[0]/D
  -------------------------------------------------------------------    -------------------

                         (clock clk_fpga_0 rise edge)
                                                      0.000     0.000 r  
    PS7_X0Y0             PS7                          0.000     0.000 r  design_1_i/processing_system7_0/inst/PS7_i/FCLKCLK[0]
                         net (fo=1, routed)           0.337     0.337    design_1_i/processing_system7_0/inst/FCLK_CLK_unbuffered[0]
    BUFGCTRL_X0Y16                                                    r  design_1_i/processing_system7_0/inst/buffer_fclk_clk_0.FCLK_CLK_0_BUFG/I
    BUFGCTRL_X0Y16       BUFG (Prop_bufg_I_O)         0.029     0.366 r  design_1_i/processing_system7_0/inst/buffer_fclk_clk_0.FCLK_CLK_0_BUFG/O
                         net (fo=38067, routed)       0.829     1.195    design_1_i/vit_tlayer_fused_0/inst/fmul_32ns_32ns_32_3_max_dsp_1_U97/vit_transformer_layer_fused_ap_fmul_1_max_dsp_32_u/U0/i_synth/MULT.OP/i_non_prim.OP/aclk
    SLICE_X36Y46         FDRE                                         r  design_1_i/vit_tlayer_fused_0/inst/fmul_32ns_32ns_32_3_max_dsp_1_U97/vit_transformer_layer_fused_ap_fmul_1_max_dsp_32_u/U0/i_synth/MULT.OP/i_non_prim.OP/RESULT_REG.NORMAL.mant_op_reg[0]/C

Slack:                    inf
  Source:                 design_1_i/vit_tlayer_fused_0/inst/fmul_32ns_32ns_32_3_max_dsp_1_U91/vit_transformer_layer_fused_ap_fmul_1_max_dsp_32_u/U0/i_synth/MULT.OP/i_non_prim.MULT/DSP48E1_SPD_SGL_VARIANT.FIX_MULT/DSP1/i_no_versal_es1_workaround.DSP/ACOUT[29]
                            (internal pin)
  Destination:            design_1_i/vit_tlayer_fused_0/inst/fmul_32ns_32ns_32_3_max_dsp_1_U91/vit_transformer_layer_fused_ap_fmul_1_max_dsp_32_u/U0/i_synth/MULT.OP/i_non_prim.OP/RESULT_REG.NORMAL.mant_op_reg[18]/D
                            (rising edge-triggered cell FDRE clocked by clk_fpga_0  {rise@0.000ns fall@8.000ns period=16.000ns})
  Path Group:             (none)
  Path Type:              Hold (Min at Fast Process Corner)
  Data Path Delay:        0.772ns  (logic 0.566ns (73.357%)  route 0.206ns (26.643%))
  Logic Levels:           2  (DSP48E1=1 LUT6=1)
  Clock Uncertainty:      0.241ns  ((TSJ^2 + TIJ^2)^1/2 + DJ) / 2 + PE
    Total System Jitter     (TSJ):    0.050ns
    Total Input Jitter      (TIJ):    0.480ns
    Discrete Jitter          (DJ):    0.000ns
    Phase Error              (PE):    0.000ns

    Location             Delay type                Incr(ns)  Path(ns)    Netlist Resource(s)
  -------------------------------------------------------------------    -------------------
    DSP48_X3Y7           DSP48E1                      0.000     0.000 r  design_1_i/vit_tlayer_fused_0/inst/fmul_32ns_32ns_32_3_max_dsp_1_U91/vit_transformer_layer_fused_ap_fmul_1_max_dsp_32_u/U0/i_synth/MULT.OP/i_non_prim.MULT/DSP48E1_SPD_SGL_VARIANT.FIX_MULT/DSP1/i_no_versal_es1_workaround.DSP/ACOUT[29]
                         net (fo=1, routed)           0.002     0.002    design_1_i/vit_tlayer_fused_0/inst/fmul_32ns_32ns_32_3_max_dsp_1_U91/vit_transformer_layer_fused_ap_fmul_1_max_dsp_32_u/U0/i_synth/MULT.OP/i_non_prim.MULT/DSP48E1_SPD_SGL_VARIANT.FIX_MULT/DSP2/ACOUT[29]
    DSP48_X3Y8                                                        r  design_1_i/vit_tlayer_fused_0/inst/fmul_32ns_32ns_32_3_max_dsp_1_U91/vit_transformer_layer_fused_ap_fmul_1_max_dsp_32_u/U0/i_synth/MULT.OP/i_non_prim.MULT/DSP48E1_SPD_SGL_VARIANT.FIX_MULT/DSP2/i_no_versal_es1_workaround.DSP/ACIN[29]
    DSP48_X3Y8           DSP48E1 (Prop_dsp48e1_ACIN[29]_P[30])
                                                      0.521     0.523 r  design_1_i/vit_tlayer_fused_0/inst/fmul_32ns_32ns_32_3_max_dsp_1_U91/vit_transformer_layer_fused_ap_fmul_1_max_dsp_32_u/U0/i_synth/MULT.OP/i_non_prim.MULT/DSP48E1_SPD_SGL_VARIANT.FIX_MULT/DSP2/i_no_versal_es1_workaround.DSP/P[30]
                         net (fo=30, routed)          0.204     0.727    design_1_i/vit_tlayer_fused_0/inst/fmul_32ns_32ns_32_3_max_dsp_1_U91/vit_transformer_layer_fused_ap_fmul_1_max_dsp_32_u/U0/i_synth/MULT.OP/i_non_prim.MULT/DSP48E1_SPD_SGL_VARIANT.FIX_MULT/DSP2/P[0]
    SLICE_X93Y21                                                      r  design_1_i/vit_tlayer_fused_0/inst/fmul_32ns_32ns_32_3_max_dsp_1_U91/vit_transformer_layer_fused_ap_fmul_1_max_dsp_32_u/U0/i_synth/MULT.OP/i_non_prim.MULT/DSP48E1_SPD_SGL_VARIANT.FIX_MULT/DSP2/RESULT_REG.NORMAL.mant_op[18]_i_1/I2
    SLICE_X93Y21         LUT6 (Prop_lut6_I2_O)        0.045     0.772 r  design_1_i/vit_tlayer_fused_0/inst/fmul_32ns_32ns_32_3_max_dsp_1_U91/vit_transformer_layer_fused_ap_fmul_1_max_dsp_32_u/U0/i_synth/MULT.OP/i_non_prim.MULT/DSP48E1_SPD_SGL_VARIANT.FIX_MULT/DSP2/RESULT_REG.NORMAL.mant_op[18]_i_1/O
                         net (fo=1, routed)           0.000     0.772    design_1_i/vit_tlayer_fused_0/inst/fmul_32ns_32ns_32_3_max_dsp_1_U91/vit_transformer_layer_fused_ap_fmul_1_max_dsp_32_u/U0/i_synth/MULT.OP/i_non_prim.OP/MANT[18]
    SLICE_X93Y21         FDRE                                         r  design_1_i/vit_tlayer_fused_0/inst/fmul_32ns_32ns_32_3_max_dsp_1_U91/vit_transformer_layer_fused_ap_fmul_1_max_dsp_32_u/U0/i_synth/MULT.OP/i_non_prim.OP/RESULT_REG.NORMAL.mant_op_reg[18]/D
  -------------------------------------------------------------------    -------------------

                         (clock clk_fpga_0 rise edge)
                                                      0.000     0.000 r  
    PS7_X0Y0             PS7                          0.000     0.000 r  design_1_i/processing_system7_0/inst/PS7_i/FCLKCLK[0]
                         net (fo=1, routed)           0.337     0.337    design_1_i/processing_system7_0/inst/FCLK_CLK_unbuffered[0]
    BUFGCTRL_X0Y16                                                    r  design_1_i/processing_system7_0/inst/buffer_fclk_clk_0.FCLK_CLK_0_BUFG/I
    BUFGCTRL_X0Y16       BUFG (Prop_bufg_I_O)         0.029     0.366 r  design_1_i/processing_system7_0/inst/buffer_fclk_clk_0.FCLK_CLK_0_BUFG/O
                         net (fo=38067, routed)       0.870     1.236    design_1_i/vit_tlayer_fused_0/inst/fmul_32ns_32ns_32_3_max_dsp_1_U91/vit_transformer_layer_fused_ap_fmul_1_max_dsp_32_u/U0/i_synth/MULT.OP/i_non_prim.OP/aclk
    SLICE_X93Y21         FDRE                                         r  design_1_i/vit_tlayer_fused_0/inst/fmul_32ns_32ns_32_3_max_dsp_1_U91/vit_transformer_layer_fused_ap_fmul_1_max_dsp_32_u/U0/i_synth/MULT.OP/i_non_prim.OP/RESULT_REG.NORMAL.mant_op_reg[18]/C

Slack:                    inf
  Source:                 design_1_i/vit_tlayer_fused_0/inst/fmul_32ns_32ns_32_3_max_dsp_1_U90/vit_transformer_layer_fused_ap_fmul_1_max_dsp_32_u/U0/i_synth/MULT.OP/i_non_prim.MULT/DSP48E1_SPD_SGL_VARIANT.FIX_MULT/DSP1/i_no_versal_es1_workaround.DSP/ACOUT[29]
                            (internal pin)
  Destination:            design_1_i/vit_tlayer_fused_0/inst/fmul_32ns_32ns_32_3_max_dsp_1_U90/vit_transformer_layer_fused_ap_fmul_1_max_dsp_32_u/U0/i_synth/MULT.OP/i_non_prim.OP/RESULT_REG.NORMAL.mant_op_reg[9]/D
                            (rising edge-triggered cell FDRE clocked by clk_fpga_0  {rise@0.000ns fall@8.000ns period=16.000ns})
  Path Group:             (none)
  Path Type:              Hold (Min at Fast Process Corner)
  Data Path Delay:        0.775ns  (logic 0.566ns (73.051%)  route 0.209ns (26.949%))
  Logic Levels:           2  (DSP48E1=1 LUT6=1)
  Clock Uncertainty:      0.241ns  ((TSJ^2 + TIJ^2)^1/2 + DJ) / 2 + PE
    Total System Jitter     (TSJ):    0.050ns
    Total Input Jitter      (TIJ):    0.480ns
    Discrete Jitter          (DJ):    0.000ns
    Phase Error              (PE):    0.000ns

    Location             Delay type                Incr(ns)  Path(ns)    Netlist Resource(s)
  -------------------------------------------------------------------    -------------------
    DSP48_X3Y10          DSP48E1                      0.000     0.000 r  design_1_i/vit_tlayer_fused_0/inst/fmul_32ns_32ns_32_3_max_dsp_1_U90/vit_transformer_layer_fused_ap_fmul_1_max_dsp_32_u/U0/i_synth/MULT.OP/i_non_prim.MULT/DSP48E1_SPD_SGL_VARIANT.FIX_MULT/DSP1/i_no_versal_es1_workaround.DSP/ACOUT[29]
                         net (fo=1, routed)           0.002     0.002    design_1_i/vit_tlayer_fused_0/inst/fmul_32ns_32ns_32_3_max_dsp_1_U90/vit_transformer_layer_fused_ap_fmul_1_max_dsp_32_u/U0/i_synth/MULT.OP/i_non_prim.MULT/DSP48E1_SPD_SGL_VARIANT.FIX_MULT/DSP2/ACOUT[29]
    DSP48_X3Y11                                                       r  design_1_i/vit_tlayer_fused_0/inst/fmul_32ns_32ns_32_3_max_dsp_1_U90/vit_transformer_layer_fused_ap_fmul_1_max_dsp_32_u/U0/i_synth/MULT.OP/i_non_prim.MULT/DSP48E1_SPD_SGL_VARIANT.FIX_MULT/DSP2/i_no_versal_es1_workaround.DSP/ACIN[29]
    DSP48_X3Y11          DSP48E1 (Prop_dsp48e1_ACIN[29]_P[16])
                                                      0.521     0.523 r  design_1_i/vit_tlayer_fused_0/inst/fmul_32ns_32ns_32_3_max_dsp_1_U90/vit_transformer_layer_fused_ap_fmul_1_max_dsp_32_u/U0/i_synth/MULT.OP/i_non_prim.MULT/DSP48E1_SPD_SGL_VARIANT.FIX_MULT/DSP2/i_no_versal_es1_workaround.DSP/P[16]
                         net (fo=2, routed)           0.207     0.730    design_1_i/vit_tlayer_fused_0/inst/fmul_32ns_32ns_32_3_max_dsp_1_U90/vit_transformer_layer_fused_ap_fmul_1_max_dsp_32_u/U0/i_synth/MULT.OP/i_non_prim.MULT/DSP48E1_SPD_SGL_VARIANT.FIX_MULT/DSP2/mant_rnd[11]
    SLICE_X92Y28                                                      r  design_1_i/vit_tlayer_fused_0/inst/fmul_32ns_32ns_32_3_max_dsp_1_U90/vit_transformer_layer_fused_ap_fmul_1_max_dsp_32_u/U0/i_synth/MULT.OP/i_non_prim.MULT/DSP48E1_SPD_SGL_VARIANT.FIX_MULT/DSP2/RESULT_REG.NORMAL.mant_op[9]_i_1/I0
    SLICE_X92Y28         LUT6 (Prop_lut6_I0_O)        0.045     0.775 r  design_1_i/vit_tlayer_fused_0/inst/fmul_32ns_32ns_32_3_max_dsp_1_U90/vit_transformer_layer_fused_ap_fmul_1_max_dsp_32_u/U0/i_synth/MULT.OP/i_non_prim.MULT/DSP48E1_SPD_SGL_VARIANT.FIX_MULT/DSP2/RESULT_REG.NORMAL.mant_op[9]_i_1/O
                         net (fo=1, routed)           0.000     0.775    design_1_i/vit_tlayer_fused_0/inst/fmul_32ns_32ns_32_3_max_dsp_1_U90/vit_transformer_layer_fused_ap_fmul_1_max_dsp_32_u/U0/i_synth/MULT.OP/i_non_prim.OP/MANT[9]
    SLICE_X92Y28         FDRE                                         r  design_1_i/vit_tlayer_fused_0/inst/fmul_32ns_32ns_32_3_max_dsp_1_U90/vit_transformer_layer_fused_ap_fmul_1_max_dsp_32_u/U0/i_synth/MULT.OP/i_non_prim.OP/RESULT_REG.NORMAL.mant_op_reg[9]/D
  -------------------------------------------------------------------    -------------------

                         (clock clk_fpga_0 rise edge)
                                                      0.000     0.000 r  
    PS7_X0Y0             PS7                          0.000     0.000 r  design_1_i/processing_system7_0/inst/PS7_i/FCLKCLK[0]
                         net (fo=1, routed)           0.337     0.337    design_1_i/processing_system7_0/inst/FCLK_CLK_unbuffered[0]
    BUFGCTRL_X0Y16                                                    r  design_1_i/processing_system7_0/inst/buffer_fclk_clk_0.FCLK_CLK_0_BUFG/I
    BUFGCTRL_X0Y16       BUFG (Prop_bufg_I_O)         0.029     0.366 r  design_1_i/processing_system7_0/inst/buffer_fclk_clk_0.FCLK_CLK_0_BUFG/O
                         net (fo=38067, routed)       0.870     1.236    design_1_i/vit_tlayer_fused_0/inst/fmul_32ns_32ns_32_3_max_dsp_1_U90/vit_transformer_layer_fused_ap_fmul_1_max_dsp_32_u/U0/i_synth/MULT.OP/i_non_prim.OP/aclk
    SLICE_X92Y28         FDRE                                         r  design_1_i/vit_tlayer_fused_0/inst/fmul_32ns_32ns_32_3_max_dsp_1_U90/vit_transformer_layer_fused_ap_fmul_1_max_dsp_32_u/U0/i_synth/MULT.OP/i_non_prim.OP/RESULT_REG.NORMAL.mant_op_reg[9]/C





