

================================================================
== Vitis HLS Report for 'vit_transformer_layer_fused'
================================================================
* Date:           Sat Jun 20 03:29:33 2026

* Version:        2020.1 (Build 2902540 on Wed May 27 20:16:15 MDT 2020)
* Project:        vit_transformer_layer_fused_mlp256_prj
* Solution:       solution_unroll16 (Vivado IP Flow Target)
* Product family: zynq
* Target device:  xc7z020-clg400-1


================================================================
== Performance Estimates
================================================================
+ Timing: 
    * Summary: 
    +--------+----------+-----------+------------+
    |  Clock |  Target  | Estimated | Uncertainty|
    +--------+----------+-----------+------------+
    |ap_clk  | 16.00 ns | 12.711 ns |   4.32 ns  |
    +--------+----------+-----------+------------+

+ Latency: 
    * Summary: 
    +---------+---------+-----------+-----------+--------+--------+---------+
    |  Latency (cycles) |   Latency (absolute)  |     Interval    | Pipeline|
    |   min   |   max   |    min    |    max    |   min  |   max  |   Type  |
    +---------+---------+-----------+-----------+--------+--------+---------+
    |   628137|   628137| 10.050 ms | 10.050 ms |  628138|  628138|   none  |
    +---------+---------+-----------+-----------+--------+--------+---------+

    + Detail: 
        * Instance: 
        +------------------------------+------------------+---------+---------+-----------+-----------+-----+-----+---------+
        |                              |                  |  Latency (cycles) |   Latency (absolute)  |  Interval | Pipeline|
        |           Instance           |      Module      |   min   |   max   |    min    |    max    | min | max |   Type  |
        +------------------------------+------------------+---------+---------+-----------+-----------+-----+-----+---------+
        |grp_layer_norm_fused_fu_8596  |layer_norm_fused  |      747|      747| 11.952 us | 11.952 us |  747|  747|   none  |
        +------------------------------+------------------+---------+---------+-----------+-----------+-----+-----+---------+

        * Loop: 
        +-------------------------------------------------------+---------+---------+----------+-----------+-----------+-------+----------+
        |                                                       |  Latency (cycles) | Iteration|  Initiation Interval  |  Trip |          |
        |                       Loop Name                       |   min   |   max   |  Latency |  achieved |   target  | Count | Pipelined|
        +-------------------------------------------------------+---------+---------+----------+-----------+-----------+-------+----------+
        |- VITIS_LOOP_364_1_VITIS_LOOP_365_2                    |     1089|     1089|         3|          1|          1|   1088|    yes   |
        |- VITIS_LOOP_372_3                                     |    12733|    12733|       749|          -|          -|     17|    no    |
        |- VITIS_LOOP_388_4                                     |     3451|     3451|       203|          -|          -|     17|    no    |
        | + VITIS_LOOP_389_5                                    |      193|      193|         3|          1|          1|    192|    yes   |
        |- VITIS_LOOP_395_6_VITIS_LOOP_396_7                    |    12289|    12289|         3|          1|          1|  12288|    yes   |
        |- VITIS_LOOP_402_8_VITIS_LOOP_403_9_VITIS_LOOP_404_10  |    13065|    13065|        11|          1|          1|  13056|    yes   |
        |- VITIS_LOOP_428_12                                    |    64952|    64952|     16238|          -|          -|      4|    no    |
        | + VITIS_LOOP_431_13                                   |     3179|     3179|       187|          -|          -|     17|    no    |
        |  ++ VITIS_LOOP_435_14                                 |       45|       45|        30|          1|          1|     17|    yes   |
        |  ++ VITIS_LOOP_444_15                                 |      104|      104|        41|          4|          1|     17|    yes   |
        |  ++ VITIS_LOOP_450_16                                 |       30|       30|        15|          1|          1|     17|    yes   |
        | + VITIS_LOOP_460_17_VITIS_LOOP_461_18                 |    13056|    13056|        48|          -|          -|    272|    no    |
        |  ++ VITIS_LOOP_186_2                                  |       28|       28|        16|          8|          1|      2|    yes   |
        |- VITIS_LOOP_480_19                                    |    60288|    60288|       942|          -|          -|     64|    no    |
        | + VITIS_LOOP_481_20                                   |       64|       64|         2|          1|          1|     64|    yes   |
        | + VITIS_LOOP_485_21                                   |      867|      867|        51|          -|          -|     17|    no    |
        |  ++ VITIS_LOOP_211_2                                  |       23|       23|        12|          4|          1|      4|    yes   |
        |- VITIS_LOOP_503_22                                    |    12733|    12733|       749|          -|          -|     17|    no    |
        |- VITIS_LOOP_507_23                                    |   321536|   321536|      1256|          -|          -|    256|    no    |
        | + VITIS_LOOP_508_24                                   |       64|       64|         2|          1|          1|     64|    yes   |
        | + VITIS_LOOP_512_25                                   |     1173|     1173|        69|          -|          -|     17|    no    |
        |  ++ VITIS_LOOP_234_2                                  |       23|       23|        12|          4|          1|      4|    yes   |
        |- VITIS_LOOP_528_26                                    |   124864|   124864|      1951|          -|          -|     64|    no    |
        | + VITIS_LOOP_529_27                                   |      257|      257|         3|          1|          1|    256|    yes   |
        | + VITIS_LOOP_533_28                                   |     1683|     1683|        99|          -|          -|     17|    no    |
        |  ++ VITIS_LOOP_257_2                                  |       71|       71|        12|          4|          1|     16|    yes   |
        |- VITIS_LOOP_539_29_VITIS_LOOP_540_30                  |     1089|     1089|         3|          1|          1|   1088|    yes   |
        +-------------------------------------------------------+---------+---------+----------+-----------+-----------+-------+----------+



================================================================
== Utilization Estimates
================================================================
* Summary: 
+-----------------+---------+-----+--------+-------+-----+
|       Name      | BRAM_18K| DSP |   FF   |  LUT  | URAM|
+-----------------+---------+-----+--------+-------+-----+
|DSP              |        -|    -|       -|      -|    -|
|Expression       |        -|    -|       0|   3364|    -|
|FIFO             |        -|    -|       -|      -|    -|
|Instance         |       12|  121|   16202|  31078|    -|
|Memory           |      130|    -|    1024|    128|    -|
|Multiplexer      |        -|    -|       -|  10501|    -|
|Register         |        -|    -|   20333|    928|    -|
+-----------------+---------+-----+--------+-------+-----+
|Total            |      142|  121|   37559|  45999|    0|
+-----------------+---------+-----+--------+-------+-----+
|Available        |      280|  220|  106400|  53200|    0|
+-----------------+---------+-----+--------+-------+-----+
|Utilization (%)  |       50|   55|      35|     86|    0|
+-----------------+---------+-----+--------+-------+-----+

+ Detail: 
    * Instance: 
    +----------------------------------------+------------------------------------+---------+----+------+------+-----+
    |                Instance                |               Module               | BRAM_18K| DSP|  FF  |  LUT | URAM|
    +----------------------------------------+------------------------------------+---------+----+------+------+-----+
    |control_s_axi_U                         |control_s_axi                       |        0|   0|  1352|  2408|    0|
    |fadd_32ns_32ns_32_4_full_dsp_1_U56      |fadd_32ns_32ns_32_4_full_dsp_1      |        0|   2|   227|   403|    0|
    |fadd_32ns_32ns_32_4_full_dsp_1_U57      |fadd_32ns_32ns_32_4_full_dsp_1      |        0|   2|   227|   403|    0|
    |fadd_32ns_32ns_32_4_full_dsp_1_U58      |fadd_32ns_32ns_32_4_full_dsp_1      |        0|   2|   227|   403|    0|
    |fadd_32ns_32ns_32_4_full_dsp_1_U59      |fadd_32ns_32ns_32_4_full_dsp_1      |        0|   2|   227|   403|    0|
    |fadd_32ns_32ns_32_4_full_dsp_1_U60      |fadd_32ns_32ns_32_4_full_dsp_1      |        0|   2|   227|   403|    0|
    |fadd_32ns_32ns_32_4_full_dsp_1_U61      |fadd_32ns_32ns_32_4_full_dsp_1      |        0|   2|   227|   403|    0|
    |fadd_32ns_32ns_32_4_full_dsp_1_U62      |fadd_32ns_32ns_32_4_full_dsp_1      |        0|   2|   227|   403|    0|
    |fadd_32ns_32ns_32_4_full_dsp_1_U63      |fadd_32ns_32ns_32_4_full_dsp_1      |        0|   2|   227|   403|    0|
    |fadd_32ns_32ns_32_4_full_dsp_1_U64      |fadd_32ns_32ns_32_4_full_dsp_1      |        0|   2|   227|   403|    0|
    |fadd_32ns_32ns_32_4_full_dsp_1_U65      |fadd_32ns_32ns_32_4_full_dsp_1      |        0|   2|   227|   403|    0|
    |fadd_32ns_32ns_32_4_full_dsp_1_U66      |fadd_32ns_32ns_32_4_full_dsp_1      |        0|   2|   227|   403|    0|
    |fadd_32ns_32ns_32_4_full_dsp_1_U67      |fadd_32ns_32ns_32_4_full_dsp_1      |        0|   2|   227|   403|    0|
    |fadd_32ns_32ns_32_4_full_dsp_1_U68      |fadd_32ns_32ns_32_4_full_dsp_1      |        0|   2|   227|   403|    0|
    |fadd_32ns_32ns_32_4_full_dsp_1_U69      |fadd_32ns_32ns_32_4_full_dsp_1      |        0|   2|   227|   403|    0|
    |fadd_32ns_32ns_32_4_full_dsp_1_U70      |fadd_32ns_32ns_32_4_full_dsp_1      |        0|   2|   227|   403|    0|
    |fadd_32ns_32ns_32_4_full_dsp_1_U71      |fadd_32ns_32ns_32_4_full_dsp_1      |        0|   2|   227|   403|    0|
    |fadd_32ns_32ns_32_4_full_dsp_1_U72      |fadd_32ns_32ns_32_4_full_dsp_1      |        0|   2|   227|   403|    0|
    |fadd_32ns_32ns_32_4_full_dsp_1_U73      |fadd_32ns_32ns_32_4_full_dsp_1      |        0|   2|   227|   403|    0|
    |fadd_32ns_32ns_32_4_full_dsp_1_U74      |fadd_32ns_32ns_32_4_full_dsp_1      |        0|   2|   227|   403|    0|
    |fadd_32ns_32ns_32_4_full_dsp_1_U75      |fadd_32ns_32ns_32_4_full_dsp_1      |        0|   2|   227|   403|    0|
    |fadd_32ns_32ns_32_4_full_dsp_1_U76      |fadd_32ns_32ns_32_4_full_dsp_1      |        0|   2|   227|   403|    0|
    |fadd_32ns_32ns_32_4_full_dsp_1_U77      |fadd_32ns_32ns_32_4_full_dsp_1      |        0|   2|   227|   403|    0|
    |fadd_32ns_32ns_32_4_full_dsp_1_U78      |fadd_32ns_32ns_32_4_full_dsp_1      |        0|   2|   227|   403|    0|
    |fadd_32ns_32ns_32_4_full_dsp_1_U79      |fadd_32ns_32ns_32_4_full_dsp_1      |        0|   2|   227|   403|    0|
    |fadd_32ns_32ns_32_4_full_dsp_1_U80      |fadd_32ns_32ns_32_4_full_dsp_1      |        0|   2|   227|   403|    0|
    |fadd_32ns_32ns_32_4_full_dsp_1_U81      |fadd_32ns_32ns_32_4_full_dsp_1      |        0|   2|   227|   403|    0|
    |fadd_32ns_32ns_32_4_full_dsp_1_U82      |fadd_32ns_32ns_32_4_full_dsp_1      |        0|   2|   227|   403|    0|
    |fadd_32ns_32ns_32_4_full_dsp_1_U83      |fadd_32ns_32ns_32_4_full_dsp_1      |        0|   2|   227|   403|    0|
    |fadd_32ns_32ns_32_4_full_dsp_1_U84      |fadd_32ns_32ns_32_4_full_dsp_1      |        0|   2|   227|   403|    0|
    |fadd_32ns_32ns_32_4_full_dsp_1_U85      |fadd_32ns_32ns_32_4_full_dsp_1      |        0|   2|   227|   403|    0|
    |fadd_32ns_32ns_32_4_no_dsp_1_U86        |fadd_32ns_32ns_32_4_no_dsp_1        |        0|   0|   168|   630|    0|
    |fadd_32ns_32ns_32_4_no_dsp_1_U87        |fadd_32ns_32ns_32_4_no_dsp_1        |        0|   0|   168|   630|    0|
    |fadd_32ns_32ns_32_4_no_dsp_1_U88        |fadd_32ns_32ns_32_4_no_dsp_1        |        0|   0|   168|   630|    0|
    |fadd_32ns_32ns_32_4_no_dsp_1_U89        |fadd_32ns_32ns_32_4_no_dsp_1        |        0|   0|   168|   630|    0|
    |faddfsub_32ns_32ns_32_4_full_dsp_1_U55  |faddfsub_32ns_32ns_32_4_full_dsp_1  |        0|   2|   227|   403|    0|
    |fcmp_32ns_32ns_1_2_no_dsp_1_U108        |fcmp_32ns_32ns_1_2_no_dsp_1         |        0|   0|     0|     0|    0|
    |fcmp_32ns_32ns_1_2_no_dsp_1_U109        |fcmp_32ns_32ns_1_2_no_dsp_1         |        0|   0|     0|     0|    0|
    |fdiv_32ns_32ns_32_12_no_dsp_1_U107      |fdiv_32ns_32ns_32_12_no_dsp_1       |        0|   0|     0|     0|    0|
    |fmul_32ns_32ns_32_3_max_dsp_1_U90       |fmul_32ns_32ns_32_3_max_dsp_1       |        0|   3|   128|   320|    0|
    |fmul_32ns_32ns_32_3_max_dsp_1_U91       |fmul_32ns_32ns_32_3_max_dsp_1       |        0|   3|   128|   320|    0|
    |fmul_32ns_32ns_32_3_max_dsp_1_U92       |fmul_32ns_32ns_32_3_max_dsp_1       |        0|   3|   128|   320|    0|
    |fmul_32ns_32ns_32_3_max_dsp_1_U93       |fmul_32ns_32ns_32_3_max_dsp_1       |        0|   3|   128|   320|    0|
    |fmul_32ns_32ns_32_3_max_dsp_1_U94       |fmul_32ns_32ns_32_3_max_dsp_1       |        0|   3|   128|   320|    0|
    |fmul_32ns_32ns_32_3_max_dsp_1_U95       |fmul_32ns_32ns_32_3_max_dsp_1       |        0|   3|   128|   320|    0|
    |fmul_32ns_32ns_32_3_max_dsp_1_U96       |fmul_32ns_32ns_32_3_max_dsp_1       |        0|   3|   128|   320|    0|
    |fmul_32ns_32ns_32_3_max_dsp_1_U97       |fmul_32ns_32ns_32_3_max_dsp_1       |        0|   3|   128|   320|    0|
    |fmul_32ns_32ns_32_3_max_dsp_1_U98       |fmul_32ns_32ns_32_3_max_dsp_1       |        0|   3|   128|   320|    0|
    |fmul_32ns_32ns_32_3_max_dsp_1_U99       |fmul_32ns_32ns_32_3_max_dsp_1       |        0|   3|   128|   320|    0|
    |fmul_32ns_32ns_32_3_max_dsp_1_U100      |fmul_32ns_32ns_32_3_max_dsp_1       |        0|   3|   128|   320|    0|
    |fmul_32ns_32ns_32_3_max_dsp_1_U101      |fmul_32ns_32ns_32_3_max_dsp_1       |        0|   3|   128|   320|    0|
    |fmul_32ns_32ns_32_3_max_dsp_1_U102      |fmul_32ns_32ns_32_3_max_dsp_1       |        0|   3|   128|   320|    0|
    |fmul_32ns_32ns_32_3_max_dsp_1_U103      |fmul_32ns_32ns_32_3_max_dsp_1       |        0|   3|   128|   320|    0|
    |fmul_32ns_32ns_32_3_max_dsp_1_U104      |fmul_32ns_32ns_32_3_max_dsp_1       |        0|   3|   128|   320|    0|
    |fmul_32ns_32ns_32_3_max_dsp_1_U105      |fmul_32ns_32ns_32_3_max_dsp_1       |        0|   3|   128|   320|    0|
    |fmul_32ns_32ns_32_3_max_dsp_1_U106      |fmul_32ns_32ns_32_3_max_dsp_1       |        0|   3|   128|   320|    0|
    |gmem_attnw_m_axi_U                      |gmem_attnw_m_axi                    |        2|   0|   512|   580|    0|
    |gmem_mlpw_m_axi_U                       |gmem_mlpw_m_axi                     |        2|   0|   512|   580|    0|
    |gmem_out_m_axi_U                        |gmem_out_m_axi                      |        2|   0|   512|   580|    0|
    |gmem_param_m_axi_U                      |gmem_param_m_axi                    |        2|   0|   512|   580|    0|
    |gmem_qkvw_m_axi_U                       |gmem_qkvw_m_axi                     |        2|   0|   512|   580|    0|
    |gmem_token_m_axi_U                      |gmem_token_m_axi                    |        2|   0|   512|   580|    0|
    |grp_layer_norm_fused_fu_8596            |layer_norm_fused                    |        0|   8|  1893|  3675|    0|
    |mux_1664_32_1_1_U110                    |mux_1664_32_1_1                     |        0|   0|     0|    65|    0|
    |mux_1664_32_1_1_U111                    |mux_1664_32_1_1                     |        0|   0|     0|    65|    0|
    |mux_1664_32_1_1_U112                    |mux_1664_32_1_1                     |        0|   0|     0|    65|    0|
    |mux_1664_32_1_1_U129                    |mux_1664_32_1_1                     |        0|   0|     0|    65|    0|
    |mux_1664_32_1_1_U146                    |mux_1664_32_1_1                     |        0|   0|     0|    65|    0|
    |mux_1664_32_1_1_U147                    |mux_1664_32_1_1                     |        0|   0|     0|    65|    0|
    |mux_42_32_1_1_U113                      |mux_42_32_1_1                       |        0|   0|     0|    21|    0|
    |mux_42_32_1_1_U114                      |mux_42_32_1_1                       |        0|   0|     0|    21|    0|
    |mux_42_32_1_1_U115                      |mux_42_32_1_1                       |        0|   0|     0|    21|    0|
    |mux_42_32_1_1_U116                      |mux_42_32_1_1                       |        0|   0|     0|    21|    0|
    |mux_42_32_1_1_U117                      |mux_42_32_1_1                       |        0|   0|     0|    21|    0|
    |mux_42_32_1_1_U118                      |mux_42_32_1_1                       |        0|   0|     0|    21|    0|
    |mux_42_32_1_1_U119                      |mux_42_32_1_1                       |        0|   0|     0|    21|    0|
    |mux_42_32_1_1_U120                      |mux_42_32_1_1                       |        0|   0|     0|    21|    0|
    |mux_42_32_1_1_U121                      |mux_42_32_1_1                       |        0|   0|     0|    21|    0|
    |mux_42_32_1_1_U122                      |mux_42_32_1_1                       |        0|   0|     0|    21|    0|
    |mux_42_32_1_1_U123                      |mux_42_32_1_1                       |        0|   0|     0|    21|    0|
    |mux_42_32_1_1_U124                      |mux_42_32_1_1                       |        0|   0|     0|    21|    0|
    |mux_42_32_1_1_U125                      |mux_42_32_1_1                       |        0|   0|     0|    21|    0|
    |mux_42_32_1_1_U126                      |mux_42_32_1_1                       |        0|   0|     0|    21|    0|
    |mux_42_32_1_1_U127                      |mux_42_32_1_1                       |        0|   0|     0|    21|    0|
    |mux_42_32_1_1_U128                      |mux_42_32_1_1                       |        0|   0|     0|    21|    0|
    |mux_42_32_1_1_U130                      |mux_42_32_1_1                       |        0|   0|     0|    21|    0|
    |mux_42_32_1_1_U131                      |mux_42_32_1_1                       |        0|   0|     0|    21|    0|
    |mux_42_32_1_1_U132                      |mux_42_32_1_1                       |        0|   0|     0|    21|    0|
    |mux_42_32_1_1_U133                      |mux_42_32_1_1                       |        0|   0|     0|    21|    0|
    |mux_42_32_1_1_U134                      |mux_42_32_1_1                       |        0|   0|     0|    21|    0|
    |mux_42_32_1_1_U135                      |mux_42_32_1_1                       |        0|   0|     0|    21|    0|
    |mux_42_32_1_1_U136                      |mux_42_32_1_1                       |        0|   0|     0|    21|    0|
    |mux_42_32_1_1_U137                      |mux_42_32_1_1                       |        0|   0|     0|    21|    0|
    |mux_42_32_1_1_U138                      |mux_42_32_1_1                       |        0|   0|     0|    21|    0|
    |mux_42_32_1_1_U139                      |mux_42_32_1_1                       |        0|   0|     0|    21|    0|
    |mux_42_32_1_1_U140                      |mux_42_32_1_1                       |        0|   0|     0|    21|    0|
    |mux_42_32_1_1_U141                      |mux_42_32_1_1                       |        0|   0|     0|    21|    0|
    |mux_42_32_1_1_U142                      |mux_42_32_1_1                       |        0|   0|     0|    21|    0|
    |mux_42_32_1_1_U143                      |mux_42_32_1_1                       |        0|   0|     0|    21|    0|
    |mux_42_32_1_1_U144                      |mux_42_32_1_1                       |        0|   0|     0|    21|    0|
    |mux_42_32_1_1_U145                      |mux_42_32_1_1                       |        0|   0|     0|    21|    0|
    +----------------------------------------+------------------------------------+---------+----+------+------+-----+
    |Total                                   |                                    |       12| 121| 16202| 31078|    0|
    +----------------------------------------+------------------------------------+---------+----+------+------+-----+

    * DSP: 
    N/A

    * Memory: 
    +-----------------------+--------------------+---------+----+----+-----+------+-----+------+-------------+
    |         Memory        |       Module       | BRAM_18K| FF | LUT| URAM| Words| Bits| Banks| W*Bits*Banks|
    +-----------------------+--------------------+---------+----+----+-----+------+-----+------+-------------+
    |attn_prob_U            |attn_prob           |        2|   0|   0|    0|   289|   32|     1|         9248|
    |fc2_weight_row_0_U     |fc2_weight_row_0    |        0|  64|   8|    0|    16|   32|     1|          512|
    |fc2_weight_row_1_U     |fc2_weight_row_0    |        0|  64|   8|    0|    16|   32|     1|          512|
    |fc2_weight_row_2_U     |fc2_weight_row_0    |        0|  64|   8|    0|    16|   32|     1|          512|
    |fc2_weight_row_3_U     |fc2_weight_row_0    |        0|  64|   8|    0|    16|   32|     1|          512|
    |fc2_weight_row_4_U     |fc2_weight_row_0    |        0|  64|   8|    0|    16|   32|     1|          512|
    |fc2_weight_row_5_U     |fc2_weight_row_0    |        0|  64|   8|    0|    16|   32|     1|          512|
    |fc2_weight_row_6_U     |fc2_weight_row_0    |        0|  64|   8|    0|    16|   32|     1|          512|
    |fc2_weight_row_7_U     |fc2_weight_row_0    |        0|  64|   8|    0|    16|   32|     1|          512|
    |fc2_weight_row_8_U     |fc2_weight_row_0    |        0|  64|   8|    0|    16|   32|     1|          512|
    |fc2_weight_row_9_U     |fc2_weight_row_0    |        0|  64|   8|    0|    16|   32|     1|          512|
    |fc2_weight_row_10_U    |fc2_weight_row_0    |        0|  64|   8|    0|    16|   32|     1|          512|
    |fc2_weight_row_11_U    |fc2_weight_row_0    |        0|  64|   8|    0|    16|   32|     1|          512|
    |fc2_weight_row_12_U    |fc2_weight_row_0    |        0|  64|   8|    0|    16|   32|     1|          512|
    |fc2_weight_row_13_U    |fc2_weight_row_0    |        0|  64|   8|    0|    16|   32|     1|          512|
    |fc2_weight_row_14_U    |fc2_weight_row_0    |        0|  64|   8|    0|    16|   32|     1|          512|
    |fc2_weight_row_15_U    |fc2_weight_row_0    |        0|  64|   8|    0|    16|   32|     1|          512|
    |mlp_hidden_0_U         |mlp_hidden_0        |        1|   0|   0|    0|   272|   32|     1|         8704|
    |mlp_hidden_1_U         |mlp_hidden_0        |        1|   0|   0|    0|   272|   32|     1|         8704|
    |mlp_hidden_2_U         |mlp_hidden_0        |        1|   0|   0|    0|   272|   32|     1|         8704|
    |mlp_hidden_3_U         |mlp_hidden_0        |        1|   0|   0|    0|   272|   32|     1|         8704|
    |mlp_hidden_4_U         |mlp_hidden_0        |        1|   0|   0|    0|   272|   32|     1|         8704|
    |mlp_hidden_5_U         |mlp_hidden_0        |        1|   0|   0|    0|   272|   32|     1|         8704|
    |mlp_hidden_6_U         |mlp_hidden_0        |        1|   0|   0|    0|   272|   32|     1|         8704|
    |mlp_hidden_7_U         |mlp_hidden_0        |        1|   0|   0|    0|   272|   32|     1|         8704|
    |mlp_hidden_8_U         |mlp_hidden_0        |        1|   0|   0|    0|   272|   32|     1|         8704|
    |mlp_hidden_9_U         |mlp_hidden_0        |        1|   0|   0|    0|   272|   32|     1|         8704|
    |mlp_hidden_10_U        |mlp_hidden_0        |        1|   0|   0|    0|   272|   32|     1|         8704|
    |mlp_hidden_11_U        |mlp_hidden_0        |        1|   0|   0|    0|   272|   32|     1|         8704|
    |mlp_hidden_12_U        |mlp_hidden_0        |        1|   0|   0|    0|   272|   32|     1|         8704|
    |mlp_hidden_13_U        |mlp_hidden_0        |        1|   0|   0|    0|   272|   32|     1|         8704|
    |mlp_hidden_14_U        |mlp_hidden_0        |        1|   0|   0|    0|   272|   32|     1|         8704|
    |mlp_hidden_15_U        |mlp_hidden_0        |        1|   0|   0|    0|   272|   32|     1|         8704|
    |qkv_0_U                |qkv_0               |        2|   0|   0|    0|   204|   32|     1|         6528|
    |qkv_1_U                |qkv_0               |        2|   0|   0|    0|   204|   32|     1|         6528|
    |qkv_2_U                |qkv_0               |        2|   0|   0|    0|   204|   32|     1|         6528|
    |qkv_3_U                |qkv_0               |        2|   0|   0|    0|   204|   32|     1|         6528|
    |qkv_4_U                |qkv_0               |        2|   0|   0|    0|   204|   32|     1|         6528|
    |qkv_5_U                |qkv_0               |        2|   0|   0|    0|   204|   32|     1|         6528|
    |qkv_6_U                |qkv_0               |        2|   0|   0|    0|   204|   32|     1|         6528|
    |qkv_7_U                |qkv_0               |        2|   0|   0|    0|   204|   32|     1|         6528|
    |qkv_8_U                |qkv_0               |        2|   0|   0|    0|   204|   32|     1|         6528|
    |qkv_9_U                |qkv_0               |        2|   0|   0|    0|   204|   32|     1|         6528|
    |qkv_10_U               |qkv_0               |        2|   0|   0|    0|   204|   32|     1|         6528|
    |qkv_11_U               |qkv_0               |        2|   0|   0|    0|   204|   32|     1|         6528|
    |qkv_12_U               |qkv_0               |        2|   0|   0|    0|   204|   32|     1|         6528|
    |qkv_13_U               |qkv_0               |        2|   0|   0|    0|   204|   32|     1|         6528|
    |qkv_14_U               |qkv_0               |        2|   0|   0|    0|   204|   32|     1|         6528|
    |qkv_15_U               |qkv_0               |        2|   0|   0|    0|   204|   32|     1|         6528|
    |qkv_weight_cache_0_U   |qkv_weight_cache_0  |        2|   0|   0|    0|   768|   32|     1|        24576|
    |qkv_weight_cache_1_U   |qkv_weight_cache_0  |        2|   0|   0|    0|   768|   32|     1|        24576|
    |qkv_weight_cache_2_U   |qkv_weight_cache_0  |        2|   0|   0|    0|   768|   32|     1|        24576|
    |qkv_weight_cache_3_U   |qkv_weight_cache_0  |        2|   0|   0|    0|   768|   32|     1|        24576|
    |qkv_weight_cache_4_U   |qkv_weight_cache_0  |        2|   0|   0|    0|   768|   32|     1|        24576|
    |qkv_weight_cache_5_U   |qkv_weight_cache_0  |        2|   0|   0|    0|   768|   32|     1|        24576|
    |qkv_weight_cache_6_U   |qkv_weight_cache_0  |        2|   0|   0|    0|   768|   32|     1|        24576|
    |qkv_weight_cache_7_U   |qkv_weight_cache_0  |        2|   0|   0|    0|   768|   32|     1|        24576|
    |qkv_weight_cache_8_U   |qkv_weight_cache_0  |        2|   0|   0|    0|   768|   32|     1|        24576|
    |qkv_weight_cache_9_U   |qkv_weight_cache_0  |        2|   0|   0|    0|   768|   32|     1|        24576|
    |qkv_weight_cache_10_U  |qkv_weight_cache_0  |        2|   0|   0|    0|   768|   32|     1|        24576|
    |qkv_weight_cache_11_U  |qkv_weight_cache_0  |        2|   0|   0|    0|   768|   32|     1|        24576|
    |qkv_weight_cache_12_U  |qkv_weight_cache_0  |        2|   0|   0|    0|   768|   32|     1|        24576|
    |qkv_weight_cache_13_U  |qkv_weight_cache_0  |        2|   0|   0|    0|   768|   32|     1|        24576|
    |qkv_weight_cache_14_U  |qkv_weight_cache_0  |        2|   0|   0|    0|   768|   32|     1|        24576|
    |qkv_weight_cache_15_U  |qkv_weight_cache_0  |        2|   0|   0|    0|   768|   32|     1|        24576|
    |token_0_U              |token_0             |        1|   0|   0|    0|    68|   32|     1|         2176|
    |token_1_U              |token_0             |        1|   0|   0|    0|    68|   32|     1|         2176|
    |token_2_U              |token_0             |        1|   0|   0|    0|    68|   32|     1|         2176|
    |token_3_U              |token_0             |        1|   0|   0|    0|    68|   32|     1|         2176|
    |token_4_U              |token_0             |        1|   0|   0|    0|    68|   32|     1|         2176|
    |token_5_U              |token_0             |        1|   0|   0|    0|    68|   32|     1|         2176|
    |token_6_U              |token_0             |        1|   0|   0|    0|    68|   32|     1|         2176|
    |token_7_U              |token_0             |        1|   0|   0|    0|    68|   32|     1|         2176|
    |token_8_U              |token_0             |        1|   0|   0|    0|    68|   32|     1|         2176|
    |token_9_U              |token_0             |        1|   0|   0|    0|    68|   32|     1|         2176|
    |token_10_U             |token_0             |        1|   0|   0|    0|    68|   32|     1|         2176|
    |token_11_U             |token_0             |        1|   0|   0|    0|    68|   32|     1|         2176|
    |token_12_U             |token_0             |        1|   0|   0|    0|    68|   32|     1|         2176|
    |token_13_U             |token_0             |        1|   0|   0|    0|    68|   32|     1|         2176|
    |token_14_U             |token_0             |        1|   0|   0|    0|    68|   32|     1|         2176|
    |token_15_U             |token_0             |        1|   0|   0|    0|    68|   32|     1|         2176|
    |normed_0_U             |token_0             |        1|   0|   0|    0|    68|   32|     1|         2176|
    |normed_1_U             |token_0             |        1|   0|   0|    0|    68|   32|     1|         2176|
    |normed_2_U             |token_0             |        1|   0|   0|    0|    68|   32|     1|         2176|
    |normed_3_U             |token_0             |        1|   0|   0|    0|    68|   32|     1|         2176|
    |normed_4_U             |token_0             |        1|   0|   0|    0|    68|   32|     1|         2176|
    |normed_5_U             |token_0             |        1|   0|   0|    0|    68|   32|     1|         2176|
    |normed_6_U             |token_0             |        1|   0|   0|    0|    68|   32|     1|         2176|
    |normed_7_U             |token_0             |        1|   0|   0|    0|    68|   32|     1|         2176|
    |normed_8_U             |token_0             |        1|   0|   0|    0|    68|   32|     1|         2176|
    |normed_9_U             |token_0             |        1|   0|   0|    0|    68|   32|     1|         2176|
    |normed_10_U            |token_0             |        1|   0|   0|    0|    68|   32|     1|         2176|
    |normed_11_U            |token_0             |        1|   0|   0|    0|    68|   32|     1|         2176|
    |normed_12_U            |token_0             |        1|   0|   0|    0|    68|   32|     1|         2176|
    |normed_13_U            |token_0             |        1|   0|   0|    0|    68|   32|     1|         2176|
    |normed_14_U            |token_0             |        1|   0|   0|    0|    68|   32|     1|         2176|
    |normed_15_U            |token_0             |        1|   0|   0|    0|    68|   32|     1|         2176|
    |attn_out_0_U           |token_0             |        1|   0|   0|    0|    68|   32|     1|         2176|
    |attn_out_1_U           |token_0             |        1|   0|   0|    0|    68|   32|     1|         2176|
    |attn_out_2_U           |token_0             |        1|   0|   0|    0|    68|   32|     1|         2176|
    |attn_out_3_U           |token_0             |        1|   0|   0|    0|    68|   32|     1|         2176|
    |attn_out_4_U           |token_0             |        1|   0|   0|    0|    68|   32|     1|         2176|
    |attn_out_5_U           |token_0             |        1|   0|   0|    0|    68|   32|     1|         2176|
    |attn_out_6_U           |token_0             |        1|   0|   0|    0|    68|   32|     1|         2176|
    |attn_out_7_U           |token_0             |        1|   0|   0|    0|    68|   32|     1|         2176|
    |attn_out_8_U           |token_0             |        1|   0|   0|    0|    68|   32|     1|         2176|
    |attn_out_9_U           |token_0             |        1|   0|   0|    0|    68|   32|     1|         2176|
    |attn_out_10_U          |token_0             |        1|   0|   0|    0|    68|   32|     1|         2176|
    |attn_out_11_U          |token_0             |        1|   0|   0|    0|    68|   32|     1|         2176|
    |attn_out_12_U          |token_0             |        1|   0|   0|    0|    68|   32|     1|         2176|
    |attn_out_13_U          |token_0             |        1|   0|   0|    0|    68|   32|     1|         2176|
    |attn_out_14_U          |token_0             |        1|   0|   0|    0|    68|   32|     1|         2176|
    |attn_out_15_U          |token_0             |        1|   0|   0|    0|    68|   32|     1|         2176|
    +-----------------------+--------------------+---------+----+----+-----+------+-----+------+-------------+
    |Total                  |                    |      130|1024| 128|    0| 23713| 3616|   113|       758816|
    +-----------------------+--------------------+---------+----+----+-----+------+-----+------+-------------+

    * FIFO: 
    N/A

    * Expression: 
    +-----------------------------------+----------+----+---+-----+------------+------------+
    |           Variable Name           | Operation| DSP| FF| LUT | Bitwidth P0| Bitwidth P1|
    +-----------------------------------+----------+----+---+-----+------------+------------+
    |add_ln167_fu_10831_p2              |     +    |   0|  0|    8|           8|           8|
    |add_ln186_fu_12384_p2              |     +    |   0|  0|   15|           6|           5|
    |add_ln192_10_fu_11620_p2           |     +    |   0|  0|   15|           9|           9|
    |add_ln192_11_fu_11663_p2           |     +    |   0|  0|    8|           8|           8|
    |add_ln192_12_fu_11688_p2           |     +    |   0|  0|   15|           9|           9|
    |add_ln192_13_fu_11731_p2           |     +    |   0|  0|    8|           8|           8|
    |add_ln192_14_fu_11756_p2           |     +    |   0|  0|   15|           9|           9|
    |add_ln192_15_fu_11858_p2           |     +    |   0|  0|   15|           9|           9|
    |add_ln192_16_fu_11901_p2           |     +    |   0|  0|    8|           8|           8|
    |add_ln192_17_fu_11926_p2           |     +    |   0|  0|   15|           9|           9|
    |add_ln192_18_fu_11969_p2           |     +    |   0|  0|    8|           8|           8|
    |add_ln192_19_fu_11994_p2           |     +    |   0|  0|   15|           9|           9|
    |add_ln192_1_fu_11247_p2            |     +    |   0|  0|   15|           9|           9|
    |add_ln192_20_fu_12037_p2           |     +    |   0|  0|    8|           8|           8|
    |add_ln192_21_fu_12062_p2           |     +    |   0|  0|   15|           9|           9|
    |add_ln192_22_fu_12164_p2           |     +    |   0|  0|   15|           9|           9|
    |add_ln192_23_fu_12207_p2           |     +    |   0|  0|    8|           8|           8|
    |add_ln192_24_fu_12232_p2           |     +    |   0|  0|   15|           9|           9|
    |add_ln192_25_fu_12275_p2           |     +    |   0|  0|    8|           8|           8|
    |add_ln192_26_fu_12300_p2           |     +    |   0|  0|   15|           9|           9|
    |add_ln192_27_fu_12343_p2           |     +    |   0|  0|    8|           8|           8|
    |add_ln192_28_fu_12368_p2           |     +    |   0|  0|   15|           9|           9|
    |add_ln192_2_fu_11289_p2            |     +    |   0|  0|    8|           8|           8|
    |add_ln192_3_fu_11314_p2            |     +    |   0|  0|   15|           9|           9|
    |add_ln192_4_fu_11357_p2            |     +    |   0|  0|    8|           8|           8|
    |add_ln192_5_fu_11382_p2            |     +    |   0|  0|   15|           9|           9|
    |add_ln192_6_fu_11425_p2            |     +    |   0|  0|    8|           8|           8|
    |add_ln192_7_fu_11450_p2            |     +    |   0|  0|   15|           9|           9|
    |add_ln192_8_fu_11552_p2            |     +    |   0|  0|   15|           9|           9|
    |add_ln192_9_fu_11595_p2            |     +    |   0|  0|    8|           8|           8|
    |add_ln192_fu_11119_p2              |     +    |   0|  0|   15|           9|           9|
    |add_ln211_fu_12931_p2              |     +    |   0|  0|   15|           7|           5|
    |add_ln234_fu_13947_p2              |     +    |   0|  0|   15|           7|           5|
    |add_ln257_fu_14862_p2              |     +    |   0|  0|   15|           9|           5|
    |add_ln340_fu_14443_p2              |     +    |   0|  0|   15|           8|           9|
    |add_ln364_1_fu_9816_p2             |     +    |   0|  0|   13|          11|           1|
    |add_ln364_fu_9822_p2               |     +    |   0|  0|   15|           1|           5|
    |add_ln365_fu_9892_p2               |     +    |   0|  0|   15|           7|           1|
    |add_ln372_fu_9923_p2               |     +    |   0|  0|   15|           5|           1|
    |add_ln388_fu_9954_p2               |     +    |   0|  0|   15|           5|           1|
    |add_ln389_fu_10015_p2              |     +    |   0|  0|   15|           8|           1|
    |add_ln391_fu_10057_p2              |     +    |   0|  0|   15|           8|           8|
    |add_ln395_1_fu_10088_p2            |     +    |   0|  0|   19|          14|           1|
    |add_ln395_fu_10094_p2              |     +    |   0|  0|   15|           1|           7|
    |add_ln396_fu_10140_p2              |     +    |   0|  0|   15|           8|           1|
    |add_ln398_fu_10173_p2              |     +    |   0|  0|    8|          10|          10|
    |add_ln402_1_fu_10273_p2            |     +    |   0|  0|   19|           1|          14|
    |add_ln402_fu_10279_p2              |     +    |   0|  0|   15|           1|           7|
    |add_ln403_1_fu_10489_p2            |     +    |   0|  0|   15|           1|           9|
    |add_ln403_fu_10415_p2              |     +    |   0|  0|   15|           5|           8|
    |add_ln404_fu_10483_p2              |     +    |   0|  0|   15|           1|           5|
    |add_ln410_1_fu_10449_p2            |     +    |   0|  0|    8|          10|          10|
    |add_ln410_2_fu_10575_p2            |     +    |   0|  0|    8|           8|           8|
    |add_ln410_fu_10261_p2              |     +    |   0|  0|    8|          10|          10|
    |add_ln428_fu_10647_p2              |     +    |   0|  0|   12|           3|           1|
    |add_ln431_fu_10706_p2              |     +    |   0|  0|   15|           5|           1|
    |add_ln435_fu_10791_p2              |     +    |   0|  0|   15|           5|           1|
    |add_ln438_1_fu_10856_p2            |     +    |   0|  0|   15|           9|           9|
    |add_ln438_fu_10779_p2              |     +    |   0|  0|   15|           9|           9|
    |add_ln444_fu_10975_p2              |     +    |   0|  0|   15|           5|           1|
    |add_ln446_fu_10965_p2              |     +    |   0|  0|   15|           9|           9|
    |add_ln450_fu_11047_p2              |     +    |   0|  0|   15|           5|           1|
    |add_ln452_fu_11057_p2              |     +    |   0|  0|   15|           9|           9|
    |add_ln460_1_fu_11073_p2            |     +    |   0|  0|   15|           9|           1|
    |add_ln460_fu_11079_p2              |     +    |   0|  0|   15|           1|           5|
    |add_ln461_fu_12416_p2              |     +    |   0|  0|   15|           5|           1|
    |add_ln462_fu_11133_p2              |     +    |   0|  0|   15|           6|           6|
    |add_ln480_fu_12427_p2              |     +    |   0|  0|   15|           7|           1|
    |add_ln481_1_fu_12480_p2            |     +    |   0|  0|   15|           7|           1|
    |add_ln481_fu_12449_p2              |     +    |   0|  0|   71|          64|          64|
    |add_ln485_fu_12852_p2              |     +    |   0|  0|   15|           5|           1|
    |add_ln503_fu_13380_p2              |     +    |   0|  0|   15|           5|           1|
    |add_ln507_fu_13392_p2              |     +    |   0|  0|   15|           9|           1|
    |add_ln508_1_fu_13464_p2            |     +    |   0|  0|   15|           7|           1|
    |add_ln508_fu_13414_p2              |     +    |   0|  0|   71|          64|          64|
    |add_ln512_fu_13868_p2              |     +    |   0|  0|   15|           5|           1|
    |add_ln524_fu_14570_p2              |     +    |   0|  0|   71|          64|          64|
    |add_ln528_fu_14605_p2              |     +    |   0|  0|   15|           7|           1|
    |add_ln529_1_fu_14677_p2            |     +    |   0|  0|   15|           9|           1|
    |add_ln529_fu_14627_p2              |     +    |   0|  0|   71|          64|          64|
    |add_ln533_fu_14763_p2              |     +    |   0|  0|   15|           5|           1|
    |add_ln539_1_fu_14911_p2            |     +    |   0|  0|   13|          11|           1|
    |add_ln539_fu_14917_p2              |     +    |   0|  0|   15|           1|           5|
    |add_ln540_fu_14987_p2              |     +    |   0|  0|   15|           1|           7|
    |empty_108_fu_13819_p2              |     +    |   0|  0|   71|          64|          64|
    |empty_92_fu_10742_p2               |     +    |   0|  0|    8|           8|           8|
    |empty_91_fu_10736_p2               |     -    |   0|  0|    8|           8|           8|
    |result_V_1_fu_14532_p2             |     -    |   0|  0|   39|           1|          32|
    |sub_ln1311_fu_14457_p2             |     -    |   0|  0|   15|           7|           8|
    |sub_ln167_fu_10825_p2              |     -    |   0|  0|    8|           8|           8|
    |sub_ln192_10_fu_11963_p2           |     -    |   0|  0|    8|           8|           8|
    |sub_ln192_11_fu_12031_p2           |     -    |   0|  0|    8|           8|           8|
    |sub_ln192_12_fu_12111_p2           |     -    |   0|  0|   14|          10|          10|
    |sub_ln192_13_fu_12201_p2           |     -    |   0|  0|    8|           7|           8|
    |sub_ln192_14_fu_12269_p2           |     -    |   0|  0|    8|           7|           8|
    |sub_ln192_15_fu_12337_p2           |     -    |   0|  0|    8|           6|           8|
    |sub_ln192_1_fu_11283_p2            |     -    |   0|  0|    8|           5|           8|
    |sub_ln192_2_fu_11351_p2            |     -    |   0|  0|    8|           6|           8|
    |sub_ln192_3_fu_11419_p2            |     -    |   0|  0|    8|           6|           8|
    |sub_ln192_4_fu_11499_p2            |     -    |   0|  0|   14|          10|          10|
    |sub_ln192_5_fu_11589_p2            |     -    |   0|  0|    8|           7|           8|
    |sub_ln192_6_fu_11657_p2            |     -    |   0|  0|    8|           7|           8|
    |sub_ln192_7_fu_11725_p2            |     -    |   0|  0|    8|           7|           8|
    |sub_ln192_8_fu_11805_p2            |     -    |   0|  0|   14|          10|          10|
    |sub_ln192_9_fu_11895_p2            |     -    |   0|  0|    8|           8|           8|
    |sub_ln192_fu_11194_p2              |     -    |   0|  0|   13|          11|          11|
    |sub_ln391_fu_10003_p2              |     -    |   0|  0|   15|           8|           8|
    |sub_ln398_fu_10164_p2              |     -    |   0|  0|    8|          10|          10|
    |sub_ln410_1_fu_10323_p2            |     -    |   0|  0|   14|          10|          10|
    |sub_ln410_2_fu_10361_p2            |     -    |   0|  0|    8|          10|          10|
    |sub_ln410_3_fu_10569_p2            |     -    |   0|  0|    8|           8|           8|
    |sub_ln410_fu_10241_p2              |     -    |   0|  0|    8|          10|          10|
    |and_ln402_fu_10409_p2              |    and   |   0|  0|    2|           1|           1|
    |and_ln439_1_fu_10942_p2            |    and   |   0|  0|    2|           1|           1|
    |and_ln439_fu_10936_p2              |    and   |   0|  0|    2|           1|           1|
    |and_ln44_fu_11029_p2               |    and   |   0|  0|    2|           1|           1|
    |and_ln47_fu_11017_p2               |    and   |   0|  0|    2|           1|           1|
    |and_ln517_fu_14389_p2              |    and   |   0|  0|    2|           1|           1|
    |and_ln519_fu_14395_p2              |    and   |   0|  0|    2|           1|           1|
    |ap_block_pp0_stage0_11001          |    and   |   0|  0|    2|           1|           1|
    |ap_block_pp10_stage0_11001         |    and   |   0|  0|    2|           1|           1|
    |ap_block_pp12_stage0_11001         |    and   |   0|  0|    2|           1|           1|
    |ap_block_pp14_stage0_11001         |    and   |   0|  0|    2|           1|           1|
    |ap_block_pp1_stage0_11001          |    and   |   0|  0|    2|           1|           1|
    |ap_block_pp2_stage0_11001          |    and   |   0|  0|    2|           1|           1|
    |ap_block_pp8_stage0_11001          |    and   |   0|  0|    2|           1|           1|
    |ap_block_state10_pp0_stage0_iter1  |    and   |   0|  0|    2|           1|           1|
    |ap_block_state35_pp2_stage0_iter1  |    and   |   0|  0|    2|           1|           1|
    |ap_block_state373_io               |    and   |   0|  0|    2|           1|           1|
    |icmp_ln186_fu_11160_p2             |   icmp   |   0|  0|   11|           6|           5|
    |icmp_ln191_10_fu_12072_p2          |   icmp   |   0|  0|   11|           5|           5|
    |icmp_ln191_11_fu_12174_p2          |   icmp   |   0|  0|   11|           5|           5|
    |icmp_ln191_12_fu_12242_p2          |   icmp   |   0|  0|   11|           5|           5|
    |icmp_ln191_13_fu_12310_p2          |   icmp   |   0|  0|   11|           5|           5|
    |icmp_ln191_14_fu_12378_p2          |   icmp   |   0|  0|   11|           5|           5|
    |icmp_ln191_1_fu_11392_p2           |   icmp   |   0|  0|   11|           5|           5|
    |icmp_ln191_2_fu_11460_p2           |   icmp   |   0|  0|   11|           5|           5|
    |icmp_ln191_3_fu_11562_p2           |   icmp   |   0|  0|   11|           5|           5|
    |icmp_ln191_4_fu_11630_p2           |   icmp   |   0|  0|   11|           5|           5|
    |icmp_ln191_5_fu_11698_p2           |   icmp   |   0|  0|   11|           5|           5|
    |icmp_ln191_6_fu_11766_p2           |   icmp   |   0|  0|   11|           5|           5|
    |icmp_ln191_7_fu_11868_p2           |   icmp   |   0|  0|   11|           5|           5|
    |icmp_ln191_8_fu_11936_p2           |   icmp   |   0|  0|   11|           5|           5|
    |icmp_ln191_9_fu_12004_p2           |   icmp   |   0|  0|   11|           5|           5|
    |icmp_ln191_fu_11324_p2             |   icmp   |   0|  0|   11|           5|           5|
    |icmp_ln364_fu_9810_p2              |   icmp   |   0|  0|   13|          11|          11|
    |icmp_ln365_fu_9828_p2              |   icmp   |   0|  0|   11|           7|           8|
    |icmp_ln372_fu_9917_p2              |   icmp   |   0|  0|   11|           5|           5|
    |icmp_ln388_fu_9948_p2              |   icmp   |   0|  0|   11|           5|           5|
    |icmp_ln389_fu_10009_p2             |   icmp   |   0|  0|   11|           8|           8|
    |icmp_ln395_fu_10082_p2             |   icmp   |   0|  0|   13|          14|          14|
    |icmp_ln396_fu_10100_p2             |   icmp   |   0|  0|   11|           8|           8|
    |icmp_ln402_fu_10267_p2             |   icmp   |   0|  0|   13|          14|          13|
    |icmp_ln403_fu_10285_p2             |   icmp   |   0|  0|   13|           9|           8|
    |icmp_ln404_fu_10403_p2             |   icmp   |   0|  0|   11|           5|           5|
    |icmp_ln428_fu_10641_p2             |   icmp   |   0|  0|    9|           3|           4|
    |icmp_ln431_fu_10700_p2             |   icmp   |   0|  0|   11|           5|           5|
    |icmp_ln435_fu_10785_p2             |   icmp   |   0|  0|   11|           5|           5|
    |icmp_ln439_1_fu_10906_p2           |   icmp   |   0|  0|   18|          23|           1|
    |icmp_ln439_2_fu_10918_p2           |   icmp   |   0|  0|   11|           8|           2|
    |icmp_ln439_3_fu_10924_p2           |   icmp   |   0|  0|   18|          23|           1|
    |icmp_ln439_fu_10900_p2             |   icmp   |   0|  0|   11|           8|           2|
    |icmp_ln444_fu_10955_p2             |   icmp   |   0|  0|   11|           5|           5|
    |icmp_ln44_1_fu_11005_p2            |   icmp   |   0|  0|   18|          23|           1|
    |icmp_ln44_fu_10999_p2              |   icmp   |   0|  0|   11|           8|           2|
    |icmp_ln450_fu_11041_p2             |   icmp   |   0|  0|   11|           5|           5|
    |icmp_ln460_fu_11067_p2             |   icmp   |   0|  0|   13|           9|           9|
    |icmp_ln461_fu_11085_p2             |   icmp   |   0|  0|   11|           5|           6|
    |icmp_ln480_fu_12421_p2             |   icmp   |   0|  0|   11|           7|           8|
    |icmp_ln481_fu_12474_p2             |   icmp   |   0|  0|   11|           7|           8|
    |icmp_ln485_fu_12846_p2             |   icmp   |   0|  0|   11|           5|           5|
    |icmp_ln503_fu_13374_p2             |   icmp   |   0|  0|   11|           5|           5|
    |icmp_ln507_fu_13386_p2             |   icmp   |   0|  0|   13|           9|          10|
    |icmp_ln508_fu_13458_p2             |   icmp   |   0|  0|   11|           7|           8|
    |icmp_ln512_fu_13862_p2             |   icmp   |   0|  0|   11|           5|           5|
    |icmp_ln517_1_fu_14377_p2           |   icmp   |   0|  0|   18|          23|           1|
    |icmp_ln517_fu_14371_p2             |   icmp   |   0|  0|   11|           8|           2|
    |icmp_ln528_fu_14599_p2             |   icmp   |   0|  0|   11|           7|           8|
    |icmp_ln529_fu_14671_p2             |   icmp   |   0|  0|   13|           9|          10|
    |icmp_ln533_fu_14757_p2             |   icmp   |   0|  0|   11|           5|           5|
    |icmp_ln539_fu_14905_p2             |   icmp   |   0|  0|   13|          11|          11|
    |icmp_ln540_fu_14923_p2             |   icmp   |   0|  0|   11|           7|           8|
    |r_V_fu_14483_p2                    |   lshr   |   0|  0|  243|          79|          79|
    |or_ln190_10_fu_12010_p2            |    or    |   0|  0|    5|           5|           4|
    |or_ln190_11_fu_12078_p2            |    or    |   0|  0|    5|           5|           4|
    |or_ln190_12_fu_12180_p2            |    or    |   0|  0|    5|           5|           4|
    |or_ln190_13_fu_12248_p2            |    or    |   0|  0|    5|           5|           4|
    |or_ln190_14_fu_12316_p2            |    or    |   0|  0|    5|           5|           4|
    |or_ln190_1_fu_11330_p2             |    or    |   0|  0|    5|           5|           2|
    |or_ln190_2_fu_11398_p2             |    or    |   0|  0|    5|           5|           2|
    |or_ln190_3_fu_11466_p2             |    or    |   0|  0|    5|           5|           3|
    |or_ln190_4_fu_11568_p2             |    or    |   0|  0|    5|           5|           3|
    |or_ln190_5_fu_11636_p2             |    or    |   0|  0|    5|           5|           3|
    |or_ln190_6_fu_11704_p2             |    or    |   0|  0|    5|           5|           3|
    |or_ln190_7_fu_11772_p2             |    or    |   0|  0|    5|           5|           4|
    |or_ln190_8_fu_11874_p2             |    or    |   0|  0|    5|           5|           4|
    |or_ln190_9_fu_11942_p2             |    or    |   0|  0|    5|           5|           4|
    |or_ln190_fu_11261_p2               |    or    |   0|  0|    5|           5|           1|
    |or_ln192_1_fu_11509_p2             |    or    |   0|  0|    8|           8|           8|
    |or_ln192_2_fu_11815_p2             |    or    |   0|  0|    8|           8|           8|
    |or_ln192_3_fu_12121_p2             |    or    |   0|  0|    8|           8|           8|
    |or_ln192_fu_11204_p2               |    or    |   0|  0|    8|           8|           8|
    |or_ln403_fu_10421_p2               |    or    |   0|  0|    2|           1|           1|
    |or_ln439_1_fu_10930_p2             |    or    |   0|  0|    2|           1|           1|
    |or_ln439_fu_10912_p2               |    or    |   0|  0|    2|           1|           1|
    |or_ln44_fu_11011_p2                |    or    |   0|  0|    2|           1|           1|
    |or_ln517_1_fu_14401_p2             |    or    |   0|  0|    2|           1|           1|
    |or_ln517_fu_14383_p2               |    or    |   0|  0|    2|           1|           1|
    |max_score_2_fu_10948_p3            |  select  |   0|  0|   32|           1|          32|
    |prob_fu_11033_p3                   |  select  |   0|  0|   32|           1|           1|
    |select_ln364_1_fu_9842_p3          |  select  |   0|  0|    5|           1|           5|
    |select_ln364_fu_9834_p3            |  select  |   0|  0|    7|           1|           1|
    |select_ln395_1_fu_10114_p3         |  select  |   0|  0|    7|           1|           7|
    |select_ln395_fu_10106_p3           |  select  |   0|  0|    8|           1|           1|
    |select_ln402_1_fu_10329_p3         |  select  |   0|  0|    7|           1|           7|
    |select_ln402_2_fu_10381_p3         |  select  |   0|  0|    4|           1|           1|
    |select_ln402_3_fu_10389_p3         |  select  |   0|  0|   10|           1|          10|
    |select_ln402_fu_10291_p3           |  select  |   0|  0|    8|           1|           1|
    |select_ln403_1_fu_10455_p3         |  select  |   0|  0|    4|           1|           4|
    |select_ln403_2_fu_10463_p3         |  select  |   0|  0|   10|           1|          10|
    |select_ln403_3_fu_10471_p3         |  select  |   0|  0|    8|           1|           8|
    |select_ln403_4_fu_10495_p3         |  select  |   0|  0|    9|           1|           1|
    |select_ln403_fu_10427_p3           |  select  |   0|  0|    5|           1|           1|
    |select_ln460_1_fu_11099_p3         |  select  |   0|  0|    5|           1|           5|
    |select_ln460_fu_11091_p3           |  select  |   0|  0|    5|           1|           1|
    |select_ln517_fu_14551_p3           |  select  |   0|  0|   32|           1|          32|
    |select_ln51_fu_11021_p3            |  select  |   0|  0|   32|           1|          30|
    |select_ln539_1_fu_14937_p3         |  select  |   0|  0|    5|           1|           5|
    |select_ln539_fu_14929_p3           |  select  |   0|  0|    7|           1|           1|
    |select_ln59_1_fu_14537_p3          |  select  |   0|  0|    8|           1|           1|
    |select_ln59_fu_14544_p3            |  select  |   0|  0|   32|           1|          32|
    |ush_fu_14467_p3                    |  select  |   0|  0|    9|           1|           9|
    |val_V_fu_14517_p3                  |  select  |   0|  0|   32|           1|          32|
    |r_V_1_fu_14489_p2                  |    shl   |   0|  0|  243|          79|          79|
    |ap_enable_pp0                      |    xor   |   0|  0|    2|           1|           2|
    |ap_enable_pp1                      |    xor   |   0|  0|    2|           1|           2|
    |ap_enable_pp10                     |    xor   |   0|  0|    2|           1|           2|
    |ap_enable_pp11                     |    xor   |   0|  0|    2|           1|           2|
    |ap_enable_pp12                     |    xor   |   0|  0|    2|           1|           2|
    |ap_enable_pp13                     |    xor   |   0|  0|    2|           1|           2|
    |ap_enable_pp14                     |    xor   |   0|  0|    2|           1|           2|
    |ap_enable_pp2                      |    xor   |   0|  0|    2|           1|           2|
    |ap_enable_pp3                      |    xor   |   0|  0|    2|           1|           2|
    |ap_enable_pp4                      |    xor   |   0|  0|    2|           1|           2|
    |ap_enable_pp5                      |    xor   |   0|  0|    2|           1|           2|
    |ap_enable_pp6                      |    xor   |   0|  0|    2|           1|           2|
    |ap_enable_pp7                      |    xor   |   0|  0|    2|           1|           2|
    |ap_enable_pp8                      |    xor   |   0|  0|    2|           1|           2|
    |ap_enable_pp9                      |    xor   |   0|  0|    2|           1|           2|
    |ap_enable_reg_pp0_iter1            |    xor   |   0|  0|    2|           2|           1|
    |ap_enable_reg_pp10_iter1           |    xor   |   0|  0|    2|           2|           1|
    |ap_enable_reg_pp12_iter1           |    xor   |   0|  0|    2|           2|           1|
    |ap_enable_reg_pp14_iter1           |    xor   |   0|  0|    2|           2|           1|
    |ap_enable_reg_pp1_iter1            |    xor   |   0|  0|    2|           2|           1|
    |ap_enable_reg_pp2_iter1            |    xor   |   0|  0|    2|           2|           1|
    |ap_enable_reg_pp3_iter1            |    xor   |   0|  0|    2|           2|           1|
    |ap_enable_reg_pp6_iter1            |    xor   |   0|  0|    2|           2|           1|
    |ap_enable_reg_pp8_iter1            |    xor   |   0|  0|    2|           2|           1|
    |xor_ln402_fu_10397_p2              |    xor   |   0|  0|    2|           1|           2|
    +-----------------------------------+----------+----+---+-----+------------+------------+
    |Total                              |          |   0|  0| 3364|        1858|        1896|
    +-----------------------------------+----------+----+---+-----+------------+------------+

    * Multiplexer: 
    +--------------------------------------------------------------------------------------+------+-----------+-----+-----------+
    |                                         Name                                         |  LUT | Input Size| Bits| Total Bits|
    +--------------------------------------------------------------------------------------+------+-----------+-----+-----------+
    |add10_i151338_reg_8313                                                                |     9|          2|   32|         64|
    |add10_i151_10348_reg_8193                                                             |     9|          2|   32|         64|
    |add10_i151_11349_reg_8181                                                             |     9|          2|   32|         64|
    |add10_i151_12350_reg_8169                                                             |     9|          2|   32|         64|
    |add10_i151_13351_reg_8157                                                             |     9|          2|   32|         64|
    |add10_i151_1339_reg_8301                                                              |     9|          2|   32|         64|
    |add10_i151_14352_reg_8145                                                             |     9|          2|   32|         64|
    |add10_i151_15353_reg_8133                                                             |     9|          2|   32|         64|
    |add10_i151_2340_reg_8289                                                              |     9|          2|   32|         64|
    |add10_i151_3341_reg_8277                                                              |     9|          2|   32|         64|
    |add10_i151_4342_reg_8265                                                              |     9|          2|   32|         64|
    |add10_i151_5343_reg_8253                                                              |     9|          2|   32|         64|
    |add10_i151_6344_reg_8241                                                              |     9|          2|   32|         64|
    |add10_i151_7345_reg_8229                                                              |     9|          2|   32|         64|
    |add10_i151_8346_reg_8217                                                              |     9|          2|   32|         64|
    |add10_i151_9347_reg_8205                                                              |     9|          2|   32|         64|
    |add10_i208370_reg_7919                                                                |     9|          2|   32|         64|
    |add10_i208_10380_reg_7991                                                             |     9|          2|   32|         64|
    |add10_i208_11381_reg_7979                                                             |     9|          2|   32|         64|
    |add10_i208_12382_reg_7967                                                             |     9|          2|   32|         64|
    |add10_i208_13383_reg_7955                                                             |     9|          2|   32|         64|
    |add10_i208_1371_reg_7907                                                              |     9|          2|   32|         64|
    |add10_i208_14384_reg_7943                                                             |     9|          2|   32|         64|
    |add10_i208_15385_reg_7931                                                             |     9|          2|   32|         64|
    |add10_i208_2372_reg_7895                                                              |     9|          2|   32|         64|
    |add10_i208_3373_reg_7883                                                              |     9|          2|   32|         64|
    |add10_i208_4374_reg_8063                                                              |     9|          2|   32|         64|
    |add10_i208_5375_reg_8051                                                              |     9|          2|   32|         64|
    |add10_i208_6376_reg_8039                                                              |     9|          2|   32|         64|
    |add10_i208_7377_reg_8027                                                              |     9|          2|   32|         64|
    |add10_i208_8378_reg_8015                                                              |     9|          2|   32|         64|
    |add10_i208_9379_reg_8003                                                              |     9|          2|   32|         64|
    |add10_i306_reg_8407                                                                   |     9|          2|   32|         64|
    |add10_i_10316_reg_8479                                                                |     9|          2|   32|         64|
    |add10_i_11317_reg_8467                                                                |     9|          2|   32|         64|
    |add10_i_12318_reg_8455                                                                |     9|          2|   32|         64|
    |add10_i_1307_reg_8395                                                                 |     9|          2|   32|         64|
    |add10_i_13319_reg_8443                                                                |     9|          2|   32|         64|
    |add10_i_14320_reg_8431                                                                |     9|          2|   32|         64|
    |add10_i_15321_reg_8419                                                                |     9|          2|   32|         64|
    |add10_i_2308_reg_8383                                                                 |     9|          2|   32|         64|
    |add10_i_3309_reg_8371                                                                 |     9|          2|   32|         64|
    |add10_i_4310_reg_8551                                                                 |     9|          2|   32|         64|
    |add10_i_5311_reg_8539                                                                 |     9|          2|   32|         64|
    |add10_i_6312_reg_8527                                                                 |     9|          2|   32|         64|
    |add10_i_7313_reg_8515                                                                 |     9|          2|   32|         64|
    |add10_i_8314_reg_8503                                                                 |     9|          2|   32|         64|
    |add10_i_9315_reg_8491                                                                 |     9|          2|   32|         64|
    |add14_i403_reg_6940                                                                   |     9|          2|   32|         64|
    |add14_i_10423_reg_7084                                                                |     9|          2|   32|         64|
    |add14_i_11425_reg_7072                                                                |     9|          2|   32|         64|
    |add14_i_12427_reg_7060                                                                |     9|          2|   32|         64|
    |add14_i_13429_reg_7120                                                                |     9|          2|   32|         64|
    |add14_i_1405_reg_6976                                                                 |     9|          2|   32|         64|
    |add14_i_14431_reg_7108                                                                |     9|          2|   32|         64|
    |add14_i_15433_reg_7096                                                                |     9|          2|   32|         64|
    |add14_i_2407_reg_6964                                                                 |     9|          2|   32|         64|
    |add14_i_3409_reg_6952                                                                 |     9|          2|   32|         64|
    |add14_i_4411_reg_7012                                                                 |     9|          2|   32|         64|
    |add14_i_5413_reg_7000                                                                 |     9|          2|   32|         64|
    |add14_i_6415_reg_6988                                                                 |     9|          2|   32|         64|
    |add14_i_7417_reg_7048                                                                 |     9|          2|   32|         64|
    |add14_i_8419_reg_7036                                                                 |     9|          2|   32|         64|
    |add14_i_9421_reg_7024                                                                 |     9|          2|   32|         64|
    |ap_NS_fsm                                                                             |  1045|        245|    1|        245|
    |ap_enable_reg_pp0_iter1                                                               |     9|          2|    1|          2|
    |ap_enable_reg_pp0_iter2                                                               |     9|          2|    1|          2|
    |ap_enable_reg_pp10_iter1                                                              |    15|          3|    1|          3|
    |ap_enable_reg_pp11_iter2                                                              |     9|          2|    1|          2|
    |ap_enable_reg_pp12_iter1                                                              |     9|          2|    1|          2|
    |ap_enable_reg_pp12_iter2                                                              |     9|          2|    1|          2|
    |ap_enable_reg_pp13_iter1                                                              |     9|          2|    1|          2|
    |ap_enable_reg_pp13_iter2                                                              |    15|          3|    1|          3|
    |ap_enable_reg_pp14_iter1                                                              |     9|          2|    1|          2|
    |ap_enable_reg_pp14_iter2                                                              |     9|          2|    1|          2|
    |ap_enable_reg_pp1_iter1                                                               |     9|          2|    1|          2|
    |ap_enable_reg_pp1_iter2                                                               |     9|          2|    1|          2|
    |ap_enable_reg_pp2_iter1                                                               |     9|          2|    1|          2|
    |ap_enable_reg_pp2_iter2                                                               |     9|          2|    1|          2|
    |ap_enable_reg_pp3_iter1                                                               |     9|          2|    1|          2|
    |ap_enable_reg_pp3_iter10                                                              |     9|          2|    1|          2|
    |ap_enable_reg_pp4_iter26                                                              |     9|          2|    1|          2|
    |ap_enable_reg_pp4_iter29                                                              |     9|          2|    1|          2|
    |ap_enable_reg_pp5_iter10                                                              |     9|          2|    1|          2|
    |ap_enable_reg_pp5_iter7                                                               |     9|          2|    1|          2|
    |ap_enable_reg_pp6_iter1                                                               |     9|          2|    1|          2|
    |ap_enable_reg_pp6_iter14                                                              |     9|          2|    1|          2|
    |ap_enable_reg_pp7_iter1                                                               |     9|          2|    1|          2|
    |ap_enable_reg_pp8_iter1                                                               |    15|          3|    1|          3|
    |ap_enable_reg_pp9_iter1                                                               |     9|          2|    1|          2|
    |ap_enable_reg_pp9_iter2                                                               |    15|          3|    1|          3|
    |ap_phi_mux_add10_i151338_phi_fu_8317_p4                                               |     9|          2|   32|         64|
    |ap_phi_mux_add10_i151_10348_phi_fu_8197_p4                                            |     9|          2|   32|         64|
    |ap_phi_mux_add10_i151_11349_phi_fu_8185_p4                                            |     9|          2|   32|         64|
    |ap_phi_mux_add10_i151_1339_phi_fu_8305_p4                                             |     9|          2|   32|         64|
    |ap_phi_mux_add10_i151_2340_phi_fu_8293_p4                                             |     9|          2|   32|         64|
    |ap_phi_mux_add10_i151_3341_phi_fu_8281_p4                                             |     9|          2|   32|         64|
    |ap_phi_mux_add10_i151_4342_phi_fu_8269_p4                                             |     9|          2|   32|         64|
    |ap_phi_mux_add10_i151_5343_phi_fu_8257_p4                                             |     9|          2|   32|         64|
    |ap_phi_mux_add10_i151_6344_phi_fu_8245_p4                                             |     9|          2|   32|         64|
    |ap_phi_mux_add10_i151_7345_phi_fu_8233_p4                                             |     9|          2|   32|         64|
    |ap_phi_mux_add10_i151_8346_phi_fu_8221_p4                                             |     9|          2|   32|         64|
    |ap_phi_mux_add10_i151_9347_phi_fu_8209_p4                                             |     9|          2|   32|         64|
    |ap_phi_mux_add10_i208370_phi_fu_7923_p4                                               |     9|          2|   32|         64|
    |ap_phi_mux_add10_i208_10380_phi_fu_7995_p4                                            |     9|          2|   32|         64|
    |ap_phi_mux_add10_i208_11381_phi_fu_7983_p4                                            |     9|          2|   32|         64|
    |ap_phi_mux_add10_i208_1371_phi_fu_7911_p4                                             |     9|          2|   32|         64|
    |ap_phi_mux_add10_i208_2372_phi_fu_7899_p4                                             |     9|          2|   32|         64|
    |ap_phi_mux_add10_i208_3373_phi_fu_7887_p4                                             |     9|          2|   32|         64|
    |ap_phi_mux_add10_i208_4374_phi_fu_8067_p4                                             |     9|          2|   32|         64|
    |ap_phi_mux_add10_i208_5375_phi_fu_8055_p4                                             |     9|          2|   32|         64|
    |ap_phi_mux_add10_i208_6376_phi_fu_8043_p4                                             |     9|          2|   32|         64|
    |ap_phi_mux_add10_i208_7377_phi_fu_8031_p4                                             |     9|          2|   32|         64|
    |ap_phi_mux_add10_i208_8378_phi_fu_8019_p4                                             |     9|          2|   32|         64|
    |ap_phi_mux_add10_i208_9379_phi_fu_8007_p4                                             |     9|          2|   32|         64|
    |ap_phi_mux_add10_i306_phi_fu_8411_p4                                                  |     9|          2|   32|         64|
    |ap_phi_mux_add10_i_10316_phi_fu_8483_p4                                               |     9|          2|   32|         64|
    |ap_phi_mux_add10_i_11317_phi_fu_8471_p4                                               |     9|          2|   32|         64|
    |ap_phi_mux_add10_i_1307_phi_fu_8399_p4                                                |     9|          2|   32|         64|
    |ap_phi_mux_add10_i_2308_phi_fu_8387_p4                                                |     9|          2|   32|         64|
    |ap_phi_mux_add10_i_3309_phi_fu_8375_p4                                                |     9|          2|   32|         64|
    |ap_phi_mux_add10_i_4310_phi_fu_8555_p4                                                |     9|          2|   32|         64|
    |ap_phi_mux_add10_i_5311_phi_fu_8543_p4                                                |     9|          2|   32|         64|
    |ap_phi_mux_add10_i_6312_phi_fu_8531_p4                                                |     9|          2|   32|         64|
    |ap_phi_mux_add10_i_7313_phi_fu_8519_p4                                                |     9|          2|   32|         64|
    |ap_phi_mux_add10_i_8314_phi_fu_8507_p4                                                |     9|          2|   32|         64|
    |ap_phi_mux_add10_i_9315_phi_fu_8495_p4                                                |     9|          2|   32|         64|
    |ap_phi_mux_add14_i403_phi_fu_6944_p4                                                  |     9|          2|   32|         64|
    |ap_phi_mux_add14_i_10422935939963969995_phi_fu_7240_p32                               |     9|          2|   32|         64|
    |ap_phi_mux_add14_i_11424949953979985_phi_fu_7685_p32                                  |    15|          3|   32|         96|
    |ap_phi_mux_add14_i_12426964968996_phi_fu_7189_p32                                     |    15|          3|   32|         96|
    |ap_phi_mux_add14_i_13428980984_phi_fu_7735_p32                                        |    15|          3|   32|         96|
    |ap_phi_mux_add14_i_1404855858864870878886896906918930944958974990_phi_fu_7465_p32     |     9|          2|   32|         64|
    |ap_phi_mux_add14_i_14430997_phi_fu_7136_p32                                           |    15|          3|   32|         96|
    |ap_phi_mux_add14_i_15432_phi_fu_7787_p32                                              |    15|          3|   32|         96|
    |ap_phi_mux_add14_i_2406859863871877887895907917931943959973991_phi_fu_7424_p32        |     9|          2|   32|         64|
    |ap_phi_mux_add14_i_3408865869879885897905919929945957975989_phi_fu_7505_p32           |     9|          2|   32|         64|
    |ap_phi_mux_add14_i_4410872876888894908916932942960972992_phi_fu_7381_p32              |     9|          2|   32|         64|
    |ap_phi_mux_add14_i_5412880884898904920928946956976988_phi_fu_7547_p32                 |     9|          2|   32|         64|
    |ap_phi_mux_add14_i_6414889893909915933941961971993_phi_fu_7336_p32                    |     9|          2|   32|         64|
    |ap_phi_mux_add14_i_7416899903921927947955977987_phi_fu_7591_p32                       |     9|          2|   32|         64|
    |ap_phi_mux_add14_i_8418910914934940962970994_phi_fu_7289_p32                          |     9|          2|   32|         64|
    |ap_phi_mux_add14_i_9420922926948954978986_phi_fu_7637_p32                             |     9|          2|   32|         64|
    |ap_phi_mux_base_1_phi_fu_6932_p4                                                      |     9|          2|    6|         12|
    |ap_phi_mux_base_2_phi_fu_7876_p4                                                      |     9|          2|    7|         14|
    |ap_phi_mux_base_3_phi_fu_8126_p4                                                      |     9|          2|    7|         14|
    |ap_phi_mux_base_4_phi_fu_8364_p4                                                      |     9|          2|    9|         18|
    |ap_phi_mux_i_1_phi_fu_6774_p4                                                         |     9|          2|    7|         14|
    |ap_phi_mux_i_phi_fu_6741_p4                                                           |     9|          2|    7|         14|
    |ap_phi_mux_max_score_phi_fu_6852_p4                                                   |     9|          2|   32|         64|
    |ap_phi_mux_t_6_phi_fu_8578_p4                                                         |     9|          2|    5|         10|
    |ap_phi_mux_t_phi_fu_6673_p4                                                           |     9|          2|    5|         10|
    |ap_phi_mux_tk_1_phi_fu_6864_p4                                                        |     9|          2|    5|         10|
    |ap_phi_reg_pp7_iter1_add14_i_10422935939963969995_reg_7236                            |     9|          2|   32|         64|
    |ap_phi_reg_pp7_iter1_add14_i_11424949953979985_reg_7681                               |     9|          2|   32|         64|
    |ap_phi_reg_pp7_iter1_add14_i_12426964968996_reg_7185                                  |     9|          2|   32|         64|
    |ap_phi_reg_pp7_iter1_add14_i_13428980984_reg_7731                                     |    15|          3|   32|         96|
    |ap_phi_reg_pp7_iter1_add14_i_1404855858864870878886896906918930944958974990_reg_7461  |    15|          3|   32|         96|
    |ap_phi_reg_pp7_iter1_add14_i_14430997_reg_7132                                        |    15|          3|   32|         96|
    |ap_phi_reg_pp7_iter1_add14_i_15432_reg_7783                                           |    15|          3|   32|         96|
    |ap_phi_reg_pp7_iter1_add14_i_2406859863871877887895907917931943959973991_reg_7420     |    15|          3|   32|         96|
    |ap_phi_reg_pp7_iter1_add14_i_3408865869879885897905919929945957975989_reg_7501        |    15|          3|   32|         96|
    |ap_phi_reg_pp7_iter1_add14_i_4410872876888894908916932942960972992_reg_7377           |    15|          3|   32|         96|
    |ap_phi_reg_pp7_iter1_add14_i_5412880884898904920928946956976988_reg_7543              |    15|          3|   32|         96|
    |ap_phi_reg_pp7_iter1_add14_i_6414889893909915933941961971993_reg_7332                 |    15|          3|   32|         96|
    |ap_phi_reg_pp7_iter1_add14_i_7416899903921927947955977987_reg_7587                    |    15|          3|   32|         96|
    |ap_phi_reg_pp7_iter1_add14_i_8418910914934940962970994_reg_7285                       |    15|          3|   32|         96|
    |ap_phi_reg_pp7_iter1_add14_i_9420922926948954978986_reg_7633                          |    15|          3|   32|         96|
    |attn_out_0_address1                                                                   |    15|          3|    7|         21|
    |attn_out_0_d1                                                                         |    15|          3|   32|         96|
    |attn_out_10_address1                                                                  |    15|          3|    7|         21|
    |attn_out_10_d1                                                                        |    15|          3|   32|         96|
    |attn_out_11_address1                                                                  |    15|          3|    7|         21|
    |attn_out_11_d1                                                                        |    15|          3|   32|         96|
    |attn_out_12_address1                                                                  |    15|          3|    7|         21|
    |attn_out_12_d1                                                                        |    15|          3|   32|         96|
    |attn_out_13_address1                                                                  |    15|          3|    7|         21|
    |attn_out_13_d1                                                                        |    15|          3|   32|         96|
    |attn_out_14_address1                                                                  |    15|          3|    7|         21|
    |attn_out_14_d1                                                                        |    15|          3|   32|         96|
    |attn_out_15_address1                                                                  |    15|          3|    7|         21|
    |attn_out_15_d1                                                                        |    15|          3|   32|         96|
    |attn_out_1_address1                                                                   |    15|          3|    7|         21|
    |attn_out_1_d1                                                                         |    15|          3|   32|         96|
    |attn_out_2_address1                                                                   |    15|          3|    7|         21|
    |attn_out_2_d1                                                                         |    15|          3|   32|         96|
    |attn_out_3_address1                                                                   |    15|          3|    7|         21|
    |attn_out_3_d1                                                                         |    15|          3|   32|         96|
    |attn_out_4_address1                                                                   |    15|          3|    7|         21|
    |attn_out_4_d1                                                                         |    15|          3|   32|         96|
    |attn_out_5_address1                                                                   |    15|          3|    7|         21|
    |attn_out_5_d1                                                                         |    15|          3|   32|         96|
    |attn_out_6_address1                                                                   |    15|          3|    7|         21|
    |attn_out_6_d1                                                                         |    15|          3|   32|         96|
    |attn_out_7_address1                                                                   |    15|          3|    7|         21|
    |attn_out_7_d1                                                                         |    15|          3|   32|         96|
    |attn_out_8_address1                                                                   |    15|          3|    7|         21|
    |attn_out_8_d1                                                                         |    15|          3|   32|         96|
    |attn_out_9_address1                                                                   |    15|          3|    7|         21|
    |attn_out_9_d1                                                                         |    15|          3|   32|         96|
    |attn_prob_address0                                                                    |    50|         11|    9|         99|
    |attn_prob_address1                                                                    |    53|         12|    9|        108|
    |attn_prob_d1                                                                          |    21|          4|   32|        128|
    |base_1_reg_6928                                                                       |     9|          2|    6|         12|
    |base_2_reg_7872                                                                       |     9|          2|    7|         14|
    |base_3_reg_8122                                                                       |     9|          2|    7|         14|
    |base_4_reg_8360                                                                       |     9|          2|    9|         18|
    |base_reg_6792                                                                         |     9|          2|    8|         16|
    |d_reg_6917                                                                            |     9|          2|    5|         10|
    |e_1_reg_8325                                                                          |     9|          2|    7|         14|
    |e_2_reg_8099                                                                          |     9|          2|    7|         14|
    |e_3_reg_8585                                                                          |     9|          2|    7|         14|
    |e_reg_6680                                                                            |     9|          2|    7|         14|
    |fc2_weight_row_0_address0                                                             |    15|          3|    4|         12|
    |fc2_weight_row_10_address0                                                            |    15|          3|    4|         12|
    |fc2_weight_row_11_address0                                                            |    15|          3|    4|         12|
    |fc2_weight_row_12_address0                                                            |    15|          3|    4|         12|
    |fc2_weight_row_13_address0                                                            |    15|          3|    4|         12|
    |fc2_weight_row_14_address0                                                            |    15|          3|    4|         12|
    |fc2_weight_row_15_address0                                                            |    15|          3|    4|         12|
    |fc2_weight_row_1_address0                                                             |    15|          3|    4|         12|
    |fc2_weight_row_2_address0                                                             |    15|          3|    4|         12|
    |fc2_weight_row_3_address0                                                             |    15|          3|    4|         12|
    |fc2_weight_row_4_address0                                                             |    15|          3|    4|         12|
    |fc2_weight_row_5_address0                                                             |    15|          3|    4|         12|
    |fc2_weight_row_6_address0                                                             |    15|          3|    4|         12|
    |fc2_weight_row_7_address0                                                             |    15|          3|    4|         12|
    |fc2_weight_row_8_address0                                                             |    15|          3|    4|         12|
    |fc2_weight_row_9_address0                                                             |    15|          3|    4|         12|
    |gmem_attnw_blk_n_AR                                                                   |     9|          2|    1|          2|
    |gmem_attnw_blk_n_R                                                                    |     9|          2|    1|          2|
    |gmem_mlpw_ARADDR                                                                      |    15|          3|   64|        192|
    |gmem_mlpw_ARLEN                                                                       |    15|          3|   32|         96|
    |gmem_mlpw_blk_n_AR                                                                    |     9|          2|    1|          2|
    |gmem_mlpw_blk_n_R                                                                     |     9|          2|    1|          2|
    |gmem_out_blk_n_AW                                                                     |     9|          2|    1|          2|
    |gmem_out_blk_n_B                                                                      |     9|          2|    1|          2|
    |gmem_out_blk_n_W                                                                      |     9|          2|    1|          2|
    |gmem_param_ARADDR                                                                     |    38|          7|   64|        448|
    |gmem_param_ARBURST                                                                    |     9|          2|    2|          4|
    |gmem_param_ARCACHE                                                                    |     9|          2|    4|          8|
    |gmem_param_ARID                                                                       |     9|          2|    1|          2|
    |gmem_param_ARLEN                                                                      |    27|          5|   32|        160|
    |gmem_param_ARLOCK                                                                     |     9|          2|    2|          4|
    |gmem_param_ARPROT                                                                     |     9|          2|    3|          6|
    |gmem_param_ARQOS                                                                      |     9|          2|    4|          8|
    |gmem_param_ARREGION                                                                   |     9|          2|    4|          8|
    |gmem_param_ARSIZE                                                                     |     9|          2|    3|          6|
    |gmem_param_ARUSER                                                                     |     9|          2|    1|          2|
    |gmem_param_ARVALID                                                                    |    15|          3|    1|          3|
    |gmem_param_RREADY                                                                     |    15|          3|    1|          3|
    |gmem_param_blk_n_AR                                                                   |     9|          2|    1|          2|
    |gmem_param_blk_n_R                                                                    |     9|          2|    1|          2|
    |gmem_qkvw_blk_n_AR                                                                    |     9|          2|    1|          2|
    |gmem_qkvw_blk_n_R                                                                     |     9|          2|    1|          2|
    |gmem_token_blk_n_AR                                                                   |     9|          2|    1|          2|
    |gmem_token_blk_n_R                                                                    |     9|          2|    1|          2|
    |grp_fu_8642_opcode                                                                    |    15|          3|    2|          6|
    |grp_fu_8642_p0                                                                        |    62|         15|   32|        480|
    |grp_fu_8642_p1                                                                        |    56|         13|   32|        416|
    |grp_fu_8646_p0                                                                        |    41|          8|   32|        256|
    |grp_fu_8646_p1                                                                        |    41|          8|   32|        256|
    |grp_fu_8650_p0                                                                        |    41|          8|   32|        256|
    |grp_fu_8650_p1                                                                        |    41|          8|   32|        256|
    |grp_fu_8654_p0                                                                        |    41|          8|   32|        256|
    |grp_fu_8654_p1                                                                        |    41|          8|   32|        256|
    |grp_fu_8658_p0                                                                        |    38|          7|   32|        224|
    |grp_fu_8658_p1                                                                        |    38|          7|   32|        224|
    |grp_fu_8662_p0                                                                        |    38|          7|   32|        224|
    |grp_fu_8662_p1                                                                        |    38|          7|   32|        224|
    |grp_fu_8666_p0                                                                        |    38|          7|   32|        224|
    |grp_fu_8666_p1                                                                        |    38|          7|   32|        224|
    |grp_fu_8670_p0                                                                        |    38|          7|   32|        224|
    |grp_fu_8670_p1                                                                        |    38|          7|   32|        224|
    |grp_fu_8674_p0                                                                        |    15|          3|   32|         96|
    |grp_fu_8674_p1                                                                        |    15|          3|   32|         96|
    |grp_fu_8678_p0                                                                        |    15|          3|   32|         96|
    |grp_fu_8678_p1                                                                        |    15|          3|   32|         96|
    |grp_fu_8682_p0                                                                        |    15|          3|   32|         96|
    |grp_fu_8682_p1                                                                        |    15|          3|   32|         96|
    |grp_fu_8686_p0                                                                        |    15|          3|   32|         96|
    |grp_fu_8686_p1                                                                        |    15|          3|   32|         96|
    |grp_fu_8690_p0                                                                        |    15|          3|   32|         96|
    |grp_fu_8690_p1                                                                        |    15|          3|   32|         96|
    |grp_fu_8694_p0                                                                        |    15|          3|   32|         96|
    |grp_fu_8694_p1                                                                        |    15|          3|   32|         96|
    |grp_fu_8698_p0                                                                        |    15|          3|   32|         96|
    |grp_fu_8698_p1                                                                        |    15|          3|   32|         96|
    |grp_fu_8702_p0                                                                        |    15|          3|   32|         96|
    |grp_fu_8702_p1                                                                        |    15|          3|   32|         96|
    |grp_fu_8784_p0                                                                        |    97|         20|   32|        640|
    |grp_fu_8784_p1                                                                        |    47|         10|   32|        320|
    |grp_fu_8791_p0                                                                        |    89|         18|   32|        576|
    |grp_fu_8791_p1                                                                        |    44|          9|   32|        288|
    |grp_fu_8796_p0                                                                        |    89|         18|   32|        576|
    |grp_fu_8796_p1                                                                        |    47|         10|   32|        320|
    |grp_fu_8838_p0                                                                        |    56|         13|   32|        416|
    |grp_fu_8838_p1                                                                        |    27|          5|   32|        160|
    |grp_fu_8936_p0                                                                        |   113|         24|   32|        768|
    |grp_fu_8936_p1                                                                        |   117|         25|   32|        800|
    |grp_fu_8940_p0                                                                        |   113|         24|   32|        768|
    |grp_fu_8940_p1                                                                        |   113|         24|   32|        768|
    |grp_fu_8944_p0                                                                        |    65|         16|   32|        512|
    |grp_fu_8944_p1                                                                        |    65|         16|   32|        512|
    |grp_fu_8948_p0                                                                        |    62|         15|   32|        480|
    |grp_fu_8948_p1                                                                        |    62|         15|   32|        480|
    |grp_fu_8952_p0                                                                        |    15|          3|   32|         96|
    |grp_fu_8952_p1                                                                        |    15|          3|   32|         96|
    |grp_fu_8956_p0                                                                        |    15|          3|   32|         96|
    |grp_fu_8956_p1                                                                        |    15|          3|   32|         96|
    |grp_fu_8960_p0                                                                        |    15|          3|   32|         96|
    |grp_fu_8960_p1                                                                        |    15|          3|   32|         96|
    |grp_fu_8964_p0                                                                        |    15|          3|   32|         96|
    |grp_fu_8964_p1                                                                        |    15|          3|   32|         96|
    |grp_fu_8968_p0                                                                        |    15|          3|   32|         96|
    |grp_fu_8968_p1                                                                        |    15|          3|   32|         96|
    |grp_fu_8972_p0                                                                        |    15|          3|   32|         96|
    |grp_fu_8972_p1                                                                        |    15|          3|   32|         96|
    |grp_fu_8976_p0                                                                        |    15|          3|   32|         96|
    |grp_fu_8976_p1                                                                        |    15|          3|   32|         96|
    |grp_fu_8980_p0                                                                        |    15|          3|   32|         96|
    |grp_fu_8980_p1                                                                        |    15|          3|   32|         96|
    |grp_fu_8984_p0                                                                        |    15|          3|   32|         96|
    |grp_fu_8984_p1                                                                        |    15|          3|   32|         96|
    |grp_fu_8988_p0                                                                        |    15|          3|   32|         96|
    |grp_fu_8988_p1                                                                        |    15|          3|   32|         96|
    |grp_fu_8992_p0                                                                        |    15|          3|   32|         96|
    |grp_fu_8992_p1                                                                        |    15|          3|   32|         96|
    |grp_fu_8996_p0                                                                        |    15|          3|   32|         96|
    |grp_fu_8996_p1                                                                        |    15|          3|   32|         96|
    |grp_fu_9011_opcode                                                                    |    21|          4|    5|         20|
    |grp_fu_9011_p0                                                                        |    21|          4|   32|        128|
    |grp_fu_9011_p1                                                                        |    27|          5|   32|        160|
    |grp_layer_norm_fused_fu_8596_beta                                                     |    15|          3|   64|        192|
    |grp_layer_norm_fused_fu_8596_gamma                                                    |    15|          3|   64|        192|
    |grp_layer_norm_fused_fu_8596_in_offset                                                |    15|          3|    5|         15|
    |grp_layer_norm_fused_fu_8596_out_offset                                               |    15|          3|    5|         15|
    |h_1_reg_8337                                                                          |     9|          2|    9|         18|
    |h_2_reg_6814                                                                          |     9|          2|    3|          6|
    |h_reg_8087                                                                            |     9|          2|    9|         18|
    |i_1_reg_6770                                                                          |     9|          2|    7|         14|
    |i_2_reg_7849                                                                          |     9|          2|    7|         14|
    |i_reg_6737                                                                            |     9|          2|    7|         14|
    |indvar_flatten109_reg_6759                                                            |     9|          2|   14|         28|
    |indvar_flatten116_reg_6895                                                            |     9|          2|    9|         18|
    |indvar_flatten123_reg_8563                                                            |     9|          2|   11|         22|
    |indvar_flatten29_reg_6781                                                             |     9|          2|    9|         18|
    |indvar_flatten6_reg_6726                                                              |     9|          2|   14|         28|
    |indvar_flatten_reg_6658                                                               |     9|          2|   11|         22|
    |max_score_reg_6848                                                                    |     9|          2|   32|         64|
    |normed_0_address0                                                                     |    15|          3|    7|         21|
    |normed_0_ce1                                                                          |     9|          2|    1|          2|
    |normed_0_we1                                                                          |     9|          2|    1|          2|
    |normed_10_address0                                                                    |    15|          3|    7|         21|
    |normed_10_ce1                                                                         |     9|          2|    1|          2|
    |normed_10_we1                                                                         |     9|          2|    1|          2|
    |normed_11_address0                                                                    |    15|          3|    7|         21|
    |normed_11_ce1                                                                         |     9|          2|    1|          2|
    |normed_11_we1                                                                         |     9|          2|    1|          2|
    |normed_12_address0                                                                    |    15|          3|    7|         21|
    |normed_12_ce1                                                                         |     9|          2|    1|          2|
    |normed_12_we1                                                                         |     9|          2|    1|          2|
    |normed_13_address0                                                                    |    15|          3|    7|         21|
    |normed_13_ce1                                                                         |     9|          2|    1|          2|
    |normed_13_we1                                                                         |     9|          2|    1|          2|
    |normed_14_address0                                                                    |    15|          3|    7|         21|
    |normed_14_ce1                                                                         |     9|          2|    1|          2|
    |normed_14_we1                                                                         |     9|          2|    1|          2|
    |normed_15_address0                                                                    |    15|          3|    7|         21|
    |normed_15_ce1                                                                         |     9|          2|    1|          2|
    |normed_15_we1                                                                         |     9|          2|    1|          2|
    |normed_1_address0                                                                     |    15|          3|    7|         21|
    |normed_1_ce1                                                                          |     9|          2|    1|          2|
    |normed_1_we1                                                                          |     9|          2|    1|          2|
    |normed_2_address0                                                                     |    15|          3|    7|         21|
    |normed_2_ce1                                                                          |     9|          2|    1|          2|
    |normed_2_we1                                                                          |     9|          2|    1|          2|
    |normed_3_address0                                                                     |    15|          3|    7|         21|
    |normed_3_ce1                                                                          |     9|          2|    1|          2|
    |normed_3_we1                                                                          |     9|          2|    1|          2|
    |normed_4_address0                                                                     |    15|          3|    7|         21|
    |normed_4_ce1                                                                          |     9|          2|    1|          2|
    |normed_4_we1                                                                          |     9|          2|    1|          2|
    |normed_5_address0                                                                     |    15|          3|    7|         21|
    |normed_5_ce1                                                                          |     9|          2|    1|          2|
    |normed_5_we1                                                                          |     9|          2|    1|          2|
    |normed_6_address0                                                                     |    15|          3|    7|         21|
    |normed_6_ce1                                                                          |     9|          2|    1|          2|
    |normed_6_we1                                                                          |     9|          2|    1|          2|
    |normed_7_address0                                                                     |    15|          3|    7|         21|
    |normed_7_ce1                                                                          |     9|          2|    1|          2|
    |normed_7_we1                                                                          |     9|          2|    1|          2|
    |normed_8_address0                                                                     |    15|          3|    7|         21|
    |normed_8_ce1                                                                          |     9|          2|    1|          2|
    |normed_8_we1                                                                          |     9|          2|    1|          2|
    |normed_9_address0                                                                     |    15|          3|    7|         21|
    |normed_9_ce1                                                                          |     9|          2|    1|          2|
    |normed_9_we1                                                                          |     9|          2|    1|          2|
    |o_1_reg_6748                                                                          |     9|          2|    8|         16|
    |o_2_reg_7837                                                                          |     9|          2|    7|         14|
    |o_reg_6715                                                                            |     9|          2|    8|         16|
    |qkv_0_address0                                                                        |    53|         12|    8|         96|
    |qkv_0_address1                                                                        |    50|         11|    8|         88|
    |qkv_0_d1                                                                              |    15|          3|   32|         96|
    |qkv_10_address0                                                                       |    53|         12|    8|         96|
    |qkv_10_address1                                                                       |    50|         11|    8|         88|
    |qkv_10_d1                                                                             |    15|          3|   32|         96|
    |qkv_11_address0                                                                       |    53|         12|    8|         96|
    |qkv_11_address1                                                                       |    50|         11|    8|         88|
    |qkv_11_d1                                                                             |    15|          3|   32|         96|
    |qkv_12_address0                                                                       |    53|         12|    8|         96|
    |qkv_12_address1                                                                       |    50|         11|    8|         88|
    |qkv_12_d1                                                                             |    15|          3|   32|         96|
    |qkv_13_address0                                                                       |    53|         12|    8|         96|
    |qkv_13_address1                                                                       |    50|         11|    8|         88|
    |qkv_13_d1                                                                             |    15|          3|   32|         96|
    |qkv_14_address0                                                                       |    53|         12|    8|         96|
    |qkv_14_address1                                                                       |    50|         11|    8|         88|
    |qkv_14_d1                                                                             |    15|          3|   32|         96|
    |qkv_15_address0                                                                       |    53|         12|    8|         96|
    |qkv_15_address1                                                                       |    50|         11|    8|         88|
    |qkv_15_d1                                                                             |    15|          3|   32|         96|
    |qkv_1_address0                                                                        |    53|         12|    8|         96|
    |qkv_1_address1                                                                        |    50|         11|    8|         88|
    |qkv_1_d1                                                                              |    15|          3|   32|         96|
    |qkv_2_address0                                                                        |    53|         12|    8|         96|
    |qkv_2_address1                                                                        |    50|         11|    8|         88|
    |qkv_2_d1                                                                              |    15|          3|   32|         96|
    |qkv_3_address0                                                                        |    53|         12|    8|         96|
    |qkv_3_address1                                                                        |    50|         11|    8|         88|
    |qkv_3_d1                                                                              |    15|          3|   32|         96|
    |qkv_4_address0                                                                        |    53|         12|    8|         96|
    |qkv_4_address1                                                                        |    50|         11|    8|         88|
    |qkv_4_d1                                                                              |    15|          3|   32|         96|
    |qkv_5_address0                                                                        |    53|         12|    8|         96|
    |qkv_5_address1                                                                        |    50|         11|    8|         88|
    |qkv_5_d1                                                                              |    15|          3|   32|         96|
    |qkv_6_address0                                                                        |    53|         12|    8|         96|
    |qkv_6_address1                                                                        |    50|         11|    8|         88|
    |qkv_6_d1                                                                              |    15|          3|   32|         96|
    |qkv_7_address0                                                                        |    53|         12|    8|         96|
    |qkv_7_address1                                                                        |    50|         11|    8|         88|
    |qkv_7_d1                                                                              |    15|          3|   32|         96|
    |qkv_8_address0                                                                        |    53|         12|    8|         96|
    |qkv_8_address1                                                                        |    50|         11|    8|         88|
    |qkv_8_d1                                                                              |    15|          3|   32|         96|
    |qkv_9_address0                                                                        |    53|         12|    8|         96|
    |qkv_9_address1                                                                        |    50|         11|    8|         88|
    |qkv_9_d1                                                                              |    15|          3|   32|         96|
    |reg_9440                                                                              |     9|          2|   32|         64|
    |sum_reg_6872                                                                          |     9|          2|   32|         64|
    |t_1_reg_6691                                                                          |     9|          2|    5|         10|
    |t_2_reg_6703                                                                          |     9|          2|    5|         10|
    |t_3_reg_6803                                                                          |     9|          2|    5|         10|
    |t_4_reg_8075                                                                          |     9|          2|    5|         10|
    |t_5_reg_7860                                                                          |     9|          2|    5|         10|
    |t_6_reg_8574                                                                          |     9|          2|    5|         10|
    |t_7_reg_8110                                                                          |     9|          2|    5|         10|
    |t_8_reg_8348                                                                          |     9|          2|    5|         10|
    |t_reg_6669                                                                            |     9|          2|    5|         10|
    |tk_1_reg_6860                                                                         |     9|          2|    5|         10|
    |tk_2_reg_6884                                                                         |     9|          2|    5|         10|
    |tk_reg_6837                                                                           |     9|          2|    5|         10|
    |token_0_address0                                                                      |    27|          5|    7|         35|
    |token_0_address1                                                                      |    21|          4|    7|         28|
    |token_0_ce0                                                                           |    15|          3|    1|          3|
    |token_0_d1                                                                            |    15|          3|   32|         96|
    |token_10_address0                                                                     |    27|          5|    7|         35|
    |token_10_address1                                                                     |    21|          4|    7|         28|
    |token_10_ce0                                                                          |    15|          3|    1|          3|
    |token_10_d1                                                                           |    15|          3|   32|         96|
    |token_11_address0                                                                     |    27|          5|    7|         35|
    |token_11_address1                                                                     |    21|          4|    7|         28|
    |token_11_ce0                                                                          |    15|          3|    1|          3|
    |token_11_d1                                                                           |    15|          3|   32|         96|
    |token_12_address0                                                                     |    27|          5|    7|         35|
    |token_12_address1                                                                     |    21|          4|    7|         28|
    |token_12_ce0                                                                          |    15|          3|    1|          3|
    |token_12_d1                                                                           |    15|          3|   32|         96|
    |token_13_address0                                                                     |    27|          5|    7|         35|
    |token_13_address1                                                                     |    21|          4|    7|         28|
    |token_13_ce0                                                                          |    15|          3|    1|          3|
    |token_13_d1                                                                           |    15|          3|   32|         96|
    |token_14_address0                                                                     |    27|          5|    7|         35|
    |token_14_address1                                                                     |    21|          4|    7|         28|
    |token_14_ce0                                                                          |    15|          3|    1|          3|
    |token_14_d1                                                                           |    15|          3|   32|         96|
    |token_15_address0                                                                     |    27|          5|    7|         35|
    |token_15_address1                                                                     |    21|          4|    7|         28|
    |token_15_ce0                                                                          |    15|          3|    1|          3|
    |token_15_d1                                                                           |    15|          3|   32|         96|
    |token_1_address0                                                                      |    27|          5|    7|         35|
    |token_1_address1                                                                      |    21|          4|    7|         28|
    |token_1_ce0                                                                           |    15|          3|    1|          3|
    |token_1_d1                                                                            |    15|          3|   32|         96|
    |token_2_address0                                                                      |    27|          5|    7|         35|
    |token_2_address1                                                                      |    21|          4|    7|         28|
    |token_2_ce0                                                                           |    15|          3|    1|          3|
    |token_2_d1                                                                            |    15|          3|   32|         96|
    |token_3_address0                                                                      |    27|          5|    7|         35|
    |token_3_address1                                                                      |    21|          4|    7|         28|
    |token_3_ce0                                                                           |    15|          3|    1|          3|
    |token_3_d1                                                                            |    15|          3|   32|         96|
    |token_4_address0                                                                      |    27|          5|    7|         35|
    |token_4_address1                                                                      |    21|          4|    7|         28|
    |token_4_ce0                                                                           |    15|          3|    1|          3|
    |token_4_d1                                                                            |    15|          3|   32|         96|
    |token_5_address0                                                                      |    27|          5|    7|         35|
    |token_5_address1                                                                      |    21|          4|    7|         28|
    |token_5_ce0                                                                           |    15|          3|    1|          3|
    |token_5_d1                                                                            |    15|          3|   32|         96|
    |token_6_address0                                                                      |    27|          5|    7|         35|
    |token_6_address1                                                                      |    21|          4|    7|         28|
    |token_6_ce0                                                                           |    15|          3|    1|          3|
    |token_6_d1                                                                            |    15|          3|   32|         96|
    |token_7_address0                                                                      |    27|          5|    7|         35|
    |token_7_address1                                                                      |    21|          4|    7|         28|
    |token_7_ce0                                                                           |    15|          3|    1|          3|
    |token_7_d1                                                                            |    15|          3|   32|         96|
    |token_8_address0                                                                      |    27|          5|    7|         35|
    |token_8_address1                                                                      |    21|          4|    7|         28|
    |token_8_ce0                                                                           |    15|          3|    1|          3|
    |token_8_d1                                                                            |    15|          3|   32|         96|
    |token_9_address0                                                                      |    27|          5|    7|         35|
    |token_9_address1                                                                      |    21|          4|    7|         28|
    |token_9_ce0                                                                           |    15|          3|    1|          3|
    |token_9_d1                                                                            |    15|          3|   32|         96|
    |tq_1_reg_6906                                                                         |     9|          2|    5|         10|
    |tq_reg_6825                                                                           |     9|          2|    5|         10|
    +--------------------------------------------------------------------------------------+------+-----------+-----+-----------+
    |Total                                                                                 | 10501|       2233| 9824|      38170|
    +--------------------------------------------------------------------------------------+------+-----------+-----+-----------+

    * Register: 
    +--------------------------------------------------------------------------------------+-----+----+-----+-----------+
    |                                         Name                                         |  FF | LUT| Bits| Const Bits|
    +--------------------------------------------------------------------------------------+-----+----+-----+-----------+
    |acc_reg_16445                                                                         |   32|   0|   32|          0|
    |add10_i151338_reg_8313                                                                |   32|   0|   32|          0|
    |add10_i151_10348_reg_8193                                                             |   32|   0|   32|          0|
    |add10_i151_11349_reg_8181                                                             |   32|   0|   32|          0|
    |add10_i151_12350_reg_8169                                                             |   32|   0|   32|          0|
    |add10_i151_13351_reg_8157                                                             |   32|   0|   32|          0|
    |add10_i151_1339_reg_8301                                                              |   32|   0|   32|          0|
    |add10_i151_14352_reg_8145                                                             |   32|   0|   32|          0|
    |add10_i151_15353_reg_8133                                                             |   32|   0|   32|          0|
    |add10_i151_2340_reg_8289                                                              |   32|   0|   32|          0|
    |add10_i151_3341_reg_8277                                                              |   32|   0|   32|          0|
    |add10_i151_4342_reg_8265                                                              |   32|   0|   32|          0|
    |add10_i151_5343_reg_8253                                                              |   32|   0|   32|          0|
    |add10_i151_6344_reg_8241                                                              |   32|   0|   32|          0|
    |add10_i151_7345_reg_8229                                                              |   32|   0|   32|          0|
    |add10_i151_8346_reg_8217                                                              |   32|   0|   32|          0|
    |add10_i151_9347_reg_8205                                                              |   32|   0|   32|          0|
    |add10_i208370_reg_7919                                                                |   32|   0|   32|          0|
    |add10_i208_10380_reg_7991                                                             |   32|   0|   32|          0|
    |add10_i208_11381_reg_7979                                                             |   32|   0|   32|          0|
    |add10_i208_12382_reg_7967                                                             |   32|   0|   32|          0|
    |add10_i208_13383_reg_7955                                                             |   32|   0|   32|          0|
    |add10_i208_1371_reg_7907                                                              |   32|   0|   32|          0|
    |add10_i208_14384_reg_7943                                                             |   32|   0|   32|          0|
    |add10_i208_15385_reg_7931                                                             |   32|   0|   32|          0|
    |add10_i208_2372_reg_7895                                                              |   32|   0|   32|          0|
    |add10_i208_3373_reg_7883                                                              |   32|   0|   32|          0|
    |add10_i208_4374_reg_8063                                                              |   32|   0|   32|          0|
    |add10_i208_5375_reg_8051                                                              |   32|   0|   32|          0|
    |add10_i208_6376_reg_8039                                                              |   32|   0|   32|          0|
    |add10_i208_7377_reg_8027                                                              |   32|   0|   32|          0|
    |add10_i208_8378_reg_8015                                                              |   32|   0|   32|          0|
    |add10_i208_9379_reg_8003                                                              |   32|   0|   32|          0|
    |add10_i306_reg_8407                                                                   |   32|   0|   32|          0|
    |add10_i_10316_reg_8479                                                                |   32|   0|   32|          0|
    |add10_i_11317_reg_8467                                                                |   32|   0|   32|          0|
    |add10_i_12318_reg_8455                                                                |   32|   0|   32|          0|
    |add10_i_1307_reg_8395                                                                 |   32|   0|   32|          0|
    |add10_i_13319_reg_8443                                                                |   32|   0|   32|          0|
    |add10_i_14320_reg_8431                                                                |   32|   0|   32|          0|
    |add10_i_15321_reg_8419                                                                |   32|   0|   32|          0|
    |add10_i_2308_reg_8383                                                                 |   32|   0|   32|          0|
    |add10_i_3309_reg_8371                                                                 |   32|   0|   32|          0|
    |add10_i_4310_reg_8551                                                                 |   32|   0|   32|          0|
    |add10_i_5311_reg_8539                                                                 |   32|   0|   32|          0|
    |add10_i_6312_reg_8527                                                                 |   32|   0|   32|          0|
    |add10_i_7313_reg_8515                                                                 |   32|   0|   32|          0|
    |add10_i_8314_reg_8503                                                                 |   32|   0|   32|          0|
    |add10_i_9315_reg_8491                                                                 |   32|   0|   32|          0|
    |add14_i403_reg_6940                                                                   |   32|   0|   32|          0|
    |add14_i_10423_reg_7084                                                                |   32|   0|   32|          0|
    |add14_i_11425_reg_7072                                                                |   32|   0|   32|          0|
    |add14_i_12427_reg_7060                                                                |   32|   0|   32|          0|
    |add14_i_13429_reg_7120                                                                |   32|   0|   32|          0|
    |add14_i_1405_reg_6976                                                                 |   32|   0|   32|          0|
    |add14_i_14431_reg_7108                                                                |   32|   0|   32|          0|
    |add14_i_15433_reg_7096                                                                |   32|   0|   32|          0|
    |add14_i_2407_reg_6964                                                                 |   32|   0|   32|          0|
    |add14_i_3409_reg_6952                                                                 |   32|   0|   32|          0|
    |add14_i_4411_reg_7012                                                                 |   32|   0|   32|          0|
    |add14_i_5413_reg_7000                                                                 |   32|   0|   32|          0|
    |add14_i_6415_reg_6988                                                                 |   32|   0|   32|          0|
    |add14_i_7417_reg_7048                                                                 |   32|   0|   32|          0|
    |add14_i_7_reg_18133                                                                   |   32|   0|   32|          0|
    |add14_i_8419_reg_7036                                                                 |   32|   0|   32|          0|
    |add14_i_9421_reg_7024                                                                 |   32|   0|   32|          0|
    |add14_i_s_reg_18146                                                                   |   32|   0|   32|          0|
    |add16_i_i_1_reg_16420                                                                 |   32|   0|   32|          0|
    |add16_i_i_2_reg_16425                                                                 |   32|   0|   32|          0|
    |add16_i_i_3_reg_16430                                                                 |   32|   0|   32|          0|
    |add16_i_i_reg_16415                                                                   |   32|   0|   32|          0|
    |add22_i_i_reg_16435                                                                   |   32|   0|   32|          0|
    |add25_i_i_reg_16440                                                                   |   32|   0|   32|          0|
    |add4_i_i_1_reg_16380                                                                  |   32|   0|   32|          0|
    |add4_i_i_2_reg_16385                                                                  |   32|   0|   32|          0|
    |add4_i_i_3_reg_16390                                                                  |   32|   0|   32|          0|
    |add4_i_i_4_reg_16395                                                                  |   32|   0|   32|          0|
    |add4_i_i_5_reg_16400                                                                  |   32|   0|   32|          0|
    |add4_i_i_6_reg_16405                                                                  |   32|   0|   32|          0|
    |add4_i_i_7_reg_16410                                                                  |   32|   0|   32|          0|
    |add4_i_i_reg_16375                                                                    |   32|   0|   32|          0|
    |add_ln186_reg_18068                                                                   |    6|   0|    6|          0|
    |add_ln192_reg_16551                                                                   |    9|   0|    9|          0|
    |add_ln211_reg_18420                                                                   |    7|   0|    7|          0|
    |add_ln234_reg_19237                                                                   |    7|   0|    7|          0|
    |add_ln257_reg_19780                                                                   |    9|   0|    9|          0|
    |add_ln372_reg_15175                                                                   |    5|   0|    5|          0|
    |add_ln388_reg_15189                                                                   |    5|   0|    5|          0|
    |add_ln398_reg_15267                                                                   |   10|   0|   10|          0|
    |add_ln410_2_reg_15492                                                                 |    8|   0|    8|          0|
    |add_ln428_reg_15696                                                                   |    3|   0|    3|          0|
    |add_ln431_reg_16109                                                                   |    5|   0|    5|          0|
    |add_ln438_1_reg_16290                                                                 |    9|   0|    9|          0|
    |add_ln438_reg_16194                                                                   |    9|   0|    9|          0|
    |add_ln444_reg_16473                                                                   |    5|   0|    5|          0|
    |add_ln460_1_reg_16535                                                                 |    9|   0|    9|          0|
    |add_ln480_reg_18164                                                                   |    7|   0|    7|          0|
    |add_ln485_reg_18215                                                                   |    5|   0|    5|          0|
    |add_ln503_reg_18593                                                                   |    5|   0|    5|          0|
    |add_ln507_reg_18985                                                                   |    9|   0|    9|          0|
    |add_ln512_reg_19048                                                                   |    5|   0|    5|          0|
    |add_ln528_reg_19452                                                                   |    7|   0|    7|          0|
    |add_ln533_reg_19515                                                                   |    5|   0|    5|          0|
    |and_ln517_reg_19402                                                                   |    1|   0|    1|          0|
    |ap_CS_fsm                                                                             |  244|   0|  244|          0|
    |ap_enable_reg_pp0_iter0                                                               |    1|   0|    1|          0|
    |ap_enable_reg_pp0_iter1                                                               |    1|   0|    1|          0|
    |ap_enable_reg_pp0_iter2                                                               |    1|   0|    1|          0|
    |ap_enable_reg_pp10_iter0                                                              |    1|   0|    1|          0|
    |ap_enable_reg_pp10_iter1                                                              |    1|   0|    1|          0|
    |ap_enable_reg_pp11_iter0                                                              |    1|   0|    1|          0|
    |ap_enable_reg_pp11_iter1                                                              |    1|   0|    1|          0|
    |ap_enable_reg_pp11_iter2                                                              |    1|   0|    1|          0|
    |ap_enable_reg_pp12_iter0                                                              |    1|   0|    1|          0|
    |ap_enable_reg_pp12_iter1                                                              |    1|   0|    1|          0|
    |ap_enable_reg_pp12_iter2                                                              |    1|   0|    1|          0|
    |ap_enable_reg_pp13_iter0                                                              |    1|   0|    1|          0|
    |ap_enable_reg_pp13_iter1                                                              |    1|   0|    1|          0|
    |ap_enable_reg_pp13_iter2                                                              |    1|   0|    1|          0|
    |ap_enable_reg_pp14_iter0                                                              |    1|   0|    1|          0|
    |ap_enable_reg_pp14_iter1                                                              |    1|   0|    1|          0|
    |ap_enable_reg_pp14_iter2                                                              |    1|   0|    1|          0|
    |ap_enable_reg_pp1_iter0                                                               |    1|   0|    1|          0|
    |ap_enable_reg_pp1_iter1                                                               |    1|   0|    1|          0|
    |ap_enable_reg_pp1_iter2                                                               |    1|   0|    1|          0|
    |ap_enable_reg_pp2_iter0                                                               |    1|   0|    1|          0|
    |ap_enable_reg_pp2_iter1                                                               |    1|   0|    1|          0|
    |ap_enable_reg_pp2_iter2                                                               |    1|   0|    1|          0|
    |ap_enable_reg_pp3_iter0                                                               |    1|   0|    1|          0|
    |ap_enable_reg_pp3_iter1                                                               |    1|   0|    1|          0|
    |ap_enable_reg_pp3_iter10                                                              |    1|   0|    1|          0|
    |ap_enable_reg_pp3_iter2                                                               |    1|   0|    1|          0|
    |ap_enable_reg_pp3_iter3                                                               |    1|   0|    1|          0|
    |ap_enable_reg_pp3_iter4                                                               |    1|   0|    1|          0|
    |ap_enable_reg_pp3_iter5                                                               |    1|   0|    1|          0|
    |ap_enable_reg_pp3_iter6                                                               |    1|   0|    1|          0|
    |ap_enable_reg_pp3_iter7                                                               |    1|   0|    1|          0|
    |ap_enable_reg_pp3_iter8                                                               |    1|   0|    1|          0|
    |ap_enable_reg_pp3_iter9                                                               |    1|   0|    1|          0|
    |ap_enable_reg_pp4_iter0                                                               |    1|   0|    1|          0|
    |ap_enable_reg_pp4_iter1                                                               |    1|   0|    1|          0|
    |ap_enable_reg_pp4_iter10                                                              |    1|   0|    1|          0|
    |ap_enable_reg_pp4_iter11                                                              |    1|   0|    1|          0|
    |ap_enable_reg_pp4_iter12                                                              |    1|   0|    1|          0|
    |ap_enable_reg_pp4_iter13                                                              |    1|   0|    1|          0|
    |ap_enable_reg_pp4_iter14                                                              |    1|   0|    1|          0|
    |ap_enable_reg_pp4_iter15                                                              |    1|   0|    1|          0|
    |ap_enable_reg_pp4_iter16                                                              |    1|   0|    1|          0|
    |ap_enable_reg_pp4_iter17                                                              |    1|   0|    1|          0|
    |ap_enable_reg_pp4_iter18                                                              |    1|   0|    1|          0|
    |ap_enable_reg_pp4_iter19                                                              |    1|   0|    1|          0|
    |ap_enable_reg_pp4_iter2                                                               |    1|   0|    1|          0|
    |ap_enable_reg_pp4_iter20                                                              |    1|   0|    1|          0|
    |ap_enable_reg_pp4_iter21                                                              |    1|   0|    1|          0|
    |ap_enable_reg_pp4_iter22                                                              |    1|   0|    1|          0|
    |ap_enable_reg_pp4_iter23                                                              |    1|   0|    1|          0|
    |ap_enable_reg_pp4_iter24                                                              |    1|   0|    1|          0|
    |ap_enable_reg_pp4_iter25                                                              |    1|   0|    1|          0|
    |ap_enable_reg_pp4_iter26                                                              |    1|   0|    1|          0|
    |ap_enable_reg_pp4_iter27                                                              |    1|   0|    1|          0|
    |ap_enable_reg_pp4_iter28                                                              |    1|   0|    1|          0|
    |ap_enable_reg_pp4_iter29                                                              |    1|   0|    1|          0|
    |ap_enable_reg_pp4_iter3                                                               |    1|   0|    1|          0|
    |ap_enable_reg_pp4_iter4                                                               |    1|   0|    1|          0|
    |ap_enable_reg_pp4_iter5                                                               |    1|   0|    1|          0|
    |ap_enable_reg_pp4_iter6                                                               |    1|   0|    1|          0|
    |ap_enable_reg_pp4_iter7                                                               |    1|   0|    1|          0|
    |ap_enable_reg_pp4_iter8                                                               |    1|   0|    1|          0|
    |ap_enable_reg_pp4_iter9                                                               |    1|   0|    1|          0|
    |ap_enable_reg_pp5_iter0                                                               |    1|   0|    1|          0|
    |ap_enable_reg_pp5_iter1                                                               |    1|   0|    1|          0|
    |ap_enable_reg_pp5_iter10                                                              |    1|   0|    1|          0|
    |ap_enable_reg_pp5_iter2                                                               |    1|   0|    1|          0|
    |ap_enable_reg_pp5_iter3                                                               |    1|   0|    1|          0|
    |ap_enable_reg_pp5_iter4                                                               |    1|   0|    1|          0|
    |ap_enable_reg_pp5_iter5                                                               |    1|   0|    1|          0|
    |ap_enable_reg_pp5_iter6                                                               |    1|   0|    1|          0|
    |ap_enable_reg_pp5_iter7                                                               |    1|   0|    1|          0|
    |ap_enable_reg_pp5_iter8                                                               |    1|   0|    1|          0|
    |ap_enable_reg_pp5_iter9                                                               |    1|   0|    1|          0|
    |ap_enable_reg_pp6_iter0                                                               |    1|   0|    1|          0|
    |ap_enable_reg_pp6_iter1                                                               |    1|   0|    1|          0|
    |ap_enable_reg_pp6_iter10                                                              |    1|   0|    1|          0|
    |ap_enable_reg_pp6_iter11                                                              |    1|   0|    1|          0|
    |ap_enable_reg_pp6_iter12                                                              |    1|   0|    1|          0|
    |ap_enable_reg_pp6_iter13                                                              |    1|   0|    1|          0|
    |ap_enable_reg_pp6_iter14                                                              |    1|   0|    1|          0|
    |ap_enable_reg_pp6_iter2                                                               |    1|   0|    1|          0|
    |ap_enable_reg_pp6_iter3                                                               |    1|   0|    1|          0|
    |ap_enable_reg_pp6_iter4                                                               |    1|   0|    1|          0|
    |ap_enable_reg_pp6_iter5                                                               |    1|   0|    1|          0|
    |ap_enable_reg_pp6_iter6                                                               |    1|   0|    1|          0|
    |ap_enable_reg_pp6_iter7                                                               |    1|   0|    1|          0|
    |ap_enable_reg_pp6_iter8                                                               |    1|   0|    1|          0|
    |ap_enable_reg_pp6_iter9                                                               |    1|   0|    1|          0|
    |ap_enable_reg_pp7_iter0                                                               |    1|   0|    1|          0|
    |ap_enable_reg_pp7_iter1                                                               |    1|   0|    1|          0|
    |ap_enable_reg_pp8_iter0                                                               |    1|   0|    1|          0|
    |ap_enable_reg_pp8_iter1                                                               |    1|   0|    1|          0|
    |ap_enable_reg_pp9_iter0                                                               |    1|   0|    1|          0|
    |ap_enable_reg_pp9_iter1                                                               |    1|   0|    1|          0|
    |ap_enable_reg_pp9_iter2                                                               |    1|   0|    1|          0|
    |ap_phi_reg_pp7_iter1_add14_i_10422935939963969995_reg_7236                            |   32|   0|   32|          0|
    |ap_phi_reg_pp7_iter1_add14_i_11424949953979985_reg_7681                               |   32|   0|   32|          0|
    |ap_phi_reg_pp7_iter1_add14_i_12426964968996_reg_7185                                  |   32|   0|   32|          0|
    |ap_phi_reg_pp7_iter1_add14_i_13428980984_reg_7731                                     |   32|   0|   32|          0|
    |ap_phi_reg_pp7_iter1_add14_i_1404855858864870878886896906918930944958974990_reg_7461  |   32|   0|   32|          0|
    |ap_phi_reg_pp7_iter1_add14_i_14430997_reg_7132                                        |   32|   0|   32|          0|
    |ap_phi_reg_pp7_iter1_add14_i_15432_reg_7783                                           |   32|   0|   32|          0|
    |ap_phi_reg_pp7_iter1_add14_i_2406859863871877887895907917931943959973991_reg_7420     |   32|   0|   32|          0|
    |ap_phi_reg_pp7_iter1_add14_i_3408865869879885897905919929945957975989_reg_7501        |   32|   0|   32|          0|
    |ap_phi_reg_pp7_iter1_add14_i_4410872876888894908916932942960972992_reg_7377           |   32|   0|   32|          0|
    |ap_phi_reg_pp7_iter1_add14_i_5412880884898904920928946956976988_reg_7543              |   32|   0|   32|          0|
    |ap_phi_reg_pp7_iter1_add14_i_6414889893909915933941961971993_reg_7332                 |   32|   0|   32|          0|
    |ap_phi_reg_pp7_iter1_add14_i_7416899903921927947955977987_reg_7587                    |   32|   0|   32|          0|
    |ap_phi_reg_pp7_iter1_add14_i_8418910914934940962970994_reg_7285                       |   32|   0|   32|          0|
    |ap_phi_reg_pp7_iter1_add14_i_9420922926948954978986_reg_7633                          |   32|   0|   32|          0|
    |attn_out_0_load_reg_18425                                                             |   32|   0|   32|          0|
    |attn_out_10_load_reg_18495                                                            |   32|   0|   32|          0|
    |attn_out_11_load_reg_18500                                                            |   32|   0|   32|          0|
    |attn_out_12_load_reg_18505                                                            |   32|   0|   32|          0|
    |attn_out_13_load_reg_18510                                                            |   32|   0|   32|          0|
    |attn_out_14_load_reg_18515                                                            |   32|   0|   32|          0|
    |attn_out_15_load_reg_18520                                                            |   32|   0|   32|          0|
    |attn_out_1_load_reg_18435                                                             |   32|   0|   32|          0|
    |attn_out_2_load_reg_18445                                                             |   32|   0|   32|          0|
    |attn_out_3_load_reg_18455                                                             |   32|   0|   32|          0|
    |attn_out_4_load_reg_18465                                                             |   32|   0|   32|          0|
    |attn_out_5_load_reg_18470                                                             |   32|   0|   32|          0|
    |attn_out_6_load_reg_18475                                                             |   32|   0|   32|          0|
    |attn_out_7_load_reg_18480                                                             |   32|   0|   32|          0|
    |attn_out_8_load_reg_18485                                                             |   32|   0|   32|          0|
    |attn_out_9_load_reg_18490                                                             |   32|   0|   32|          0|
    |attn_prob_addr_1_reg_16467                                                            |    9|   0|    9|          0|
    |attn_prob_addr_3_reg_16520                                                            |    9|   0|    9|          0|
    |attn_prob_load_14_reg_17870                                                           |   32|   0|   32|          0|
    |attn_prob_load_15_reg_17880                                                           |   32|   0|   32|          0|
    |attn_prob_load_16_reg_18083                                                           |   32|   0|   32|          0|
    |attn_prob_load_17_reg_18093                                                           |   32|   0|   32|          0|
    |attn_proj_b_read_reg_15088                                                            |   64|   0|   64|          0|
    |attn_proj_w_read_reg_15093                                                            |   64|   0|   64|          0|
    |base_1_reg_6928                                                                       |    6|   0|    6|          0|
    |base_2_reg_7872                                                                       |    7|   0|    7|          0|
    |base_3_reg_8122                                                                       |    7|   0|    7|          0|
    |base_4_reg_8360                                                                       |    9|   0|    9|          0|
    |base_reg_6792                                                                         |    8|   0|    8|          0|
    |bitcast_ln524_reg_19429                                                               |   32|   0|   32|          0|
    |d_reg_6917                                                                            |    5|   0|    5|          0|
    |e_1_reg_8325                                                                          |    7|   0|    7|          0|
    |e_2_reg_8099                                                                          |    7|   0|    7|          0|
    |e_3_reg_8585                                                                          |    7|   0|    7|          0|
    |e_reg_6680                                                                            |    7|   0|    7|          0|
    |empty_101_reg_18192                                                                   |   32|   0|   32|          0|
    |empty_109_reg_19039                                                                   |   32|   0|   32|          0|
    |empty_115_reg_19492                                                                   |   32|   0|   32|          0|
    |fc1_b_read_reg_15068                                                                  |   64|   0|   64|          0|
    |fc1_w_read_reg_15073                                                                  |   64|   0|   64|          0|
    |fc1_weight_row_15_3_10_fu_1294                                                        |   32|   0|   32|          0|
    |fc1_weight_row_15_3_11_fu_1298                                                        |   32|   0|   32|          0|
    |fc1_weight_row_15_3_12_fu_1302                                                        |   32|   0|   32|          0|
    |fc1_weight_row_15_3_13_fu_1306                                                        |   32|   0|   32|          0|
    |fc1_weight_row_15_3_14_fu_1310                                                        |   32|   0|   32|          0|
    |fc1_weight_row_15_3_15_fu_1314                                                        |   32|   0|   32|          0|
    |fc1_weight_row_15_3_16_fu_1318                                                        |   32|   0|   32|          0|
    |fc1_weight_row_15_3_17_fu_1322                                                        |   32|   0|   32|          0|
    |fc1_weight_row_15_3_18_fu_1326                                                        |   32|   0|   32|          0|
    |fc1_weight_row_15_3_19_fu_1330                                                        |   32|   0|   32|          0|
    |fc1_weight_row_15_3_1_fu_1258                                                         |   32|   0|   32|          0|
    |fc1_weight_row_15_3_20_fu_1334                                                        |   32|   0|   32|          0|
    |fc1_weight_row_15_3_21_fu_1338                                                        |   32|   0|   32|          0|
    |fc1_weight_row_15_3_22_fu_1342                                                        |   32|   0|   32|          0|
    |fc1_weight_row_15_3_23_fu_1346                                                        |   32|   0|   32|          0|
    |fc1_weight_row_15_3_24_fu_1350                                                        |   32|   0|   32|          0|
    |fc1_weight_row_15_3_25_fu_1354                                                        |   32|   0|   32|          0|
    |fc1_weight_row_15_3_26_fu_1358                                                        |   32|   0|   32|          0|
    |fc1_weight_row_15_3_27_fu_1362                                                        |   32|   0|   32|          0|
    |fc1_weight_row_15_3_28_fu_1366                                                        |   32|   0|   32|          0|
    |fc1_weight_row_15_3_29_fu_1370                                                        |   32|   0|   32|          0|
    |fc1_weight_row_15_3_2_fu_1262                                                         |   32|   0|   32|          0|
    |fc1_weight_row_15_3_30_fu_1374                                                        |   32|   0|   32|          0|
    |fc1_weight_row_15_3_31_fu_1378                                                        |   32|   0|   32|          0|
    |fc1_weight_row_15_3_32_fu_1382                                                        |   32|   0|   32|          0|
    |fc1_weight_row_15_3_33_fu_1386                                                        |   32|   0|   32|          0|
    |fc1_weight_row_15_3_34_fu_1390                                                        |   32|   0|   32|          0|
    |fc1_weight_row_15_3_35_fu_1394                                                        |   32|   0|   32|          0|
    |fc1_weight_row_15_3_36_fu_1398                                                        |   32|   0|   32|          0|
    |fc1_weight_row_15_3_37_fu_1402                                                        |   32|   0|   32|          0|
    |fc1_weight_row_15_3_38_fu_1406                                                        |   32|   0|   32|          0|
    |fc1_weight_row_15_3_39_fu_1410                                                        |   32|   0|   32|          0|
    |fc1_weight_row_15_3_3_fu_1266                                                         |   32|   0|   32|          0|
    |fc1_weight_row_15_3_40_fu_1414                                                        |   32|   0|   32|          0|
    |fc1_weight_row_15_3_41_fu_1418                                                        |   32|   0|   32|          0|
    |fc1_weight_row_15_3_42_fu_1422                                                        |   32|   0|   32|          0|
    |fc1_weight_row_15_3_43_fu_1426                                                        |   32|   0|   32|          0|
    |fc1_weight_row_15_3_44_fu_1430                                                        |   32|   0|   32|          0|
    |fc1_weight_row_15_3_45_fu_1434                                                        |   32|   0|   32|          0|
    |fc1_weight_row_15_3_46_fu_1438                                                        |   32|   0|   32|          0|
    |fc1_weight_row_15_3_47_fu_1442                                                        |   32|   0|   32|          0|
    |fc1_weight_row_15_3_48_fu_1446                                                        |   32|   0|   32|          0|
    |fc1_weight_row_15_3_49_fu_1450                                                        |   32|   0|   32|          0|
    |fc1_weight_row_15_3_4_fu_1270                                                         |   32|   0|   32|          0|
    |fc1_weight_row_15_3_50_fu_1454                                                        |   32|   0|   32|          0|
    |fc1_weight_row_15_3_51_fu_1458                                                        |   32|   0|   32|          0|
    |fc1_weight_row_15_3_52_fu_1462                                                        |   32|   0|   32|          0|
    |fc1_weight_row_15_3_53_fu_1466                                                        |   32|   0|   32|          0|
    |fc1_weight_row_15_3_54_fu_1470                                                        |   32|   0|   32|          0|
    |fc1_weight_row_15_3_55_fu_1474                                                        |   32|   0|   32|          0|
    |fc1_weight_row_15_3_56_fu_1478                                                        |   32|   0|   32|          0|
    |fc1_weight_row_15_3_57_fu_1482                                                        |   32|   0|   32|          0|
    |fc1_weight_row_15_3_58_fu_1486                                                        |   32|   0|   32|          0|
    |fc1_weight_row_15_3_59_fu_1490                                                        |   32|   0|   32|          0|
    |fc1_weight_row_15_3_5_fu_1274                                                         |   32|   0|   32|          0|
    |fc1_weight_row_15_3_60_fu_1494                                                        |   32|   0|   32|          0|
    |fc1_weight_row_15_3_61_fu_1498                                                        |   32|   0|   32|          0|
    |fc1_weight_row_15_3_62_fu_1502                                                        |   32|   0|   32|          0|
    |fc1_weight_row_15_3_63_fu_1506                                                        |   32|   0|   32|          0|
    |fc1_weight_row_15_3_6_fu_1278                                                         |   32|   0|   32|          0|
    |fc1_weight_row_15_3_7_fu_1282                                                         |   32|   0|   32|          0|
    |fc1_weight_row_15_3_8_fu_1286                                                         |   32|   0|   32|          0|
    |fc1_weight_row_15_3_9_fu_1290                                                         |   32|   0|   32|          0|
    |fc1_weight_row_15_3_fu_1254                                                           |   32|   0|   32|          0|
    |fc2_b_read_reg_15053                                                                  |   64|   0|   64|          0|
    |fc2_w_read_reg_15058                                                                  |   64|   0|   64|          0|
    |fc2_weight_row_0_load_reg_19790                                                       |   32|   0|   32|          0|
    |fc2_weight_row_10_load_reg_19890                                                      |   32|   0|   32|          0|
    |fc2_weight_row_11_load_reg_19900                                                      |   32|   0|   32|          0|
    |fc2_weight_row_12_load_reg_19910                                                      |   32|   0|   32|          0|
    |fc2_weight_row_13_load_reg_19920                                                      |   32|   0|   32|          0|
    |fc2_weight_row_14_load_reg_19930                                                      |   32|   0|   32|          0|
    |fc2_weight_row_15_load_reg_19940                                                      |   32|   0|   32|          0|
    |fc2_weight_row_1_load_reg_19800                                                       |   32|   0|   32|          0|
    |fc2_weight_row_2_load_reg_19810                                                       |   32|   0|   32|          0|
    |fc2_weight_row_3_load_reg_19820                                                       |   32|   0|   32|          0|
    |fc2_weight_row_4_load_reg_19830                                                       |   32|   0|   32|          0|
    |fc2_weight_row_5_load_reg_19840                                                       |   32|   0|   32|          0|
    |fc2_weight_row_6_load_reg_19850                                                       |   32|   0|   32|          0|
    |fc2_weight_row_7_load_reg_19860                                                       |   32|   0|   32|          0|
    |fc2_weight_row_8_load_reg_19870                                                       |   32|   0|   32|          0|
    |fc2_weight_row_9_load_reg_19880                                                       |   32|   0|   32|          0|
    |gelu_lut_read_reg_15063                                                               |   64|   0|   64|          0|
    |gmem_attnw_addr_reg_18169                                                             |   64|   0|   64|          0|
    |gmem_mlpw_addr_1_read_reg_19487                                                       |   32|   0|   32|          0|
    |gmem_mlpw_addr_1_reg_19457                                                            |   64|   0|   64|          0|
    |gmem_mlpw_addr_reg_18995                                                              |   64|   0|   64|          0|
    |gmem_out_addr_reg_19463                                                               |   64|   0|   64|          0|
    |gmem_param_addr_1_reg_16100                                                           |   64|   0|   64|          0|
    |gmem_param_addr_2_reg_19024                                                           |   64|   0|   64|          0|
    |gmem_param_addr_3_reg_19001                                                           |   64|   0|   64|          0|
    |gmem_param_addr_4_reg_19423                                                           |   64|   0|   64|          0|
    |gmem_param_addr_read_reg_15223                                                        |   32|   0|   32|          0|
    |gmem_param_addr_reg_15180                                                             |   64|   0|   64|          0|
    |gmem_qkvw_addr_read_reg_15262                                                         |   32|   0|   32|          0|
    |gmem_qkvw_addr_reg_15194                                                              |   64|   0|   64|          0|
    |gmem_token_addr_read_reg_15167                                                        |   32|   0|   32|          0|
    |gmem_token_addr_reg_15118                                                             |   64|   0|   64|          0|
    |grp_layer_norm_fused_fu_8596_ap_start_reg                                             |    1|   0|    1|          0|
    |h_1_reg_8337                                                                          |    9|   0|    9|          0|
    |h_2_reg_6814                                                                          |    3|   0|    3|          0|
    |h_reg_8087                                                                            |    9|   0|    9|          0|
    |i_1_reg_6770                                                                          |    7|   0|    7|          0|
    |i_2_reg_7849                                                                          |    7|   0|    7|          0|
    |i_reg_6737                                                                            |    7|   0|    7|          0|
    |icmp_ln186_reg_16606                                                                  |    1|   0|    1|          0|
    |icmp_ln186_reg_16606_pp7_iter1_reg                                                    |    1|   0|    1|          0|
    |icmp_ln191_10_reg_17688                                                               |    1|   0|    1|          0|
    |icmp_ln191_10_reg_17688_pp7_iter1_reg                                                 |    1|   0|    1|          0|
    |icmp_ln191_11_reg_17777                                                               |    1|   0|    1|          0|
    |icmp_ln191_11_reg_17777_pp7_iter1_reg                                                 |    1|   0|    1|          0|
    |icmp_ln191_12_reg_17866                                                               |    1|   0|    1|          0|
    |icmp_ln191_12_reg_17866_pp7_iter1_reg                                                 |    1|   0|    1|          0|
    |icmp_ln191_13_reg_17975                                                               |    1|   0|    1|          0|
    |icmp_ln191_14_reg_18064                                                               |    1|   0|    1|          0|
    |icmp_ln191_1_reg_16887                                                                |    1|   0|    1|          0|
    |icmp_ln191_1_reg_16887_pp7_iter1_reg                                                  |    1|   0|    1|          0|
    |icmp_ln191_2_reg_16976                                                                |    1|   0|    1|          0|
    |icmp_ln191_2_reg_16976_pp7_iter1_reg                                                  |    1|   0|    1|          0|
    |icmp_ln191_3_reg_17065                                                                |    1|   0|    1|          0|
    |icmp_ln191_3_reg_17065_pp7_iter1_reg                                                  |    1|   0|    1|          0|
    |icmp_ln191_4_reg_17154                                                                |    1|   0|    1|          0|
    |icmp_ln191_4_reg_17154_pp7_iter1_reg                                                  |    1|   0|    1|          0|
    |icmp_ln191_5_reg_17243                                                                |    1|   0|    1|          0|
    |icmp_ln191_5_reg_17243_pp7_iter1_reg                                                  |    1|   0|    1|          0|
    |icmp_ln191_6_reg_17332                                                                |    1|   0|    1|          0|
    |icmp_ln191_6_reg_17332_pp7_iter1_reg                                                  |    1|   0|    1|          0|
    |icmp_ln191_7_reg_17421                                                                |    1|   0|    1|          0|
    |icmp_ln191_7_reg_17421_pp7_iter1_reg                                                  |    1|   0|    1|          0|
    |icmp_ln191_8_reg_17510                                                                |    1|   0|    1|          0|
    |icmp_ln191_8_reg_17510_pp7_iter1_reg                                                  |    1|   0|    1|          0|
    |icmp_ln191_9_reg_17599                                                                |    1|   0|    1|          0|
    |icmp_ln191_9_reg_17599_pp7_iter1_reg                                                  |    1|   0|    1|          0|
    |icmp_ln191_reg_16798                                                                  |    1|   0|    1|          0|
    |icmp_ln191_reg_16798_pp7_iter1_reg                                                    |    1|   0|    1|          0|
    |icmp_ln364_reg_15124                                                                  |    1|   0|    1|          0|
    |icmp_ln395_reg_15228                                                                  |    1|   0|    1|          0|
    |icmp_ln402_reg_15272                                                                  |    1|   0|    1|          0|
    |icmp_ln435_reg_16201                                                                  |    1|   0|    1|          0|
    |icmp_ln444_reg_16463                                                                  |    1|   0|    1|          0|
    |icmp_ln450_reg_16511                                                                  |    1|   0|    1|          0|
    |icmp_ln539_reg_19950                                                                  |    1|   0|    1|          0|
    |icmp_ln539_reg_19950_pp14_iter1_reg                                                   |    1|   0|    1|          0|
    |indvar_flatten109_reg_6759                                                            |   14|   0|   14|          0|
    |indvar_flatten116_reg_6895                                                            |    9|   0|    9|          0|
    |indvar_flatten123_reg_8563                                                            |   11|   0|   11|          0|
    |indvar_flatten29_reg_6781                                                             |    9|   0|    9|          0|
    |indvar_flatten6_reg_6726                                                              |   14|   0|   14|          0|
    |indvar_flatten_reg_6658                                                               |   11|   0|   11|          0|
    |lshr_ln1_reg_15218                                                                    |    4|   0|    4|          0|
    |lshr_ln1_reg_15218_pp1_iter1_reg                                                      |    4|   0|    4|          0|
    |lshr_ln4_reg_19482                                                                    |    4|   0|    4|          0|
    |lshr_ln4_reg_19482_pp12_iter1_reg                                                     |    4|   0|    4|          0|
    |lshr_ln_reg_15252                                                                     |    4|   0|    4|          0|
    |lut_index_scale_read_reg_15038                                                        |   32|   0|   32|          0|
    |lut_min_read_reg_15043                                                                |   32|   0|   32|          0|
    |max_score_reg_6848                                                                    |   32|   0|   32|          0|
    |mlp_hidden_0_addr_1_reg_19053                                                         |    9|   0|    9|          0|
    |mlp_hidden_0_load_reg_19785                                                           |   32|   0|   32|          0|
    |mlp_hidden_10_addr_1_reg_19103                                                        |    9|   0|    9|          0|
    |mlp_hidden_10_load_reg_19885                                                          |   32|   0|   32|          0|
    |mlp_hidden_11_addr_1_reg_19108                                                        |    9|   0|    9|          0|
    |mlp_hidden_11_load_reg_19895                                                          |   32|   0|   32|          0|
    |mlp_hidden_12_addr_1_reg_19113                                                        |    9|   0|    9|          0|
    |mlp_hidden_12_load_reg_19905                                                          |   32|   0|   32|          0|
    |mlp_hidden_13_addr_1_reg_19118                                                        |    9|   0|    9|          0|
    |mlp_hidden_13_load_reg_19915                                                          |   32|   0|   32|          0|
    |mlp_hidden_14_addr_1_reg_19123                                                        |    9|   0|    9|          0|
    |mlp_hidden_14_load_reg_19925                                                          |   32|   0|   32|          0|
    |mlp_hidden_15_addr_1_reg_19128                                                        |    9|   0|    9|          0|
    |mlp_hidden_15_load_reg_19935                                                          |   32|   0|   32|          0|
    |mlp_hidden_1_addr_1_reg_19058                                                         |    9|   0|    9|          0|
    |mlp_hidden_1_load_reg_19795                                                           |   32|   0|   32|          0|
    |mlp_hidden_2_addr_1_reg_19063                                                         |    9|   0|    9|          0|
    |mlp_hidden_2_load_reg_19805                                                           |   32|   0|   32|          0|
    |mlp_hidden_3_addr_1_reg_19068                                                         |    9|   0|    9|          0|
    |mlp_hidden_3_load_reg_19815                                                           |   32|   0|   32|          0|
    |mlp_hidden_4_addr_1_reg_19073                                                         |    9|   0|    9|          0|
    |mlp_hidden_4_load_reg_19825                                                           |   32|   0|   32|          0|
    |mlp_hidden_5_addr_1_reg_19078                                                         |    9|   0|    9|          0|
    |mlp_hidden_5_load_reg_19835                                                           |   32|   0|   32|          0|
    |mlp_hidden_6_addr_1_reg_19083                                                         |    9|   0|    9|          0|
    |mlp_hidden_6_load_reg_19845                                                           |   32|   0|   32|          0|
    |mlp_hidden_7_addr_1_reg_19088                                                         |    9|   0|    9|          0|
    |mlp_hidden_7_load_reg_19855                                                           |   32|   0|   32|          0|
    |mlp_hidden_8_addr_1_reg_19093                                                         |    9|   0|    9|          0|
    |mlp_hidden_8_load_reg_19865                                                           |   32|   0|   32|          0|
    |mlp_hidden_9_addr_1_reg_19098                                                         |    9|   0|    9|          0|
    |mlp_hidden_9_load_reg_19875                                                           |   32|   0|   32|          0|
    |mul_i95_10_reg_18108                                                                  |   32|   0|   32|          0|
    |mul_i95_11_reg_18113                                                                  |   32|   0|   32|          0|
    |mul_i95_12_reg_18118                                                                  |   32|   0|   32|          0|
    |mul_i95_13_reg_18123                                                                  |   32|   0|   32|          0|
    |mul_i95_14_reg_18128                                                                  |   32|   0|   32|          0|
    |mul_i95_8_reg_18073                                                                   |   32|   0|   32|          0|
    |mul_i95_9_reg_18078                                                                   |   32|   0|   32|          0|
    |mul_i95_s_reg_18103                                                                   |   32|   0|   32|          0|
    |norm1_b_read_reg_15108                                                                |   64|   0|   64|          0|
    |norm1_w_read_reg_15113                                                                |   64|   0|   64|          0|
    |norm2_b_read_reg_15078                                                                |   64|   0|   64|          0|
    |norm2_w_read_reg_15083                                                                |   64|   0|   64|          0|
    |normed_0_load_reg_19242                                                               |   32|   0|   32|          0|
    |normed_10_load_reg_19312                                                              |   32|   0|   32|          0|
    |normed_11_load_reg_19317                                                              |   32|   0|   32|          0|
    |normed_12_load_reg_19322                                                              |   32|   0|   32|          0|
    |normed_13_load_reg_19327                                                              |   32|   0|   32|          0|
    |normed_14_load_reg_19332                                                              |   32|   0|   32|          0|
    |normed_15_load_reg_19337                                                              |   32|   0|   32|          0|
    |normed_1_load_reg_19252                                                               |   32|   0|   32|          0|
    |normed_2_load_reg_19262                                                               |   32|   0|   32|          0|
    |normed_3_load_reg_19272                                                               |   32|   0|   32|          0|
    |normed_4_load_reg_19282                                                               |   32|   0|   32|          0|
    |normed_5_load_reg_19287                                                               |   32|   0|   32|          0|
    |normed_6_load_reg_19292                                                               |   32|   0|   32|          0|
    |normed_7_load_reg_19297                                                               |   32|   0|   32|          0|
    |normed_8_load_reg_19302                                                               |   32|   0|   32|          0|
    |normed_9_load_reg_19307                                                               |   32|   0|   32|          0|
    |o_1_reg_6748                                                                          |    8|   0|    8|          0|
    |o_2_reg_7837                                                                          |    7|   0|    7|          0|
    |o_reg_6715                                                                            |    8|   0|    8|          0|
    |or_ln1_reg_16586                                                                      |    2|   0|    8|          6|
    |or_ln44_reg_16478                                                                     |    1|   0|    1|          0|
    |or_ln517_1_reg_19407                                                                  |    1|   0|    1|          0|
    |p_Val2_s_reg_19412                                                                    |   32|   0|   32|          0|
    |prob_2_reg_16526                                                                      |   32|   0|   32|          0|
    |prob_reg_16505                                                                        |   32|   0|   32|          0|
    |proj_weight_row_15_3_10_fu_1038                                                       |   32|   0|   32|          0|
    |proj_weight_row_15_3_11_fu_1042                                                       |   32|   0|   32|          0|
    |proj_weight_row_15_3_12_fu_1046                                                       |   32|   0|   32|          0|
    |proj_weight_row_15_3_13_fu_1050                                                       |   32|   0|   32|          0|
    |proj_weight_row_15_3_14_fu_1054                                                       |   32|   0|   32|          0|
    |proj_weight_row_15_3_15_fu_1058                                                       |   32|   0|   32|          0|
    |proj_weight_row_15_3_16_fu_1062                                                       |   32|   0|   32|          0|
    |proj_weight_row_15_3_17_fu_1066                                                       |   32|   0|   32|          0|
    |proj_weight_row_15_3_18_fu_1070                                                       |   32|   0|   32|          0|
    |proj_weight_row_15_3_19_fu_1074                                                       |   32|   0|   32|          0|
    |proj_weight_row_15_3_1_fu_1002                                                        |   32|   0|   32|          0|
    |proj_weight_row_15_3_20_fu_1078                                                       |   32|   0|   32|          0|
    |proj_weight_row_15_3_21_fu_1082                                                       |   32|   0|   32|          0|
    |proj_weight_row_15_3_22_fu_1086                                                       |   32|   0|   32|          0|
    |proj_weight_row_15_3_23_fu_1090                                                       |   32|   0|   32|          0|
    |proj_weight_row_15_3_24_fu_1094                                                       |   32|   0|   32|          0|
    |proj_weight_row_15_3_25_fu_1098                                                       |   32|   0|   32|          0|
    |proj_weight_row_15_3_26_fu_1102                                                       |   32|   0|   32|          0|
    |proj_weight_row_15_3_27_fu_1106                                                       |   32|   0|   32|          0|
    |proj_weight_row_15_3_28_fu_1110                                                       |   32|   0|   32|          0|
    |proj_weight_row_15_3_29_fu_1114                                                       |   32|   0|   32|          0|
    |proj_weight_row_15_3_2_fu_1006                                                        |   32|   0|   32|          0|
    |proj_weight_row_15_3_30_fu_1118                                                       |   32|   0|   32|          0|
    |proj_weight_row_15_3_31_fu_1122                                                       |   32|   0|   32|          0|
    |proj_weight_row_15_3_32_fu_1126                                                       |   32|   0|   32|          0|
    |proj_weight_row_15_3_33_fu_1130                                                       |   32|   0|   32|          0|
    |proj_weight_row_15_3_34_fu_1134                                                       |   32|   0|   32|          0|
    |proj_weight_row_15_3_35_fu_1138                                                       |   32|   0|   32|          0|
    |proj_weight_row_15_3_36_fu_1142                                                       |   32|   0|   32|          0|
    |proj_weight_row_15_3_37_fu_1146                                                       |   32|   0|   32|          0|
    |proj_weight_row_15_3_38_fu_1150                                                       |   32|   0|   32|          0|
    |proj_weight_row_15_3_39_fu_1154                                                       |   32|   0|   32|          0|
    |proj_weight_row_15_3_3_fu_1010                                                        |   32|   0|   32|          0|
    |proj_weight_row_15_3_40_fu_1158                                                       |   32|   0|   32|          0|
    |proj_weight_row_15_3_41_fu_1162                                                       |   32|   0|   32|          0|
    |proj_weight_row_15_3_42_fu_1166                                                       |   32|   0|   32|          0|
    |proj_weight_row_15_3_43_fu_1170                                                       |   32|   0|   32|          0|
    |proj_weight_row_15_3_44_fu_1174                                                       |   32|   0|   32|          0|
    |proj_weight_row_15_3_45_fu_1178                                                       |   32|   0|   32|          0|
    |proj_weight_row_15_3_46_fu_1182                                                       |   32|   0|   32|          0|
    |proj_weight_row_15_3_47_fu_1186                                                       |   32|   0|   32|          0|
    |proj_weight_row_15_3_48_fu_1190                                                       |   32|   0|   32|          0|
    |proj_weight_row_15_3_49_fu_1194                                                       |   32|   0|   32|          0|
    |proj_weight_row_15_3_4_fu_1014                                                        |   32|   0|   32|          0|
    |proj_weight_row_15_3_50_fu_1198                                                       |   32|   0|   32|          0|
    |proj_weight_row_15_3_51_fu_1202                                                       |   32|   0|   32|          0|
    |proj_weight_row_15_3_52_fu_1206                                                       |   32|   0|   32|          0|
    |proj_weight_row_15_3_53_fu_1210                                                       |   32|   0|   32|          0|
    |proj_weight_row_15_3_54_fu_1214                                                       |   32|   0|   32|          0|
    |proj_weight_row_15_3_55_fu_1218                                                       |   32|   0|   32|          0|
    |proj_weight_row_15_3_56_fu_1222                                                       |   32|   0|   32|          0|
    |proj_weight_row_15_3_57_fu_1226                                                       |   32|   0|   32|          0|
    |proj_weight_row_15_3_58_fu_1230                                                       |   32|   0|   32|          0|
    |proj_weight_row_15_3_59_fu_1234                                                       |   32|   0|   32|          0|
    |proj_weight_row_15_3_5_fu_1018                                                        |   32|   0|   32|          0|
    |proj_weight_row_15_3_60_fu_1238                                                       |   32|   0|   32|          0|
    |proj_weight_row_15_3_61_fu_1242                                                       |   32|   0|   32|          0|
    |proj_weight_row_15_3_62_fu_1246                                                       |   32|   0|   32|          0|
    |proj_weight_row_15_3_63_fu_1250                                                       |   32|   0|   32|          0|
    |proj_weight_row_15_3_6_fu_1022                                                        |   32|   0|   32|          0|
    |proj_weight_row_15_3_7_fu_1026                                                        |   32|   0|   32|          0|
    |proj_weight_row_15_3_8_fu_1030                                                        |   32|   0|   32|          0|
    |proj_weight_row_15_3_9_fu_1034                                                        |   32|   0|   32|          0|
    |proj_weight_row_15_3_fu_998                                                           |   32|   0|   32|          0|
    |qkv_0_addr_2_reg_15597                                                                |    8|   0|    8|          0|
    |qkv_0_load_2_reg_16295                                                                |   32|   0|   32|          0|
    |qkv_10_addr_2_reg_15657                                                               |    8|   0|    8|          0|
    |qkv_10_load_2_reg_16345                                                               |   32|   0|   32|          0|
    |qkv_11_addr_2_reg_15663                                                               |    8|   0|    8|          0|
    |qkv_11_load_2_reg_16350                                                               |   32|   0|   32|          0|
    |qkv_12_addr_2_reg_15669                                                               |    8|   0|    8|          0|
    |qkv_12_load_2_reg_16355                                                               |   32|   0|   32|          0|
    |qkv_13_addr_2_reg_15675                                                               |    8|   0|    8|          0|
    |qkv_13_load_2_reg_16360                                                               |   32|   0|   32|          0|
    |qkv_14_addr_2_reg_15681                                                               |    8|   0|    8|          0|
    |qkv_14_load_2_reg_16365                                                               |   32|   0|   32|          0|
    |qkv_15_addr_2_reg_15687                                                               |    8|   0|    8|          0|
    |qkv_15_load_2_reg_16370                                                               |   32|   0|   32|          0|
    |qkv_1_addr_2_reg_15603                                                                |    8|   0|    8|          0|
    |qkv_1_load_2_reg_16300                                                                |   32|   0|   32|          0|
    |qkv_2_addr_2_reg_15609                                                                |    8|   0|    8|          0|
    |qkv_2_load_2_reg_16305                                                                |   32|   0|   32|          0|
    |qkv_3_addr_2_reg_15615                                                                |    8|   0|    8|          0|
    |qkv_3_load_2_reg_16310                                                                |   32|   0|   32|          0|
    |qkv_4_addr_2_reg_15621                                                                |    8|   0|    8|          0|
    |qkv_4_load_2_reg_16315                                                                |   32|   0|   32|          0|
    |qkv_5_addr_2_reg_15627                                                                |    8|   0|    8|          0|
    |qkv_5_load_2_reg_16320                                                                |   32|   0|   32|          0|
    |qkv_6_addr_2_reg_15633                                                                |    8|   0|    8|          0|
    |qkv_6_load_2_reg_16325                                                                |   32|   0|   32|          0|
    |qkv_7_addr_2_reg_15639                                                                |    8|   0|    8|          0|
    |qkv_7_load_2_reg_16330                                                                |   32|   0|   32|          0|
    |qkv_8_addr_2_reg_15645                                                                |    8|   0|    8|          0|
    |qkv_8_load_2_reg_16335                                                                |   32|   0|   32|          0|
    |qkv_9_addr_2_reg_15651                                                                |    8|   0|    8|          0|
    |qkv_9_load_2_reg_16340                                                                |   32|   0|   32|          0|
    |qkv_b_read_reg_15098                                                                  |   64|   0|   64|          0|
    |qkv_w_read_reg_15103                                                                  |   64|   0|   64|          0|
    |qkv_weight_cache_0_load_reg_15497                                                     |   32|   0|   32|          0|
    |qkv_weight_cache_10_load_reg_15547                                                    |   32|   0|   32|          0|
    |qkv_weight_cache_11_load_reg_15552                                                    |   32|   0|   32|          0|
    |qkv_weight_cache_12_load_reg_15557                                                    |   32|   0|   32|          0|
    |qkv_weight_cache_13_load_reg_15562                                                    |   32|   0|   32|          0|
    |qkv_weight_cache_14_load_reg_15567                                                    |   32|   0|   32|          0|
    |qkv_weight_cache_15_load_reg_15572                                                    |   32|   0|   32|          0|
    |qkv_weight_cache_1_load_reg_15502                                                     |   32|   0|   32|          0|
    |qkv_weight_cache_2_load_reg_15507                                                     |   32|   0|   32|          0|
    |qkv_weight_cache_3_load_reg_15512                                                     |   32|   0|   32|          0|
    |qkv_weight_cache_4_load_reg_15517                                                     |   32|   0|   32|          0|
    |qkv_weight_cache_5_load_reg_15522                                                     |   32|   0|   32|          0|
    |qkv_weight_cache_6_load_reg_15527                                                     |   32|   0|   32|          0|
    |qkv_weight_cache_7_load_reg_15532                                                     |   32|   0|   32|          0|
    |qkv_weight_cache_8_load_reg_15537                                                     |   32|   0|   32|          0|
    |qkv_weight_cache_9_load_reg_15542                                                     |   32|   0|   32|          0|
    |reg_9098                                                                              |   32|   0|   32|          0|
    |reg_9109                                                                              |   32|   0|   32|          0|
    |reg_9115                                                                              |   32|   0|   32|          0|
    |reg_9125                                                                              |   32|   0|   32|          0|
    |reg_9131                                                                              |   32|   0|   32|          0|
    |reg_9138                                                                              |   32|   0|   32|          0|
    |reg_9144                                                                              |   32|   0|   32|          0|
    |reg_9151                                                                              |   32|   0|   32|          0|
    |reg_9157                                                                              |   32|   0|   32|          0|
    |reg_9163                                                                              |   32|   0|   32|          0|
    |reg_9169                                                                              |   32|   0|   32|          0|
    |reg_9175                                                                              |   32|   0|   32|          0|
    |reg_9181                                                                              |   32|   0|   32|          0|
    |reg_9187                                                                              |   32|   0|   32|          0|
    |reg_9193                                                                              |   32|   0|   32|          0|
    |reg_9199                                                                              |   32|   0|   32|          0|
    |reg_9205                                                                              |   32|   0|   32|          0|
    |reg_9211                                                                              |   32|   0|   32|          0|
    |reg_9217                                                                              |   32|   0|   32|          0|
    |reg_9223                                                                              |   32|   0|   32|          0|
    |reg_9229                                                                              |   32|   0|   32|          0|
    |reg_9235                                                                              |   32|   0|   32|          0|
    |reg_9241                                                                              |   32|   0|   32|          0|
    |reg_9247                                                                              |   32|   0|   32|          0|
    |reg_9253                                                                              |   32|   0|   32|          0|
    |reg_9259                                                                              |   32|   0|   32|          0|
    |reg_9265                                                                              |   32|   0|   32|          0|
    |reg_9271                                                                              |   32|   0|   32|          0|
    |reg_9277                                                                              |   32|   0|   32|          0|
    |reg_9283                                                                              |   32|   0|   32|          0|
    |reg_9289                                                                              |   32|   0|   32|          0|
    |reg_9295                                                                              |   32|   0|   32|          0|
    |reg_9301                                                                              |   32|   0|   32|          0|
    |reg_9343                                                                              |   32|   0|   32|          0|
    |reg_9350                                                                              |   32|   0|   32|          0|
    |reg_9357                                                                              |   32|   0|   32|          0|
    |reg_9364                                                                              |   32|   0|   32|          0|
    |reg_9371                                                                              |   32|   0|   32|          0|
    |reg_9378                                                                              |   32|   0|   32|          0|
    |reg_9385                                                                              |   32|   0|   32|          0|
    |reg_9392                                                                              |   32|   0|   32|          0|
    |reg_9398                                                                              |   32|   0|   32|          0|
    |reg_9404                                                                              |   32|   0|   32|          0|
    |reg_9410                                                                              |   32|   0|   32|          0|
    |reg_9416                                                                              |   32|   0|   32|          0|
    |reg_9422                                                                              |   32|   0|   32|          0|
    |reg_9428                                                                              |   32|   0|   32|          0|
    |reg_9434                                                                              |   32|   0|   32|          0|
    |reg_9440                                                                              |   32|   0|   32|          0|
    |reg_9448                                                                              |   32|   0|   32|          0|
    |reg_9456                                                                              |   32|   0|   32|          0|
    |reg_9463                                                                              |   32|   0|   32|          0|
    |reg_9471                                                                              |   32|   0|   32|          0|
    |reg_9478                                                                              |   32|   0|   32|          0|
    |reg_9486                                                                              |   32|   0|   32|          0|
    |reg_9494                                                                              |   32|   0|   32|          0|
    |reg_9499                                                                              |   32|   0|   32|          0|
    |reg_9504                                                                              |   32|   0|   32|          0|
    |reg_9509                                                                              |   32|   0|   32|          0|
    |reg_9514                                                                              |   32|   0|   32|          0|
    |reg_9519                                                                              |   32|   0|   32|          0|
    |reg_9524                                                                              |   32|   0|   32|          0|
    |reg_9529                                                                              |   32|   0|   32|          0|
    |reg_9534                                                                              |   32|   0|   32|          0|
    |reg_9539                                                                              |   32|   0|   32|          0|
    |reg_9544                                                                              |   32|   0|   32|          0|
    |reg_9549                                                                              |   32|   0|   32|          0|
    |reg_9555                                                                              |   32|   0|   32|          0|
    |reg_9563                                                                              |   32|   0|   32|          0|
    |reg_9585                                                                              |   32|   0|   32|          0|
    |reg_9606                                                                              |   32|   0|   32|          0|
    |reg_9626                                                                              |   32|   0|   32|          0|
    |reg_9645                                                                              |   32|   0|   32|          0|
    |reg_9663                                                                              |   32|   0|   32|          0|
    |reg_9680                                                                              |   32|   0|   32|          0|
    |reg_9695                                                                              |   32|   0|   32|          0|
    |reg_9709                                                                              |   32|   0|   32|          0|
    |reg_9721                                                                              |   32|   0|   32|          0|
    |reg_9732                                                                              |   32|   0|   32|          0|
    |reg_9737                                                                              |   32|   0|   32|          0|
    |reg_9742                                                                              |   32|   0|   32|          0|
    |reg_9747                                                                              |   32|   0|   32|          0|
    |reg_9752                                                                              |   32|   0|   32|          0|
    |reg_9757                                                                              |   32|   0|   32|          0|
    |reg_9762                                                                              |   32|   0|   32|          0|
    |reg_9769                                                                              |   32|   0|   32|          0|
    |reg_9776                                                                              |   32|   0|   32|          0|
    |score_reg_16450                                                                       |   32|   0|   32|          0|
    |score_reg_16450_pp4_iter28_reg                                                        |   32|   0|   32|          0|
    |select_ln364_1_reg_15133                                                              |    5|   0|    5|          0|
    |select_ln395_1_reg_15237                                                              |    7|   0|    7|          0|
    |select_ln402_1_reg_15281                                                              |    7|   0|    7|          0|
    |select_ln403_1_reg_15302                                                              |    4|   0|    4|          0|
    |select_ln403_2_reg_15307                                                              |   10|   0|   10|          0|
    |select_ln403_reg_15296                                                                |    5|   0|    5|          0|
    |select_ln460_1_reg_16545                                                              |    5|   0|    5|          0|
    |select_ln460_reg_16540                                                                |    5|   0|    5|          0|
    |select_ln51_reg_16494                                                                 |   32|   0|   32|          0|
    |select_ln539_1_reg_19959                                                              |    5|   0|    5|          0|
    |sub_ln391_reg_15200                                                                   |    6|   0|    8|          2|
    |sum_reg_6872                                                                          |   32|   0|   32|          0|
    |t_1_reg_6691                                                                          |    5|   0|    5|          0|
    |t_2_reg_6703                                                                          |    5|   0|    5|          0|
    |t_3_reg_6803                                                                          |    5|   0|    5|          0|
    |t_4_reg_8075                                                                          |    5|   0|    5|          0|
    |t_5_reg_7860                                                                          |    5|   0|    5|          0|
    |t_6_reg_8574                                                                          |    5|   0|    5|          0|
    |t_7_reg_8110                                                                          |    5|   0|    5|          0|
    |t_8_reg_8348                                                                          |    5|   0|    5|          0|
    |t_reg_6669                                                                            |    5|   0|    5|          0|
    |tk_1_reg_6860                                                                         |    5|   0|    5|          0|
    |tk_2_reg_6884                                                                         |    5|   0|    5|          0|
    |tk_reg_6837                                                                           |    5|   0|    5|          0|
    |tmp_101_reg_19616                                                                     |    1|   0|    1|          0|
    |tmp_10_reg_18460                                                                      |   32|   0|   32|          0|
    |tmp_11_reg_18525                                                                      |   32|   0|   32|          0|
    |tmp_12_reg_18530                                                                      |   32|   0|   32|          0|
    |tmp_13_reg_18535                                                                      |   32|   0|   32|          0|
    |tmp_14_reg_18540                                                                      |   32|   0|   32|          0|
    |tmp_15_reg_18545                                                                      |   32|   0|   32|          0|
    |tmp_16_reg_18550                                                                      |   32|   0|   32|          0|
    |tmp_17_reg_18555                                                                      |   32|   0|   32|          0|
    |tmp_18_reg_18560                                                                      |   32|   0|   32|          0|
    |tmp_19_reg_18565                                                                      |   32|   0|   32|          0|
    |tmp_20_reg_18570                                                                      |   32|   0|   32|          0|
    |tmp_21_reg_18575                                                                      |   32|   0|   32|          0|
    |tmp_22_reg_18580                                                                      |   32|   0|   32|          0|
    |tmp_23_reg_18585                                                                      |   32|   0|   32|          0|
    |tmp_27_reg_20054                                                                      |   32|   0|   32|          0|
    |tmp_29_reg_19247                                                                      |   32|   0|   32|          0|
    |tmp_30_reg_19257                                                                      |   32|   0|   32|          0|
    |tmp_31_reg_19267                                                                      |   32|   0|   32|          0|
    |tmp_32_reg_19277                                                                      |   32|   0|   32|          0|
    |tmp_33_reg_19342                                                                      |   32|   0|   32|          0|
    |tmp_34_reg_19347                                                                      |   32|   0|   32|          0|
    |tmp_35_reg_19352                                                                      |   32|   0|   32|          0|
    |tmp_36_reg_19357                                                                      |   32|   0|   32|          0|
    |tmp_37_reg_19362                                                                      |   32|   0|   32|          0|
    |tmp_38_reg_19367                                                                      |   32|   0|   32|          0|
    |tmp_39_reg_19372                                                                      |   32|   0|   32|          0|
    |tmp_40_reg_19377                                                                      |   32|   0|   32|          0|
    |tmp_41_reg_19382                                                                      |   32|   0|   32|          0|
    |tmp_42_reg_19387                                                                      |   32|   0|   32|          0|
    |tmp_43_reg_19392                                                                      |   32|   0|   32|          0|
    |tmp_44_reg_19397                                                                      |   32|   0|   32|          0|
    |tmp_4_reg_16489                                                                       |    1|   0|    1|          0|
    |tmp_51_reg_19945                                                                      |   32|   0|   32|          0|
    |tmp_57_reg_17875                                                                      |   32|   0|   32|          0|
    |tmp_58_reg_17885                                                                      |   32|   0|   32|          0|
    |tmp_59_reg_18088                                                                      |   32|   0|   32|          0|
    |tmp_60_reg_18098                                                                      |   32|   0|   32|          0|
    |tmp_68_reg_15706                                                                      |    2|   0|    6|          4|
    |tmp_6_reg_16484                                                                       |    1|   0|    1|          0|
    |tmp_72_reg_16581                                                                      |    2|   0|    2|          0|
    |tmp_7_reg_18430                                                                       |   32|   0|   32|          0|
    |tmp_82_reg_18316                                                                      |    1|   0|    1|          0|
    |tmp_8_reg_18440                                                                       |   32|   0|   32|          0|
    |tmp_94_reg_19133                                                                      |    1|   0|    1|          0|
    |tmp_9_reg_18450                                                                       |   32|   0|   32|          0|
    |token_0_addr_1_reg_18220                                                              |    7|   0|    7|          0|
    |token_0_addr_2_reg_19520                                                              |    7|   0|    7|          0|
    |token_10_addr_1_reg_18280                                                             |    7|   0|    7|          0|
    |token_10_addr_2_reg_19580                                                             |    7|   0|    7|          0|
    |token_11_addr_1_reg_18286                                                             |    7|   0|    7|          0|
    |token_11_addr_2_reg_19586                                                             |    7|   0|    7|          0|
    |token_12_addr_1_reg_18292                                                             |    7|   0|    7|          0|
    |token_12_addr_2_reg_19592                                                             |    7|   0|    7|          0|
    |token_13_addr_1_reg_18298                                                             |    7|   0|    7|          0|
    |token_13_addr_2_reg_19598                                                             |    7|   0|    7|          0|
    |token_14_addr_1_reg_18304                                                             |    7|   0|    7|          0|
    |token_14_addr_2_reg_19604                                                             |    7|   0|    7|          0|
    |token_15_addr_1_reg_18310                                                             |    7|   0|    7|          0|
    |token_15_addr_2_reg_19610                                                             |    7|   0|    7|          0|
    |token_1_addr_1_reg_18226                                                              |    7|   0|    7|          0|
    |token_1_addr_2_reg_19526                                                              |    7|   0|    7|          0|
    |token_2_addr_1_reg_18232                                                              |    7|   0|    7|          0|
    |token_2_addr_2_reg_19532                                                              |    7|   0|    7|          0|
    |token_3_addr_1_reg_18238                                                              |    7|   0|    7|          0|
    |token_3_addr_2_reg_19538                                                              |    7|   0|    7|          0|
    |token_4_addr_1_reg_18244                                                              |    7|   0|    7|          0|
    |token_4_addr_2_reg_19544                                                              |    7|   0|    7|          0|
    |token_5_addr_1_reg_18250                                                              |    7|   0|    7|          0|
    |token_5_addr_2_reg_19550                                                              |    7|   0|    7|          0|
    |token_6_addr_1_reg_18256                                                              |    7|   0|    7|          0|
    |token_6_addr_2_reg_19556                                                              |    7|   0|    7|          0|
    |token_7_addr_1_reg_18262                                                              |    7|   0|    7|          0|
    |token_7_addr_2_reg_19562                                                              |    7|   0|    7|          0|
    |token_8_addr_1_reg_18268                                                              |    7|   0|    7|          0|
    |token_8_addr_2_reg_19568                                                              |    7|   0|    7|          0|
    |token_9_addr_1_reg_18274                                                              |    7|   0|    7|          0|
    |token_9_addr_2_reg_19574                                                              |    7|   0|    7|          0|
    |token_out_read_reg_15048                                                              |   64|   0|   64|          0|
    |tq_1_reg_6906                                                                         |    5|   0|    5|          0|
    |tq_reg_6825                                                                           |    5|   0|    5|          0|
    |trunc_ln186_reg_16695                                                                 |    5|   0|    5|          0|
    |trunc_ln367_reg_15138                                                                 |    4|   0|    4|          0|
    |trunc_ln367_reg_15138_pp0_iter1_reg                                                   |    4|   0|    4|          0|
    |trunc_ln391_1_reg_15214                                                               |    4|   0|    4|          0|
    |trunc_ln391_1_reg_15214_pp1_iter1_reg                                                 |    4|   0|    4|          0|
    |trunc_ln398_1_reg_15248                                                               |    4|   0|    4|          0|
    |trunc_ln398_1_reg_15248_pp2_iter1_reg                                                 |    4|   0|    4|          0|
    |trunc_ln398_reg_15243                                                                 |    6|   0|    6|          0|
    |trunc_ln402_reg_15286                                                                 |    4|   0|    4|          0|
    |trunc_ln402_reg_15286_pp3_iter1_reg                                                   |    4|   0|    4|          0|
    |trunc_ln410_3_reg_15317                                                               |    4|   0|    4|          0|
    |trunc_ln462_reg_16571                                                                 |    4|   0|    4|          0|
    |trunc_ln483_1_reg_18188                                                               |    2|   0|    2|          0|
    |trunc_ln483_reg_18184                                                                 |    4|   0|    4|          0|
    |trunc_ln487_1_reg_18206                                                               |    2|   0|    2|          0|
    |trunc_ln487_reg_18197                                                                 |    4|   0|    4|          0|
    |trunc_ln508_reg_18990                                                                 |    8|   0|    8|          0|
    |trunc_ln510_1_reg_19020                                                               |    2|   0|    2|          0|
    |trunc_ln510_reg_19016                                                                 |    4|   0|    4|          0|
    |trunc_ln524_2_reg_19034                                                               |    4|   0|    4|          0|
    |trunc_ln524_reg_19030                                                                 |    4|   0|    4|          0|
    |trunc_ln531_reg_19478                                                                 |    4|   0|    4|          0|
    |trunc_ln531_reg_19478_pp12_iter1_reg                                                  |    4|   0|    4|          0|
    |trunc_ln535_1_reg_19506                                                               |    2|   0|    2|          0|
    |trunc_ln535_reg_19497                                                                 |    4|   0|    4|          0|
    |trunc_ln542_reg_19964                                                                 |    4|   0|    4|          0|
    |trunc_ln7_reg_18320                                                                   |    2|   0|    2|          0|
    |trunc_ln9_reg_19137                                                                   |    2|   0|    2|          0|
    |val_V_reg_19417                                                                       |   32|   0|   32|          0|
    |x_reg_15577                                                                           |   32|   0|   32|          0|
    |y_reg_16499                                                                           |   32|   0|   32|          0|
    |zext_ln192_reg_16575                                                                  |    4|   0|   64|         60|
    |zext_ln367_reg_15142                                                                  |    7|   0|   64|         57|
    |zext_ln367_reg_15142_pp0_iter1_reg                                                    |    7|   0|   64|         57|
    |zext_ln403_mid2_v_reg_15291                                                           |    2|   0|    2|          0|
    |zext_ln429_reg_15701                                                                  |    3|   0|    8|          5|
    |zext_ln431_reg_15711                                                                  |    2|   0|    8|          6|
    |zext_ln487_reg_18201                                                                  |    4|   0|   64|         60|
    |zext_ln535_reg_19501                                                                  |    4|   0|   64|         60|
    |add_ln410_2_reg_15492                                                                 |   64|  32|    8|          0|
    |add_ln438_1_reg_16290                                                                 |   64|  32|    9|          0|
    |attn_prob_addr_1_reg_16467                                                            |   64|  32|    9|          0|
    |attn_prob_addr_3_reg_16520                                                            |   64|  32|    9|          0|
    |icmp_ln402_reg_15272                                                                  |   64|  32|    1|          0|
    |icmp_ln435_reg_16201                                                                  |   64|  32|    1|          0|
    |icmp_ln444_reg_16463                                                                  |   64|  32|    1|          0|
    |icmp_ln450_reg_16511                                                                  |   64|  32|    1|          0|
    |or_ln44_reg_16478                                                                     |   64|  32|    1|          0|
    |qkv_0_addr_2_reg_15597                                                                |   64|  32|    8|          0|
    |qkv_10_addr_2_reg_15657                                                               |   64|  32|    8|          0|
    |qkv_11_addr_2_reg_15663                                                               |   64|  32|    8|          0|
    |qkv_12_addr_2_reg_15669                                                               |   64|  32|    8|          0|
    |qkv_13_addr_2_reg_15675                                                               |   64|  32|    8|          0|
    |qkv_14_addr_2_reg_15681                                                               |   64|  32|    8|          0|
    |qkv_15_addr_2_reg_15687                                                               |   64|  32|    8|          0|
    |qkv_1_addr_2_reg_15603                                                                |   64|  32|    8|          0|
    |qkv_2_addr_2_reg_15609                                                                |   64|  32|    8|          0|
    |qkv_3_addr_2_reg_15615                                                                |   64|  32|    8|          0|
    |qkv_4_addr_2_reg_15621                                                                |   64|  32|    8|          0|
    |qkv_5_addr_2_reg_15627                                                                |   64|  32|    8|          0|
    |qkv_6_addr_2_reg_15633                                                                |   64|  32|    8|          0|
    |qkv_7_addr_2_reg_15639                                                                |   64|  32|    8|          0|
    |qkv_8_addr_2_reg_15645                                                                |   64|  32|    8|          0|
    |qkv_9_addr_2_reg_15651                                                                |   64|  32|    8|          0|
    |tmp_101_reg_19616                                                                     |   64|  32|    1|          0|
    |tmp_4_reg_16489                                                                       |   64|  32|    1|          0|
    |tmp_82_reg_18316                                                                      |   64|  32|    1|          0|
    |tmp_94_reg_19133                                                                      |   64|  32|    1|          0|
    +--------------------------------------------------------------------------------------+-----+----+-----+-----------+
    |Total                                                                                 |20333| 928|18966|        317|
    +--------------------------------------------------------------------------------------+-----+----+-----+-----------+



================================================================
== Interface
================================================================
* Summary: 
+---------------------------+-----+-----+------------+-----------------------------+--------------+
|         RTL Ports         | Dir | Bits|  Protocol  |        Source Object        |    C Type    |
+---------------------------+-----+-----+------------+-----------------------------+--------------+
|s_axi_control_AWVALID      |  in |    1|    s_axi   |           control           |  return void |
|s_axi_control_AWREADY      | out |    1|    s_axi   |           control           |  return void |
|s_axi_control_AWADDR       |  in |    8|    s_axi   |           control           |  return void |
|s_axi_control_WVALID       |  in |    1|    s_axi   |           control           |  return void |
|s_axi_control_WREADY       | out |    1|    s_axi   |           control           |  return void |
|s_axi_control_WDATA        |  in |   32|    s_axi   |           control           |  return void |
|s_axi_control_WSTRB        |  in |    4|    s_axi   |           control           |  return void |
|s_axi_control_ARVALID      |  in |    1|    s_axi   |           control           |  return void |
|s_axi_control_ARREADY      | out |    1|    s_axi   |           control           |  return void |
|s_axi_control_ARADDR       |  in |    8|    s_axi   |           control           |  return void |
|s_axi_control_RVALID       | out |    1|    s_axi   |           control           |  return void |
|s_axi_control_RREADY       |  in |    1|    s_axi   |           control           |  return void |
|s_axi_control_RDATA        | out |   32|    s_axi   |           control           |  return void |
|s_axi_control_RRESP        | out |    2|    s_axi   |           control           |  return void |
|s_axi_control_BVALID       | out |    1|    s_axi   |           control           |  return void |
|s_axi_control_BREADY       |  in |    1|    s_axi   |           control           |  return void |
|s_axi_control_BRESP        | out |    2|    s_axi   |           control           |  return void |
|ap_clk                     |  in |    1| ap_ctrl_hs | vit_transformer_layer_fused | return value |
|ap_rst_n                   |  in |    1| ap_ctrl_hs | vit_transformer_layer_fused | return value |
|interrupt                  | out |    1| ap_ctrl_hs | vit_transformer_layer_fused | return value |
|m_axi_gmem_token_AWVALID   | out |    1|    m_axi   |          gmem_token         |    pointer   |
|m_axi_gmem_token_AWREADY   |  in |    1|    m_axi   |          gmem_token         |    pointer   |
|m_axi_gmem_token_AWADDR    | out |   64|    m_axi   |          gmem_token         |    pointer   |
|m_axi_gmem_token_AWID      | out |    1|    m_axi   |          gmem_token         |    pointer   |
|m_axi_gmem_token_AWLEN     | out |    8|    m_axi   |          gmem_token         |    pointer   |
|m_axi_gmem_token_AWSIZE    | out |    3|    m_axi   |          gmem_token         |    pointer   |
|m_axi_gmem_token_AWBURST   | out |    2|    m_axi   |          gmem_token         |    pointer   |
|m_axi_gmem_token_AWLOCK    | out |    2|    m_axi   |          gmem_token         |    pointer   |
|m_axi_gmem_token_AWCACHE   | out |    4|    m_axi   |          gmem_token         |    pointer   |
|m_axi_gmem_token_AWPROT    | out |    3|    m_axi   |          gmem_token         |    pointer   |
|m_axi_gmem_token_AWQOS     | out |    4|    m_axi   |          gmem_token         |    pointer   |
|m_axi_gmem_token_AWREGION  | out |    4|    m_axi   |          gmem_token         |    pointer   |
|m_axi_gmem_token_AWUSER    | out |    1|    m_axi   |          gmem_token         |    pointer   |
|m_axi_gmem_token_WVALID    | out |    1|    m_axi   |          gmem_token         |    pointer   |
|m_axi_gmem_token_WREADY    |  in |    1|    m_axi   |          gmem_token         |    pointer   |
|m_axi_gmem_token_WDATA     | out |   32|    m_axi   |          gmem_token         |    pointer   |
|m_axi_gmem_token_WSTRB     | out |    4|    m_axi   |          gmem_token         |    pointer   |
|m_axi_gmem_token_WLAST     | out |    1|    m_axi   |          gmem_token         |    pointer   |
|m_axi_gmem_token_WID       | out |    1|    m_axi   |          gmem_token         |    pointer   |
|m_axi_gmem_token_WUSER     | out |    1|    m_axi   |          gmem_token         |    pointer   |
|m_axi_gmem_token_ARVALID   | out |    1|    m_axi   |          gmem_token         |    pointer   |
|m_axi_gmem_token_ARREADY   |  in |    1|    m_axi   |          gmem_token         |    pointer   |
|m_axi_gmem_token_ARADDR    | out |   64|    m_axi   |          gmem_token         |    pointer   |
|m_axi_gmem_token_ARID      | out |    1|    m_axi   |          gmem_token         |    pointer   |
|m_axi_gmem_token_ARLEN     | out |    8|    m_axi   |          gmem_token         |    pointer   |
|m_axi_gmem_token_ARSIZE    | out |    3|    m_axi   |          gmem_token         |    pointer   |
|m_axi_gmem_token_ARBURST   | out |    2|    m_axi   |          gmem_token         |    pointer   |
|m_axi_gmem_token_ARLOCK    | out |    2|    m_axi   |          gmem_token         |    pointer   |
|m_axi_gmem_token_ARCACHE   | out |    4|    m_axi   |          gmem_token         |    pointer   |
|m_axi_gmem_token_ARPROT    | out |    3|    m_axi   |          gmem_token         |    pointer   |
|m_axi_gmem_token_ARQOS     | out |    4|    m_axi   |          gmem_token         |    pointer   |
|m_axi_gmem_token_ARREGION  | out |    4|    m_axi   |          gmem_token         |    pointer   |
|m_axi_gmem_token_ARUSER    | out |    1|    m_axi   |          gmem_token         |    pointer   |
|m_axi_gmem_token_RVALID    |  in |    1|    m_axi   |          gmem_token         |    pointer   |
|m_axi_gmem_token_RREADY    | out |    1|    m_axi   |          gmem_token         |    pointer   |
|m_axi_gmem_token_RDATA     |  in |   32|    m_axi   |          gmem_token         |    pointer   |
|m_axi_gmem_token_RLAST     |  in |    1|    m_axi   |          gmem_token         |    pointer   |
|m_axi_gmem_token_RID       |  in |    1|    m_axi   |          gmem_token         |    pointer   |
|m_axi_gmem_token_RUSER     |  in |    1|    m_axi   |          gmem_token         |    pointer   |
|m_axi_gmem_token_RRESP     |  in |    2|    m_axi   |          gmem_token         |    pointer   |
|m_axi_gmem_token_BVALID    |  in |    1|    m_axi   |          gmem_token         |    pointer   |
|m_axi_gmem_token_BREADY    | out |    1|    m_axi   |          gmem_token         |    pointer   |
|m_axi_gmem_token_BRESP     |  in |    2|    m_axi   |          gmem_token         |    pointer   |
|m_axi_gmem_token_BID       |  in |    1|    m_axi   |          gmem_token         |    pointer   |
|m_axi_gmem_token_BUSER     |  in |    1|    m_axi   |          gmem_token         |    pointer   |
|m_axi_gmem_param_AWVALID   | out |    1|    m_axi   |          gmem_param         |    pointer   |
|m_axi_gmem_param_AWREADY   |  in |    1|    m_axi   |          gmem_param         |    pointer   |
|m_axi_gmem_param_AWADDR    | out |   64|    m_axi   |          gmem_param         |    pointer   |
|m_axi_gmem_param_AWID      | out |    1|    m_axi   |          gmem_param         |    pointer   |
|m_axi_gmem_param_AWLEN     | out |    8|    m_axi   |          gmem_param         |    pointer   |
|m_axi_gmem_param_AWSIZE    | out |    3|    m_axi   |          gmem_param         |    pointer   |
|m_axi_gmem_param_AWBURST   | out |    2|    m_axi   |          gmem_param         |    pointer   |
|m_axi_gmem_param_AWLOCK    | out |    2|    m_axi   |          gmem_param         |    pointer   |
|m_axi_gmem_param_AWCACHE   | out |    4|    m_axi   |          gmem_param         |    pointer   |
|m_axi_gmem_param_AWPROT    | out |    3|    m_axi   |          gmem_param         |    pointer   |
|m_axi_gmem_param_AWQOS     | out |    4|    m_axi   |          gmem_param         |    pointer   |
|m_axi_gmem_param_AWREGION  | out |    4|    m_axi   |          gmem_param         |    pointer   |
|m_axi_gmem_param_AWUSER    | out |    1|    m_axi   |          gmem_param         |    pointer   |
|m_axi_gmem_param_WVALID    | out |    1|    m_axi   |          gmem_param         |    pointer   |
|m_axi_gmem_param_WREADY    |  in |    1|    m_axi   |          gmem_param         |    pointer   |
|m_axi_gmem_param_WDATA     | out |   32|    m_axi   |          gmem_param         |    pointer   |
|m_axi_gmem_param_WSTRB     | out |    4|    m_axi   |          gmem_param         |    pointer   |
|m_axi_gmem_param_WLAST     | out |    1|    m_axi   |          gmem_param         |    pointer   |
|m_axi_gmem_param_WID       | out |    1|    m_axi   |          gmem_param         |    pointer   |
|m_axi_gmem_param_WUSER     | out |    1|    m_axi   |          gmem_param         |    pointer   |
|m_axi_gmem_param_ARVALID   | out |    1|    m_axi   |          gmem_param         |    pointer   |
|m_axi_gmem_param_ARREADY   |  in |    1|    m_axi   |          gmem_param         |    pointer   |
|m_axi_gmem_param_ARADDR    | out |   64|    m_axi   |          gmem_param         |    pointer   |
|m_axi_gmem_param_ARID      | out |    1|    m_axi   |          gmem_param         |    pointer   |
|m_axi_gmem_param_ARLEN     | out |    8|    m_axi   |          gmem_param         |    pointer   |
|m_axi_gmem_param_ARSIZE    | out |    3|    m_axi   |          gmem_param         |    pointer   |
|m_axi_gmem_param_ARBURST   | out |    2|    m_axi   |          gmem_param         |    pointer   |
|m_axi_gmem_param_ARLOCK    | out |    2|    m_axi   |          gmem_param         |    pointer   |
|m_axi_gmem_param_ARCACHE   | out |    4|    m_axi   |          gmem_param         |    pointer   |
|m_axi_gmem_param_ARPROT    | out |    3|    m_axi   |          gmem_param         |    pointer   |
|m_axi_gmem_param_ARQOS     | out |    4|    m_axi   |          gmem_param         |    pointer   |
|m_axi_gmem_param_ARREGION  | out |    4|    m_axi   |          gmem_param         |    pointer   |
|m_axi_gmem_param_ARUSER    | out |    1|    m_axi   |          gmem_param         |    pointer   |
|m_axi_gmem_param_RVALID    |  in |    1|    m_axi   |          gmem_param         |    pointer   |
|m_axi_gmem_param_RREADY    | out |    1|    m_axi   |          gmem_param         |    pointer   |
|m_axi_gmem_param_RDATA     |  in |   32|    m_axi   |          gmem_param         |    pointer   |
|m_axi_gmem_param_RLAST     |  in |    1|    m_axi   |          gmem_param         |    pointer   |
|m_axi_gmem_param_RID       |  in |    1|    m_axi   |          gmem_param         |    pointer   |
|m_axi_gmem_param_RUSER     |  in |    1|    m_axi   |          gmem_param         |    pointer   |
|m_axi_gmem_param_RRESP     |  in |    2|    m_axi   |          gmem_param         |    pointer   |
|m_axi_gmem_param_BVALID    |  in |    1|    m_axi   |          gmem_param         |    pointer   |
|m_axi_gmem_param_BREADY    | out |    1|    m_axi   |          gmem_param         |    pointer   |
|m_axi_gmem_param_BRESP     |  in |    2|    m_axi   |          gmem_param         |    pointer   |
|m_axi_gmem_param_BID       |  in |    1|    m_axi   |          gmem_param         |    pointer   |
|m_axi_gmem_param_BUSER     |  in |    1|    m_axi   |          gmem_param         |    pointer   |
|m_axi_gmem_qkvw_AWVALID    | out |    1|    m_axi   |          gmem_qkvw          |    pointer   |
|m_axi_gmem_qkvw_AWREADY    |  in |    1|    m_axi   |          gmem_qkvw          |    pointer   |
|m_axi_gmem_qkvw_AWADDR     | out |   64|    m_axi   |          gmem_qkvw          |    pointer   |
|m_axi_gmem_qkvw_AWID       | out |    1|    m_axi   |          gmem_qkvw          |    pointer   |
|m_axi_gmem_qkvw_AWLEN      | out |    8|    m_axi   |          gmem_qkvw          |    pointer   |
|m_axi_gmem_qkvw_AWSIZE     | out |    3|    m_axi   |          gmem_qkvw          |    pointer   |
|m_axi_gmem_qkvw_AWBURST    | out |    2|    m_axi   |          gmem_qkvw          |    pointer   |
|m_axi_gmem_qkvw_AWLOCK     | out |    2|    m_axi   |          gmem_qkvw          |    pointer   |
|m_axi_gmem_qkvw_AWCACHE    | out |    4|    m_axi   |          gmem_qkvw          |    pointer   |
|m_axi_gmem_qkvw_AWPROT     | out |    3|    m_axi   |          gmem_qkvw          |    pointer   |
|m_axi_gmem_qkvw_AWQOS      | out |    4|    m_axi   |          gmem_qkvw          |    pointer   |
|m_axi_gmem_qkvw_AWREGION   | out |    4|    m_axi   |          gmem_qkvw          |    pointer   |
|m_axi_gmem_qkvw_AWUSER     | out |    1|    m_axi   |          gmem_qkvw          |    pointer   |
|m_axi_gmem_qkvw_WVALID     | out |    1|    m_axi   |          gmem_qkvw          |    pointer   |
|m_axi_gmem_qkvw_WREADY     |  in |    1|    m_axi   |          gmem_qkvw          |    pointer   |
|m_axi_gmem_qkvw_WDATA      | out |   32|    m_axi   |          gmem_qkvw          |    pointer   |
|m_axi_gmem_qkvw_WSTRB      | out |    4|    m_axi   |          gmem_qkvw          |    pointer   |
|m_axi_gmem_qkvw_WLAST      | out |    1|    m_axi   |          gmem_qkvw          |    pointer   |
|m_axi_gmem_qkvw_WID        | out |    1|    m_axi   |          gmem_qkvw          |    pointer   |
|m_axi_gmem_qkvw_WUSER      | out |    1|    m_axi   |          gmem_qkvw          |    pointer   |
|m_axi_gmem_qkvw_ARVALID    | out |    1|    m_axi   |          gmem_qkvw          |    pointer   |
|m_axi_gmem_qkvw_ARREADY    |  in |    1|    m_axi   |          gmem_qkvw          |    pointer   |
|m_axi_gmem_qkvw_ARADDR     | out |   64|    m_axi   |          gmem_qkvw          |    pointer   |
|m_axi_gmem_qkvw_ARID       | out |    1|    m_axi   |          gmem_qkvw          |    pointer   |
|m_axi_gmem_qkvw_ARLEN      | out |    8|    m_axi   |          gmem_qkvw          |    pointer   |
|m_axi_gmem_qkvw_ARSIZE     | out |    3|    m_axi   |          gmem_qkvw          |    pointer   |
|m_axi_gmem_qkvw_ARBURST    | out |    2|    m_axi   |          gmem_qkvw          |    pointer   |
|m_axi_gmem_qkvw_ARLOCK     | out |    2|    m_axi   |          gmem_qkvw          |    pointer   |
|m_axi_gmem_qkvw_ARCACHE    | out |    4|    m_axi   |          gmem_qkvw          |    pointer   |
|m_axi_gmem_qkvw_ARPROT     | out |    3|    m_axi   |          gmem_qkvw          |    pointer   |
|m_axi_gmem_qkvw_ARQOS      | out |    4|    m_axi   |          gmem_qkvw          |    pointer   |
|m_axi_gmem_qkvw_ARREGION   | out |    4|    m_axi   |          gmem_qkvw          |    pointer   |
|m_axi_gmem_qkvw_ARUSER     | out |    1|    m_axi   |          gmem_qkvw          |    pointer   |
|m_axi_gmem_qkvw_RVALID     |  in |    1|    m_axi   |          gmem_qkvw          |    pointer   |
|m_axi_gmem_qkvw_RREADY     | out |    1|    m_axi   |          gmem_qkvw          |    pointer   |
|m_axi_gmem_qkvw_RDATA      |  in |   32|    m_axi   |          gmem_qkvw          |    pointer   |
|m_axi_gmem_qkvw_RLAST      |  in |    1|    m_axi   |          gmem_qkvw          |    pointer   |
|m_axi_gmem_qkvw_RID        |  in |    1|    m_axi   |          gmem_qkvw          |    pointer   |
|m_axi_gmem_qkvw_RUSER      |  in |    1|    m_axi   |          gmem_qkvw          |    pointer   |
|m_axi_gmem_qkvw_RRESP      |  in |    2|    m_axi   |          gmem_qkvw          |    pointer   |
|m_axi_gmem_qkvw_BVALID     |  in |    1|    m_axi   |          gmem_qkvw          |    pointer   |
|m_axi_gmem_qkvw_BREADY     | out |    1|    m_axi   |          gmem_qkvw          |    pointer   |
|m_axi_gmem_qkvw_BRESP      |  in |    2|    m_axi   |          gmem_qkvw          |    pointer   |
|m_axi_gmem_qkvw_BID        |  in |    1|    m_axi   |          gmem_qkvw          |    pointer   |
|m_axi_gmem_qkvw_BUSER      |  in |    1|    m_axi   |          gmem_qkvw          |    pointer   |
|m_axi_gmem_attnw_AWVALID   | out |    1|    m_axi   |          gmem_attnw         |    pointer   |
|m_axi_gmem_attnw_AWREADY   |  in |    1|    m_axi   |          gmem_attnw         |    pointer   |
|m_axi_gmem_attnw_AWADDR    | out |   64|    m_axi   |          gmem_attnw         |    pointer   |
|m_axi_gmem_attnw_AWID      | out |    1|    m_axi   |          gmem_attnw         |    pointer   |
|m_axi_gmem_attnw_AWLEN     | out |    8|    m_axi   |          gmem_attnw         |    pointer   |
|m_axi_gmem_attnw_AWSIZE    | out |    3|    m_axi   |          gmem_attnw         |    pointer   |
|m_axi_gmem_attnw_AWBURST   | out |    2|    m_axi   |          gmem_attnw         |    pointer   |
|m_axi_gmem_attnw_AWLOCK    | out |    2|    m_axi   |          gmem_attnw         |    pointer   |
|m_axi_gmem_attnw_AWCACHE   | out |    4|    m_axi   |          gmem_attnw         |    pointer   |
|m_axi_gmem_attnw_AWPROT    | out |    3|    m_axi   |          gmem_attnw         |    pointer   |
|m_axi_gmem_attnw_AWQOS     | out |    4|    m_axi   |          gmem_attnw         |    pointer   |
|m_axi_gmem_attnw_AWREGION  | out |    4|    m_axi   |          gmem_attnw         |    pointer   |
|m_axi_gmem_attnw_AWUSER    | out |    1|    m_axi   |          gmem_attnw         |    pointer   |
|m_axi_gmem_attnw_WVALID    | out |    1|    m_axi   |          gmem_attnw         |    pointer   |
|m_axi_gmem_attnw_WREADY    |  in |    1|    m_axi   |          gmem_attnw         |    pointer   |
|m_axi_gmem_attnw_WDATA     | out |   32|    m_axi   |          gmem_attnw         |    pointer   |
|m_axi_gmem_attnw_WSTRB     | out |    4|    m_axi   |          gmem_attnw         |    pointer   |
|m_axi_gmem_attnw_WLAST     | out |    1|    m_axi   |          gmem_attnw         |    pointer   |
|m_axi_gmem_attnw_WID       | out |    1|    m_axi   |          gmem_attnw         |    pointer   |
|m_axi_gmem_attnw_WUSER     | out |    1|    m_axi   |          gmem_attnw         |    pointer   |
|m_axi_gmem_attnw_ARVALID   | out |    1|    m_axi   |          gmem_attnw         |    pointer   |
|m_axi_gmem_attnw_ARREADY   |  in |    1|    m_axi   |          gmem_attnw         |    pointer   |
|m_axi_gmem_attnw_ARADDR    | out |   64|    m_axi   |          gmem_attnw         |    pointer   |
|m_axi_gmem_attnw_ARID      | out |    1|    m_axi   |          gmem_attnw         |    pointer   |
|m_axi_gmem_attnw_ARLEN     | out |    8|    m_axi   |          gmem_attnw         |    pointer   |
|m_axi_gmem_attnw_ARSIZE    | out |    3|    m_axi   |          gmem_attnw         |    pointer   |
|m_axi_gmem_attnw_ARBURST   | out |    2|    m_axi   |          gmem_attnw         |    pointer   |
|m_axi_gmem_attnw_ARLOCK    | out |    2|    m_axi   |          gmem_attnw         |    pointer   |
|m_axi_gmem_attnw_ARCACHE   | out |    4|    m_axi   |          gmem_attnw         |    pointer   |
|m_axi_gmem_attnw_ARPROT    | out |    3|    m_axi   |          gmem_attnw         |    pointer   |
|m_axi_gmem_attnw_ARQOS     | out |    4|    m_axi   |          gmem_attnw         |    pointer   |
|m_axi_gmem_attnw_ARREGION  | out |    4|    m_axi   |          gmem_attnw         |    pointer   |
|m_axi_gmem_attnw_ARUSER    | out |    1|    m_axi   |          gmem_attnw         |    pointer   |
|m_axi_gmem_attnw_RVALID    |  in |    1|    m_axi   |          gmem_attnw         |    pointer   |
|m_axi_gmem_attnw_RREADY    | out |    1|    m_axi   |          gmem_attnw         |    pointer   |
|m_axi_gmem_attnw_RDATA     |  in |   32|    m_axi   |          gmem_attnw         |    pointer   |
|m_axi_gmem_attnw_RLAST     |  in |    1|    m_axi   |          gmem_attnw         |    pointer   |
|m_axi_gmem_attnw_RID       |  in |    1|    m_axi   |          gmem_attnw         |    pointer   |
|m_axi_gmem_attnw_RUSER     |  in |    1|    m_axi   |          gmem_attnw         |    pointer   |
|m_axi_gmem_attnw_RRESP     |  in |    2|    m_axi   |          gmem_attnw         |    pointer   |
|m_axi_gmem_attnw_BVALID    |  in |    1|    m_axi   |          gmem_attnw         |    pointer   |
|m_axi_gmem_attnw_BREADY    | out |    1|    m_axi   |          gmem_attnw         |    pointer   |
|m_axi_gmem_attnw_BRESP     |  in |    2|    m_axi   |          gmem_attnw         |    pointer   |
|m_axi_gmem_attnw_BID       |  in |    1|    m_axi   |          gmem_attnw         |    pointer   |
|m_axi_gmem_attnw_BUSER     |  in |    1|    m_axi   |          gmem_attnw         |    pointer   |
|m_axi_gmem_mlpw_AWVALID    | out |    1|    m_axi   |          gmem_mlpw          |    pointer   |
|m_axi_gmem_mlpw_AWREADY    |  in |    1|    m_axi   |          gmem_mlpw          |    pointer   |
|m_axi_gmem_mlpw_AWADDR     | out |   64|    m_axi   |          gmem_mlpw          |    pointer   |
|m_axi_gmem_mlpw_AWID       | out |    1|    m_axi   |          gmem_mlpw          |    pointer   |
|m_axi_gmem_mlpw_AWLEN      | out |    8|    m_axi   |          gmem_mlpw          |    pointer   |
|m_axi_gmem_mlpw_AWSIZE     | out |    3|    m_axi   |          gmem_mlpw          |    pointer   |
|m_axi_gmem_mlpw_AWBURST    | out |    2|    m_axi   |          gmem_mlpw          |    pointer   |
|m_axi_gmem_mlpw_AWLOCK     | out |    2|    m_axi   |          gmem_mlpw          |    pointer   |
|m_axi_gmem_mlpw_AWCACHE    | out |    4|    m_axi   |          gmem_mlpw          |    pointer   |
|m_axi_gmem_mlpw_AWPROT     | out |    3|    m_axi   |          gmem_mlpw          |    pointer   |
|m_axi_gmem_mlpw_AWQOS      | out |    4|    m_axi   |          gmem_mlpw          |    pointer   |
|m_axi_gmem_mlpw_AWREGION   | out |    4|    m_axi   |          gmem_mlpw          |    pointer   |
|m_axi_gmem_mlpw_AWUSER     | out |    1|    m_axi   |          gmem_mlpw          |    pointer   |
|m_axi_gmem_mlpw_WVALID     | out |    1|    m_axi   |          gmem_mlpw          |    pointer   |
|m_axi_gmem_mlpw_WREADY     |  in |    1|    m_axi   |          gmem_mlpw          |    pointer   |
|m_axi_gmem_mlpw_WDATA      | out |   32|    m_axi   |          gmem_mlpw          |    pointer   |
|m_axi_gmem_mlpw_WSTRB      | out |    4|    m_axi   |          gmem_mlpw          |    pointer   |
|m_axi_gmem_mlpw_WLAST      | out |    1|    m_axi   |          gmem_mlpw          |    pointer   |
|m_axi_gmem_mlpw_WID        | out |    1|    m_axi   |          gmem_mlpw          |    pointer   |
|m_axi_gmem_mlpw_WUSER      | out |    1|    m_axi   |          gmem_mlpw          |    pointer   |
|m_axi_gmem_mlpw_ARVALID    | out |    1|    m_axi   |          gmem_mlpw          |    pointer   |
|m_axi_gmem_mlpw_ARREADY    |  in |    1|    m_axi   |          gmem_mlpw          |    pointer   |
|m_axi_gmem_mlpw_ARADDR     | out |   64|    m_axi   |          gmem_mlpw          |    pointer   |
|m_axi_gmem_mlpw_ARID       | out |    1|    m_axi   |          gmem_mlpw          |    pointer   |
|m_axi_gmem_mlpw_ARLEN      | out |    8|    m_axi   |          gmem_mlpw          |    pointer   |
|m_axi_gmem_mlpw_ARSIZE     | out |    3|    m_axi   |          gmem_mlpw          |    pointer   |
|m_axi_gmem_mlpw_ARBURST    | out |    2|    m_axi   |          gmem_mlpw          |    pointer   |
|m_axi_gmem_mlpw_ARLOCK     | out |    2|    m_axi   |          gmem_mlpw          |    pointer   |
|m_axi_gmem_mlpw_ARCACHE    | out |    4|    m_axi   |          gmem_mlpw          |    pointer   |
|m_axi_gmem_mlpw_ARPROT     | out |    3|    m_axi   |          gmem_mlpw          |    pointer   |
|m_axi_gmem_mlpw_ARQOS      | out |    4|    m_axi   |          gmem_mlpw          |    pointer   |
|m_axi_gmem_mlpw_ARREGION   | out |    4|    m_axi   |          gmem_mlpw          |    pointer   |
|m_axi_gmem_mlpw_ARUSER     | out |    1|    m_axi   |          gmem_mlpw          |    pointer   |
|m_axi_gmem_mlpw_RVALID     |  in |    1|    m_axi   |          gmem_mlpw          |    pointer   |
|m_axi_gmem_mlpw_RREADY     | out |    1|    m_axi   |          gmem_mlpw          |    pointer   |
|m_axi_gmem_mlpw_RDATA      |  in |   32|    m_axi   |          gmem_mlpw          |    pointer   |
|m_axi_gmem_mlpw_RLAST      |  in |    1|    m_axi   |          gmem_mlpw          |    pointer   |
|m_axi_gmem_mlpw_RID        |  in |    1|    m_axi   |          gmem_mlpw          |    pointer   |
|m_axi_gmem_mlpw_RUSER      |  in |    1|    m_axi   |          gmem_mlpw          |    pointer   |
|m_axi_gmem_mlpw_RRESP      |  in |    2|    m_axi   |          gmem_mlpw          |    pointer   |
|m_axi_gmem_mlpw_BVALID     |  in |    1|    m_axi   |          gmem_mlpw          |    pointer   |
|m_axi_gmem_mlpw_BREADY     | out |    1|    m_axi   |          gmem_mlpw          |    pointer   |
|m_axi_gmem_mlpw_BRESP      |  in |    2|    m_axi   |          gmem_mlpw          |    pointer   |
|m_axi_gmem_mlpw_BID        |  in |    1|    m_axi   |          gmem_mlpw          |    pointer   |
|m_axi_gmem_mlpw_BUSER      |  in |    1|    m_axi   |          gmem_mlpw          |    pointer   |
|m_axi_gmem_out_AWVALID     | out |    1|    m_axi   |           gmem_out          |    pointer   |
|m_axi_gmem_out_AWREADY     |  in |    1|    m_axi   |           gmem_out          |    pointer   |
|m_axi_gmem_out_AWADDR      | out |   64|    m_axi   |           gmem_out          |    pointer   |
|m_axi_gmem_out_AWID        | out |    1|    m_axi   |           gmem_out          |    pointer   |
|m_axi_gmem_out_AWLEN       | out |    8|    m_axi   |           gmem_out          |    pointer   |
|m_axi_gmem_out_AWSIZE      | out |    3|    m_axi   |           gmem_out          |    pointer   |
|m_axi_gmem_out_AWBURST     | out |    2|    m_axi   |           gmem_out          |    pointer   |
|m_axi_gmem_out_AWLOCK      | out |    2|    m_axi   |           gmem_out          |    pointer   |
|m_axi_gmem_out_AWCACHE     | out |    4|    m_axi   |           gmem_out          |    pointer   |
|m_axi_gmem_out_AWPROT      | out |    3|    m_axi   |           gmem_out          |    pointer   |
|m_axi_gmem_out_AWQOS       | out |    4|    m_axi   |           gmem_out          |    pointer   |
|m_axi_gmem_out_AWREGION    | out |    4|    m_axi   |           gmem_out          |    pointer   |
|m_axi_gmem_out_AWUSER      | out |    1|    m_axi   |           gmem_out          |    pointer   |
|m_axi_gmem_out_WVALID      | out |    1|    m_axi   |           gmem_out          |    pointer   |
|m_axi_gmem_out_WREADY      |  in |    1|    m_axi   |           gmem_out          |    pointer   |
|m_axi_gmem_out_WDATA       | out |   32|    m_axi   |           gmem_out          |    pointer   |
|m_axi_gmem_out_WSTRB       | out |    4|    m_axi   |           gmem_out          |    pointer   |
|m_axi_gmem_out_WLAST       | out |    1|    m_axi   |           gmem_out          |    pointer   |
|m_axi_gmem_out_WID         | out |    1|    m_axi   |           gmem_out          |    pointer   |
|m_axi_gmem_out_WUSER       | out |    1|    m_axi   |           gmem_out          |    pointer   |
|m_axi_gmem_out_ARVALID     | out |    1|    m_axi   |           gmem_out          |    pointer   |
|m_axi_gmem_out_ARREADY     |  in |    1|    m_axi   |           gmem_out          |    pointer   |
|m_axi_gmem_out_ARADDR      | out |   64|    m_axi   |           gmem_out          |    pointer   |
|m_axi_gmem_out_ARID        | out |    1|    m_axi   |           gmem_out          |    pointer   |
|m_axi_gmem_out_ARLEN       | out |    8|    m_axi   |           gmem_out          |    pointer   |
|m_axi_gmem_out_ARSIZE      | out |    3|    m_axi   |           gmem_out          |    pointer   |
|m_axi_gmem_out_ARBURST     | out |    2|    m_axi   |           gmem_out          |    pointer   |
|m_axi_gmem_out_ARLOCK      | out |    2|    m_axi   |           gmem_out          |    pointer   |
|m_axi_gmem_out_ARCACHE     | out |    4|    m_axi   |           gmem_out          |    pointer   |
|m_axi_gmem_out_ARPROT      | out |    3|    m_axi   |           gmem_out          |    pointer   |
|m_axi_gmem_out_ARQOS       | out |    4|    m_axi   |           gmem_out          |    pointer   |
|m_axi_gmem_out_ARREGION    | out |    4|    m_axi   |           gmem_out          |    pointer   |
|m_axi_gmem_out_ARUSER      | out |    1|    m_axi   |           gmem_out          |    pointer   |
|m_axi_gmem_out_RVALID      |  in |    1|    m_axi   |           gmem_out          |    pointer   |
|m_axi_gmem_out_RREADY      | out |    1|    m_axi   |           gmem_out          |    pointer   |
|m_axi_gmem_out_RDATA       |  in |   32|    m_axi   |           gmem_out          |    pointer   |
|m_axi_gmem_out_RLAST       |  in |    1|    m_axi   |           gmem_out          |    pointer   |
|m_axi_gmem_out_RID         |  in |    1|    m_axi   |           gmem_out          |    pointer   |
|m_axi_gmem_out_RUSER       |  in |    1|    m_axi   |           gmem_out          |    pointer   |
|m_axi_gmem_out_RRESP       |  in |    2|    m_axi   |           gmem_out          |    pointer   |
|m_axi_gmem_out_BVALID      |  in |    1|    m_axi   |           gmem_out          |    pointer   |
|m_axi_gmem_out_BREADY      | out |    1|    m_axi   |           gmem_out          |    pointer   |
|m_axi_gmem_out_BRESP       |  in |    2|    m_axi   |           gmem_out          |    pointer   |
|m_axi_gmem_out_BID         |  in |    1|    m_axi   |           gmem_out          |    pointer   |
|m_axi_gmem_out_BUSER       |  in |    1|    m_axi   |           gmem_out          |    pointer   |
+---------------------------+-----+-----+------------+-----------------------------+--------------+

